ID;cuenca;year;month;n_transacciones;dec_esc;c_minera;caudal_transado;estival;pp_max;qm3_max;lon;lat;dummy_mina;dummy_escasez;log_puf_mean;SPI;log_puf_mean_lag;dummy_dec_esc_lag;caudal_dummy_escasez;escenario
1;44;2005;2;0;0;0;0,1;1;0;0,352;269252,0606;6645413,775;0;0;4,560947102;0;4,560947102;0;0;base
2;44;2005;3;0;0;0;0,1;1;1,73730083;0,274;269252,0606;6645413,775;0;0;4,560947102;0,158268771;4,560947102;0;0;base
3;44;2005;4;0;0;0;0,1;0;0;0,257;269252,0606;6645413,775;0;0;4,560947102;0;4,560947102;0;0;base
120;45;2005;2;0;0;0;4,1;1;1,242798243;0,224787879;320756,3223;6594510,657;0;0;4,910546583;-0,869100046;4,910546583;0;0;base
121;45;2005;3;0;0;0;4,1;1;35,34997552;0,264818182;320756,3223;6594510,657;0;0;4,910546583;1,647069464;4,910546583;0;0;base
122;45;2005;4;0;0;0;4,1;0;10,85628744;0,257909091;320756,3223;6594510,657;0;0;4,910546583;0,159615541;4,910546583;0;0;base
239;47;2005;2;0;0;0;1,0102156;1;0,02052736;0,549230769;318973,2185;6494678,62;0;0;5,379284593;-1,820352048;5,379284593;0;0;base
240;47;2005;3;0;0;0;1,0102156;1;29,14720746;0,618;318973,2185;6494678,62;0;0;5,379284593;1,748766972;5,379284593;0;0;base
241;47;2005;4;0;0;0;1,0102156;0;6,672504657;0,649153846;318973,2185;6494678,62;0;0;5,379284593;0,086686417;5,379284593;0;0;base
358;48;2005;2;0;0;0;1,2;1;0;0,003;279017,7907;6472141,879;0;0;4,602544357;0;4,602544357;0;0;base
359;48;2005;3;0;0;0;1,2;1;12,62969857;0,006333333;279017,7907;6472141,879;0;0;4,602544357;0,361922565;4,602544357;0;0;base
360;48;2005;4;0;0;0;1,2;0;1,64685204;0,010666667;279017,7907;6472141,879;0;0;4,602544357;-0,91332053;4,602544357;0;0;base
477;51;2005;2;0;0;0;2,5;1;0,000647497;0,1434;315654,723;6433715,872;0;0;4,668043666;-2,639787134;4,668043666;0;0;base
478;51;2005;3;0;0;0;2,5;1;30,97018267;0,15;315654,723;6433715,872;0;0;4,668043666;1,501164443;4,668043666;0;0;base
479;51;2005;4;0;0;0;2,5;0;4,74602211;0,098;315654,723;6433715,872;0;0;4,668043666;-0,370671786;4,668043666;0;0;base
596;52;2005;2;0;0;0;6,2501;1;0,000131567;0,193333333;321601,7251;6409548,844;0;0;5,120246901;-3,097035113;5,120246901;0;0;base
597;52;2005;3;0;0;0;6,2501;1;27,33125836;0,201;321601,7251;6409548,844;0;0;5,120246901;1,356415718;5,120246901;0;0;base
598;52;2005;4;0;0;0;6,2501;0;5,364973307;0,163;321601,7251;6409548,844;0;0;5,120246901;-0,37278737;5,120246901;0;0;base
715;53;2005;2;0;0;0;11,24686667;1;0;0,012;276406,0805;6383100,075;0;0;1,028414233;0;1,028414233;0;0;base
716;53;2005;3;0;0;0;11,24686667;1;9,7788873;0,011;276406,0805;6383100,075;0;0;1,028414233;0,560114989;1,028414233;0;0;base
717;53;2005;4;0;0;0;11,24686667;0;2,2142345;0,011;276406,0805;6383100,075;0;0;1,028414233;-0,676214281;1,028414233;0;0;base
834;54;2005;2;0;0;0;2,836707969;1;0,622400453;1,943923077;344556,3868;6372956,136;0;0;6,006970656;-0,954124682;6,006970656;0;0;base
835;54;2005;3;0;0;0;2,836707969;1;31,74421766;1,707076923;344556,3868;6372956,136;0;0;6,006970656;1,896519221;6,006970656;0;0;base
836;54;2005;4;0;0;0;2,836707969;0;11,86854542;1,1775;344556,3868;6372956,136;0;0;6,006970656;0,12246839;6,006970656;0;0;base
953;55;2005;2;0;0;0;8,0114;1;0,732049668;16,1763913;269807,3844;6315109,157;0;0;7,001109047;-1,088873762;7,001109047;0;0;base
954;55;2005;3;0;0;0;8,0114;1;38,8926179;13,8373913;269807,3844;6315109,157;0;0;7,001109047;1,70205742;7,001109047;0;0;base
955;55;2005;4;0;0;0;8,0114;0;18,97664272;10,82465217;269807,3844;6315109,157;0;0;7,001109047;-0,255429021;7,001109047;0;0;base
1072;57;2005;2;0;0;0;6,7;1;0,732049668;16,1763913;351939,7258;6283636,359;0;0;4,463297299;-1,088873762;4,463297299;0;0;base
1073;57;2005;3;1;0;0;6,7;1;38,8926179;13,8373913;351939,7258;6283636,359;0;0;4,463297299;1,70205742;4,463297299;0;0;base
1074;57;2005;4;0;0;0;3,433333334;0;18,97664272;10,82465217;351939,7258;6283636,359;0;0;4,106366402;-0,255429021;4,463297299;0;0;base
1191;60;2005;2;0;0;0;60;1;0,00562216;10,16215;323883,3901;6190201,379;0;0;4,02149697;-2,317174835;4,02149697;0;0;base
1192;60;2005;3;0;0;0;60;1;29,08946851;7,88085;323883,3901;6190201,379;0;0;4,02149697;0,942440776;4,02149697;0;0;base
1193;60;2005;4;0;0;0;60;0;23,28646283;4,39735;323883,3901;6190201,379;0;0;4,02149697;-0,632618132;4,02149697;0;0;base
1310;71;2005;2;0;0;0;31;1;0,00017296;12,52155556;309426,6977;6110482,181;0;0;3,836560741;-3,052445798;3,836560741;0;0;base
1311;71;2005;3;0;0;0;31;1;28,33980012;12,015;309426,6977;6110482,181;0;0;3,836560741;0,471323023;3,836560741;0;0;base
1312;71;2005;4;0;0;0;31;0;25,25972656;8,735555556;309426,6977;6110482,181;0;0;3,836560741;-0,750566061;3,836560741;0;0;base
1429;81;2005;2;0;0;0;13,225;1;0;5,169038462;236796,9474;5931893,018;0;0;2,742392264;0;2,742392264;0;0;base
1430;81;2005;3;0;0;0;13,225;1;36,0846843;5,303038462;236796,9474;5931893,018;0;0;2,742392264;0,157072689;2,742392264;0;0;base
1431;81;2005;4;0;0;0;13,225;0;22,18270804;6,065538462;236796,9474;5931893,018;0;0;2,742392264;-1,266305905;2,742392264;0;0;base
1548;83;2005;2;0;0;0;11,9045;1;3,047231641;26,71702703;238842,9699;5819516,108;0;0;2,579617166;-1,361615664;2,579617166;0;0;base
1549;83;2005;3;0;0;0;11,9045;1;61,76666486;25,0177027;238842,9699;5819516,108;0;0;2,579617166;0,254763153;2,579617166;0;0;base
1550;83;2005;4;0;0;0;11,9045;0;43,6656262;23,77105405;238842,9699;5819516,108;0;0;2,579617166;-1,074152768;2,579617166;0;0;base
1667;101;2005;2;0;0;0;4,31372549;1;6,360441548;23,18553846;196471,5747;5594635,437;0;0;3,681681761;-1,766525343;3,681681761;0;0;base
1668;101;2005;3;0;0;0;4,31372549;1;117,4198183;23,03269231;196471,5747;5594635,437;0;0;3,681681761;0,458863059;3,681681761;0;0;base
1669;101;2005;4;0;0;0;4,31372549;0;94,32754005;25,128;196471,5747;5594635,437;0;0;3,681681761;-0,892588804;3,681681761;0;0;base
1786;103;2005;2;0;0;0;1400;1;16,86192559;29,17477778;186695,3928;5505964,756;0;0;0,138125044;-1,784225737;0,138125044;0;0;base
1787;103;2005;3;0;0;0;1400;1;176,1665689;31,52972222;186695,3928;5505964,756;0;0;0,138125044;1,053713243;0,138125044;0;0;base
1788;103;2005;4;0;0;0;1400;0;144,8703914;36,48672222;186695,3928;5505964,756;0;0;0,138125044;-0,5037421;0,138125044;0;0;base
4;44;2005;5;0;0;0;0,1;0;36,4376557;0,419;269252,0606;6645413,775;0;0;4,560947102;0,937256079;4,560947102;0;0;base
123;45;2005;5;0;0;0;4,1;0;71,00194827;0,728939394;320756,3223;6594510,657;0;0;4,910546583;0,894788805;4,910546583;0;0;base
242;47;2005;5;0;0;0;1,0102156;0;53,54616871;1,548384615;318973,2185;6494678,62;0;0;5,379284593;0,551916561;5,379284593;0;0;base
361;48;2005;5;0;0;0;1,2;0;50,61277033;0,028666667;279017,7907;6472141,879;0;0;4,602544357;0,287777817;4,602544357;0;0;base
480;51;2005;5;0;0;0;2,5;0;58,34892216;0,2254;315654,723;6433715,872;0;0;4,668043666;0,370465072;4,668043666;0;0;base
599;52;2005;5;0;0;0;6,2501;0;60,00789907;0,159666667;321601,7251;6409548,844;0;0;5,120246901;0,395079333;5,120246901;0;0;base
718;53;2005;5;0;0;0;11,24686667;0;96,6001558;0,011;276406,0805;6383100,075;0;0;1,028414233;0,571467506;1,028414233;0;0;base
837;54;2005;5;0;0;0;2,836707969;0;72,42751031;1,596461538;344556,3868;6372956,136;0;0;6,006970656;0,437308786;6,006970656;0;0;base
956;55;2005;5;0;0;0;8,0114;0;152,9780097;13,58826087;269807,3844;6315109,157;0;0;7,001109047;0,750561691;7,001109047;0;0;base
1075;57;2005;5;1;0;0;0,166666667;0;152,9780097;13,58826087;351939,7258;6283636,359;0;0;3,546110443;0,750561691;4,106366402;0;0;base
1194;60;2005;5;0;0;0;60;0;391,2344664;14,5899;323883,3901;6190201,379;0;0;4,02149697;1,176327441;4,02149697;0;0;base
1313;71;2005;5;0;0;0;31;0;581,1265233;35,50055556;309426,6977;6110482,181;0;0;3,836560741;1,331762317;3,836560741;0;0;base
1432;81;2005;5;0;0;0;13,225;0;552,2424011;36,37026923;236796,9474;5931893,018;0;0;2,742392264;1,126830339;2,742392264;0;0;base
1551;83;2005;5;0;0;0;11,9045;0;591,2625129;92,44432432;238842,9699;5819516,108;0;0;2,579617166;1,161966047;2,579617166;0;0;base
1670;101;2005;5;0;0;0;4,31372549;0;666,8024518;128,7378462;196471,5747;5594635,437;0;0;3,681681761;1,647198008;3,681681761;0;0;base
1789;103;2005;5;0;0;0;1400;0;631,641152;117,7016667;186695,3928;5505964,756;0;0;0,138125044;1,774278425;0,138125044;0;0;base
5;44;2005;6;0;0;0;0,1;0;0,16542565;0,441;269252,0606;6645413,775;0;0;4,560947102;-1,587713126;4,560947102;0;0;base
243;47;2005;6;0;0;0;1,0102156;0;124,0966765;3,499230769;318973,2185;6494678,62;0;0;5,379284593;0,868438314;5,379284593;0;0;base
362;48;2005;6;0;0;0;1,2;0;82,67997094;0,018333333;279017,7907;6472141,879;0;0;4,602544357;0,329202836;4,602544357;0;0;base
481;51;2005;6;0;0;0;2,5;0;136,7747416;0,4998;315654,723;6433715,872;0;0;4,668043666;0,792789352;4,668043666;0;0;base
600;52;2005;6;0;0;0;6,2501;0;133,2192074;0,470666667;321601,7251;6409548,844;0;0;5,120246901;0,777891963;5,120246901;0;0;base
719;53;2005;6;0;0;0;11,24686667;0;133,658057;0,011;276406,0805;6383100,075;0;0;1,028414233;0,571573265;1,028414233;0;0;base
838;54;2005;6;0;0;0;2,836707969;0;219,0286146;4,406846154;344556,3868;6372956,136;0;0;6,006970656;1,165709988;6,006970656;0;0;base
957;55;2005;6;0;0;0;8,0114;0;320,7190029;30,45508696;269807,3844;6315109,157;0;0;7,001109047;1,311872418;7,001109047;0;0;base
1076;57;2005;6;0;0;0;0,483333334;0;320,7190029;30,45508696;351939,7258;6283636,359;0;0;5,474749348;1,311872418;3,546110443;0;0;base
1195;60;2005;6;0;0;0;60;0;547,8612088;48,5034;323883,3901;6190201,379;0;0;4,02149697;1,393664431;4,02149697;0;0;base
1314;71;2005;6;0;0;0;31;0;665,8572308;121,854;309426,6977;6110482,181;0;0;3,836560741;1,269654282;3,836560741;0;0;base
1433;81;2005;6;0;0;0;13,225;0;494,8321063;110,6763846;236796,9474;5931893,018;0;0;2,742392264;0,861483452;2,742392264;0;0;base
1552;83;2005;6;0;0;0;11,9045;0;490,7871384;187,8758378;238842,9699;5819516,108;0;0;2,579617166;0,806200196;2,579617166;0;0;base
1671;101;2005;6;0;0;0;4,31372549;0;489,169818;248,6104615;196471,5747;5594635,437;0;0;3,681681761;0,784532434;3,681681761;0;0;base
1790;103;2005;6;0;0;0;1400;0;423,4038772;168,6796111;186695,3928;5505964,756;0;0;0,138125044;0,659514954;0,138125044;0;0;base
6;44;2005;7;0;0;0;0,1;0;2,21945263;0,393;269252,0606;6645413,775;0;0;4,560947102;-0,968396099;4,560947102;0;0;base
125;45;2005;7;0;0;0;4,720833333;0;10,32831849;0,794272727;320756,3223;6594510,657;0;0;4,871162686;-0,722376538;4,910546583;0;0;base
244;47;2005;7;0;0;0;1,0102156;0;11,76392595;2,489384615;318973,2185;6494678,62;0;0;5,379284593;-0,648475043;5,379284593;0;0;base
363;48;2005;7;0;0;0;1,2;0;24,89861056;0,015666667;279017,7907;6472141,879;0;0;4,602544357;-0,5707993;4,602544357;0;0;base
482;51;2005;7;0;0;0;2,5;0;25,23195024;0,3538;315654,723;6433715,872;0;0;4,668043666;-0,526226025;4,668043666;0;0;base
601;52;2005;7;0;0;0;6,2501;0;34,60757171;0,307333333;321601,7251;6409548,844;0;0;5,120246901;-0,395221157;5,120246901;0;0;base
720;53;2005;7;0;0;0;11,24686667;0;51,94903547;0,031;276406,0805;6383100,075;0;0;1,028414233;-0,337424844;1,028414233;0;0;base
839;54;2005;7;0;0;0;2,836707969;0;23,45052965;3,117192308;344556,3868;6372956,136;0;0;6,006970656;-0,521990163;6,006970656;0;0;base
958;55;2005;7;0;0;0;8,0114;0;56,25686878;23,17147826;269807,3844;6315109,157;0;0;7,001109047;-0,37207959;7,001109047;0;0;base
1077;57;2005;7;1;0;0;0,8;0;56,25686878;23,17147826;351939,7258;6283636,359;0;0;6,092447561;-0,37207959;5,474749348;0;0;base
1196;60;2005;7;0;0;0;60;0;160,5671408;33,84035;323883,3901;6190201,379;0;0;4,02149697;-0,063033277;4,02149697;0;0;base
1315;71;2005;7;0;0;0;31;0;261,9309697;71,92244444;309426,6977;6110482,181;0;0;3,836560741;0,088276744;3,836560741;0;0;base
1434;81;2005;7;0;0;0;13,225;0;322,0284285;123,7876538;236796,9474;5931893,018;0;0;2,742392264;0,310706398;2,742392264;0;0;base
1553;83;2005;7;0;0;0;11,9045;0;300,8886015;218,4554054;238842,9699;5819516,108;0;0;2,579617166;0,139442341;2,579617166;0;0;base
1672;101;2005;7;0;0;0;4,31372549;0;288,1098615;201,2893077;196471,5747;5594635,437;0;0;3,681681761;-0,211853338;3,681681761;0;0;base
1791;103;2005;7;0;0;0;1400;0;263,2527269;142,4764444;186695,3928;5505964,756;0;0;0,138125044;-0,384328865;0,138125044;0;0;base
7;44;2005;8;0;0;0;0,1;0;27,79208578;0,395;269252,0606;6645413,775;0;0;4,560947102;0,597791915;4,560947102;0;0;base
126;45;2005;8;0;0;0;5,341666667;0;76,1756241;0,837393939;320756,3223;6594510,657;0;0;4,830163879;0,862192118;4,871162686;0;0;base
245;47;2005;8;0;0;0;1,0102156;0;127,1898377;3,146846154;318973,2185;6494678,62;0;0;5,379284593;1,372568284;5,379284593;0;0;base
364;48;2005;8;0;0;0;1,2;0;126,7139913;0,041666667;279017,7907;6472141,879;0;0;4,602544357;1,207848743;4,602544357;0;0;base
483;51;2005;8;0;0;0;2,5;0;159,7493037;3,0986;315654,723;6433715,872;0;0;4,668043666;1,425292325;4,668043666;0;0;base
602;52;2005;8;0;0;0;6,2501;0;152,7099597;0,623333333;321601,7251;6409548,844;0;0;5,120246901;1,446574788;5,120246901;0;0;base
721;53;2005;8;0;0;0;11,24686667;0;138,3514339;0,417;276406,0805;6383100,075;0;0;1,028414233;1,222243309;1,028414233;0;0;base
840;54;2005;8;0;0;0;2,836707969;0;203,9917023;4,503346154;344556,3868;6372956,136;0;0;6,006970656;1,722772853;6,006970656;0;0;base
959;55;2005;8;0;0;0;8,0114;0;301,8970572;32,9743913;269807,3844;6315109,157;0;0;7,001109047;1,850001575;7,001109047;0;0;base
1078;57;2005;8;0;0;0;10,4;0;301,8970572;32,9743913;351939,7258;6283636,359;0;0;5,411996096;1,850001575;6,092447561;0;0;base
1197;60;2005;8;0;0;0;60;0;458,6920924;49,52285;323883,3901;6190201,379;0;0;4,02149697;1,710815893;4,02149697;0;0;base
1316;71;2005;8;0;0;0;31;0;579,7491274;103,5755556;309426,6977;6110482,181;0;0;3,836560741;1,740486158;3,836560741;0;0;base
1435;81;2005;8;0;0;0;13,225;0;421,7079351;122,7285;236796,9474;5931893,018;0;0;2,742392264;1,44644526;2,742392264;0;0;base
1554;83;2005;8;0;0;0;11,9045;0;396,1742743;202,9855405;238842,9699;5819516,108;0;0;2,579617166;1,204533097;2,579617166;0;0;base
1673;101;2005;8;0;0;0;4,31372549;0;349,5221445;162,9196923;196471,5747;5594635,437;0;0;3,681681761;0,533056696;3,681681761;0;0;base
1792;103;2005;8;0;0;0;1400;0;309,4285275;119,1043889;186695,3928;5505964,756;0;0;0,138125044;0,273962384;0,138125044;0;0;base
8;44;2005;9;0;0;0;0,1;0;6,746267117;0,372;269252,0606;6645413,775;0;0;4,560947102;0,538011695;4,560947102;0;0;base
127;45;2005;9;0;0;0;5,9625;0;29,78750122;1,644909091;320756,3223;6594510,657;0;0;4,787412041;0,789681447;4,830163879;0;0;base
246;47;2005;9;0;0;0;1,0102156;0;30,25616509;5,708923077;318973,2185;6494678,62;0;0;5,379284593;0,690439238;5,379284593;0;0;base
365;48;2005;9;0;0;0;1,2;0;31,32325075;0,070666667;279017,7907;6472141,879;0;0;4,602544357;0,459102496;4,602544357;0;0;base
484;51;2005;9;0;0;0;2,5;0;44,51216734;3,5678;315654,723;6433715,872;0;0;4,668043666;0,661596697;4,668043666;0;0;base
603;52;2005;9;0;0;0;6,2501;0;43,52213938;3,692;321601,7251;6409548,844;0;0;5,120246901;0,64442377;5,120246901;0;0;base
722;53;2005;9;0;0;0;11,24686667;0;24,3240037;0,232;276406,0805;6383100,075;0;0;1,028414233;0,066604462;1,028414233;0;0;base
841;54;2005;9;0;0;0;2,836707969;0;26,52497344;5,203538462;344556,3868;6372956,136;0;0;6,006970656;0,164529617;6,006970656;0;0;base
960;55;2005;9;0;0;0;8,0114;0;45,71089529;27,63969565;269807,3844;6315109,157;0;0;7,001109047;-0,122472209;7,001109047;0;0;base
1079;57;2005;9;1;0;0;20;0;45,71089529;27,63969565;351939,7258;6283636,359;0;0;1,732311445;-0,122472209;5,411996096;0;0;base
1198;60;2005;9;0;0;0;60;0;58,34280309;27,8094;323883,3901;6190201,379;0;0;4,02149697;-0,358488297;4,02149697;0;0;base
1317;71;2005;9;0;0;0;31;0;79,77845988;49,24377778;309426,6977;6110482,181;0;0;3,836560741;-0,423677177;3,836560741;0;0;base
1436;81;2005;9;0;0;0;13,225;0;59,7003511;55,37926923;236796,9474;5931893,018;0;0;2,742392264;-0,930724224;2,742392264;0;0;base
1555;83;2005;9;0;0;0;11,9045;0;59,59795405;148,3275405;238842,9699;5819516,108;0;0;2,579617166;-1,282419001;2,579617166;0;0;base
1674;101;2005;9;0;0;0;4,31372549;0;98,21986654;122,4779231;196471,5747;5594635,437;0;0;3,681681761;-1,264175067;3,681681761;0;0;base
1793;103;2005;9;0;0;0;1400;0;104,6410529;77,89483333;186695,3928;5505964,756;0;0;0,138125044;-1,505767284;0,138125044;0;0;base
9;44;2005;10;0;0;0;0,1;1;2,241666094;0,372;269252,0606;6645413,775;0;0;4,560947102;0,457334349;4,560947102;0;0;base
128;45;2005;10;0;0;0;6,583333333;1;13,34663362;2,129454545;320756,3223;6594510,657;0;0;4,742750539;0,842211942;4,787412041;0;0;base
247;47;2005;10;0;0;0;1,0102156;1;11,45295708;9,408769231;318973,2185;6494678,62;0;0;5,379284593;0,636142796;5,379284593;0;0;base
366;48;2005;10;0;0;0;1,2;1;15,01541306;0,041;279017,7907;6472141,879;0;0;4,602544357;0,824401998;4,602544357;0;0;base
485;51;2005;10;0;0;0;2,5;1;26,26230759;3,01;315654,723;6433715,872;0;0;4,668043666;0,888477847;4,668043666;0;0;base
604;52;2005;10;0;0;0;6,2501;1;24,11122175;1,795666667;321601,7251;6409548,844;0;0;5,120246901;0,750996563;5,120246901;0;0;base
723;53;2005;10;0;0;0;11,24686667;1;21,36610995;0,046;276406,0805;6383100,075;0;0;1,028414233;0,730867471;1,028414233;0;0;base
842;54;2005;10;0;0;0;2,836707969;1;10,58754704;7,002384615;344556,3868;6372956,136;0;0;6,006970656;0,401859959;6,006970656;0;0;base
961;55;2005;10;0;0;0;8,0114;1;21,63903797;28,58752174;269807,3844;6315109,157;0;0;7,001109047;0,101540526;7,001109047;0;0;base
1080;57;2005;10;2;0;0;35;1;21,63903797;28,58752174;351939,7258;6283636,359;0;0;4,432308791;0,101540526;1,732311445;0;0;base
1199;60;2005;10;0;0;0;60;1;40,24518935;21,6839;323883,3901;6190201,379;0;0;4,02149697;0,163972185;4,02149697;0;0;base
1318;71;2005;10;0;0;0;31;1;53,76830127;38,08833333;309426,6977;6110482,181;0;0;3,836560741;-0,034495599;3,836560741;0;0;base
1437;81;2005;10;0;0;0;13,225;1;33,62887999;29,86930769;236796,9474;5931893,018;0;0;2,742392264;-0,806340599;2,742392264;0;0;base
1556;83;2005;10;0;0;0;11,9045;1;42,42119068;109,0658919;238842,9699;5819516,108;0;0;2,579617166;-0,956739916;2,579617166;0;0;base
1675;101;2005;10;0;0;0;4,31372549;1;80,40195629;76,084;196471,5747;5594635,437;0;0;3,681681761;-0,784714488;3,681681761;0;0;base
1794;103;2005;10;1;0;0;1400;1;93,78342034;50,25833333;186695,3928;5505964,756;0;0;0,138125044;-0,908613847;0,138125044;0;0;base
10;44;2005;11;0;0;0;0,1;1;0,032852258;0,33;269252,0606;6645413,775;0;0;4,560947102;-0,274210632;4,560947102;0;0;base
129;45;2005;11;0;0;0;7,204166667;1;0,601442281;3,739666667;320756,3223;6594510,657;0;0;4,696000757;-0,39821941;4,742750539;0;0;base
248;47;2005;11;0;0;0;1,0102156;1;4,302867364;22,94084615;318973,2185;6494678,62;0;0;5,379284593;0,564761629;5,379284593;0;0;base
367;48;2005;11;0;0;0;1,2;1;2,490477809;0,014666667;279017,7907;6472141,879;0;0;4,602544357;0,265098655;4,602544357;0;0;base
486;51;2005;11;0;0;0;2,5;1;6,649456613;2,1672;315654,723;6433715,872;0;0;4,668043666;0,427944266;4,668043666;0;0;base
605;52;2005;11;0;0;0;6,2501;1;7,118316483;1,379333333;321601,7251;6409548,844;0;0;5,120246901;0,47912532;5,120246901;0;0;base
724;53;2005;11;0;0;0;11,24686667;1;10,8871057;0,03;276406,0805;6383100,075;0;0;1,028414233;0,818559868;1,028414233;0;0;base
843;54;2005;11;0;0;0;2,836707969;1;7,510357137;17,04946154;344556,3868;6372956,136;0;0;6,006970656;0,568814126;6,006970656;0;0;base
962;55;2005;11;0;0;0;8,0114;1;19,01317987;46,63208696;269807,3844;6315109,157;0;0;7,001109047;0,565476998;7,001109047;0;0;base
1081;57;2005;11;0;0;0;35,2;1;19,01317987;46,63208696;351939,7258;6283636,359;0;0;3,858611254;0,565476998;4,432308791;0;0;base
1200;60;2005;11;0;0;0;60;1;41,89761849;33,02725;323883,3901;6190201,379;0;0;4,02149697;0,827769977;4,02149697;0;0;base
1319;71;2005;11;0;0;0;31;1;84,35034404;66,82777778;309426,6977;6110482,181;0;0;3,836560741;1,113807521;3,836560741;0;0;base
1438;81;2005;11;0;0;0;13,225;1;85,20449043;30,67184615;236796,9474;5931893,018;0;0;2,742392264;0,889586458;2,742392264;0;0;base
1557;83;2005;11;0;0;0;11,9045;1;161,6492735;108,6667297;238842,9699;5819516,108;0;0;2,579617166;1,374353822;2,579617166;0;0;base
1676;101;2005;11;0;0;0;4,31372549;1;272,8244612;108,1811538;196471,5747;5594635,437;0;0;3,681681761;1,932422613;3,681681761;0;0;base
1795;103;2005;11;1;0;0;50;1;297,0061673;74,25411111;186695,3928;5505964,756;0;0;-0,582819906;2,029639623;0,138125044;0;0;base
11;44;2005;12;0;0;0;0,1;1;0;0,202;269252,0606;6645413,775;0;0;4,560947102;0;4,560947102;0;0;base
130;45;2005;12;0;0;0;7,825;1;0,004236537;2,623848485;320756,3223;6594510,657;0;0;4,64695779;-1,930134248;4,696000757;0;0;base
249;47;2005;12;0;0;0;1,0102156;1;0,00010082;17,89907692;318973,2185;6494678,62;0;0;5,379284593;-2,2719229;5,379284593;0;0;base
368;48;2005;12;0;0;0;1,2;1;0;0,009666667;279017,7907;6472141,879;0;0;4,602544357;0;4,602544357;0;0;base
487;51;2005;12;0;0;0;2,5;1;0;0,9754;315654,723;6433715,872;0;0;4,668043666;0;4,668043666;0;0;base
606;52;2005;12;0;0;0;6,2501;1;0;0,974;321601,7251;6409548,844;0;0;5,120246901;0;5,120246901;0;0;base
725;53;2005;12;0;0;0;11,24686667;1;0;0,018;276406,0805;6383100,075;0;0;1,028414233;0;1,028414233;0;0;base
844;54;2005;12;0;0;0;2,836707969;1;0,074619502;22,10384615;344556,3868;6372956,136;0;0;6,006970656;-1,045258443;6,006970656;0;0;base
963;55;2005;12;0;0;0;8,0114;1;2,929079329;63,02013043;269807,3844;6315109,157;0;0;7,001109047;-0,342028348;7,001109047;0;0;base
1082;57;2005;12;1;0;0;35,4;1;2,929079329;63,02013043;351939,7258;6283636,359;0;0;2,367767662;-0,342028348;3,858611254;0;0;base
1201;60;2005;12;0;0;0;60;1;3,146878956;38,4455;323883,3901;6190201,379;0;0;4,02149697;-0,129016942;4,02149697;0;0;base
1320;71;2005;12;0;0;0;31;1;19,46090441;77,74688889;309426,6977;6110482,181;0;0;3,836560741;0,204287458;3,836560741;0;0;base
1439;81;2005;12;0;0;0;13,225;1;71,95188284;22,20169231;236796,9474;5931893,018;0;0;2,742392264;0,873783322;2,742392264;0;0;base
1558;83;2005;12;0;0;0;11,9045;1;70,26099525;89,48151351;238842,9699;5819516,108;0;0;2,579617166;0,445768909;2,579617166;0;0;base
1677;101;2005;12;0;0;0;4,31372549;1;70,37213216;132,9476154;196471,5747;5594635,437;0;0;3,681681761;-0,160781028;3,681681761;0;0;base
1796;103;2005;12;2;0;0;10,75;1;68,2308187;77,90416667;186695,3928;5505964,756;0;0;3,948694446;-0,585143827;-0,582819906;0;0;base
124;45;2005;6;2;0;1;4,1;0;84,34929817;0,993787879;320756,3223;6594510,657;1;0;4,910546583;0,65324883;4,910546583;0;0;base
12;44;2006;1;0;0;0;0,1;1;0;0,164;269252,0606;6645413,775;0;0;4,560947102;0;4,560947102;0;0;base
13;44;2006;2;0;0;0;0,1;1;0;0,125;269252,0606;6645413,775;0;0;4,560947102;0;4,560947102;0;0;base
14;44;2006;3;0;0;0;0,1;1;0;0,121;269252,0606;6645413,775;0;0;4,560947102;0;4,560947102;0;0;base
15;44;2006;4;0;0;0;0,1;0;0;0,158;269252,0606;6645413,775;0;0;4,560947102;0;4,560947102;0;0;base
16;44;2006;5;0;0;0;0,1;0;0;0,28;269252,0606;6645413,775;0;0;4,560947102;0;4,560947102;0;0;base
17;44;2006;6;0;0;0;0,1;0;25,62041796;0,343;269252,0606;6645413,775;0;0;4,560947102;0,354786685;4,560947102;0;0;base
18;44;2006;7;0;0;0;0,1;0;51,10302426;0,447;269252,0606;6645413,775;0;0;4,560947102;0,759410856;4,560947102;0;0;base
19;44;2006;8;0;0;0;0,1;0;0,045275715;0,378;269252,0606;6645413,775;0;0;4,560947102;-2,593496823;4,560947102;0;0;base
20;44;2006;9;0;0;0;0,1;0;0,31662887;0,351;269252,0606;6645413,775;0;0;4,560947102;-0,898188783;4,560947102;0;0;base
21;44;2006;10;0;0;0;0,1;1;11,0577554;0,47;269252,0606;6645413,775;0;0;4,560947102;1,229847583;4,560947102;0;0;base
22;44;2006;11;0;0;0;0,1;1;0,014320828;0,41;269252,0606;6645413,775;0;0;4,560947102;-0,44145561;4,560947102;0;0;base
23;44;2006;12;0;0;0;0,1;1;0;0,388;269252,0606;6645413,775;0;0;4,560947102;0;4,560947102;0;0;base
131;45;2006;1;0;0;0;8,445833333;1;4,105718373;1,281181818;320756,3223;6594510,657;0;0;4,595385007;0,172685877;4,64695779;0;0;base
132;45;2006;2;0;0;0;9,066666667;1;10,47295338;0,825454545;320756,3223;6594510,657;0;0;4,541007151;0,990584989;4,595385007;0;0;base
133;45;2006;3;0;0;0;9,6875;1;0,839476249;0,663272727;320756,3223;6594510,657;0;0;4,483501443;-0,606630619;4,541007151;0;0;base
134;45;2006;4;0;0;0;10,30833333;0;1,455409043;0,617454545;320756,3223;6594510,657;0;0;4,422485971;-0,818078544;4,483501443;0;0;base
135;45;2006;5;0;0;0;10,92916667;0;6,845709957;0,668515152;320756,3223;6594510,657;0;0;4,357504302;-0,863894246;4,422485971;0;0;base
136;45;2006;6;0;0;0;11,55;0;43,74788708;0,790121212;320756,3223;6594510,657;0;0;4,288004735;0,108291181;4,357504302;0;0;base
137;45;2006;7;0;0;0;12,17083333;0;164,0056237;1,189060606;320756,3223;6594510,657;0;0;4,213311795;1,169682899;4,288004735;0;0;base
138;45;2006;8;0;0;0;12,79166667;0;4,150886692;1,061757576;320756,3223;6594510,657;0;0;4,132586192;-1,212289369;4,213311795;0;0;base
139;45;2006;9;0;0;0;13,4125;0;0,291981196;0,87030303;320756,3223;6594510,657;0;0;4,044767155;-2,283169763;4,132586192;0;0;base
140;45;2006;10;0;0;0;14,03333333;1;19,26787946;1,094242424;320756,3223;6594510,657;0;0;3,948486921;1,186068478;4,044767155;0;0;base
141;45;2006;11;0;0;0;14,65416667;1;2,323713009;0,901636364;320756,3223;6594510,657;0;0;3,841939505;0,193391802;3,948486921;0;0;base
142;45;2006;12;0;0;0;15,275;1;0,752592105;0,50830303;320756,3223;6594510,657;0;0;3,72267086;-0,179429255;3,841939505;0;0;base
250;47;2006;1;0;0;0;1,0102156;1;9,372605944;5,685615385;318973,2185;6494678,62;0;0;5,379284593;0,827291309;5,379284593;0;0;base
251;47;2006;2;0;0;0;1,0102156;1;3,435895411;2,545846154;318973,2185;6494678,62;0;0;5,379284593;0,334154365;5,379284593;0;0;base
252;47;2006;3;0;0;0;1,0102156;1;0,051369856;1,734692308;318973,2185;6494678,62;0;0;5,379284593;-1,457415132;5,379284593;0;0;base
253;47;2006;4;0;0;0;1,0102156;0;0,436685916;1,418;318973,2185;6494678,62;0;0;5,379284593;-0,861975806;5,379284593;0;0;base
254;47;2006;5;0;0;0;1,0102156;0;1,756127276;1,458076923;318973,2185;6494678,62;0;0;5,379284593;-1,404254689;5,379284593;0;0;base
255;47;2006;6;0;0;0;1,0102156;0;48,92217972;2,336384615;318973,2185;6494678,62;0;0;5,379284593;0,01007468;5,379284593;0;0;base
256;47;2006;7;0;0;0;1,0102156;0;206,3193555;3,648538462;318973,2185;6494678,62;0;0;5,379284593;1,310329801;5,379284593;0;0;base
257;47;2006;8;0;0;0;1,0102156;0;9,052586827;2,881;318973,2185;6494678,62;0;0;5,379284593;-1,006685346;5,379284593;0;0;base
258;47;2006;9;0;0;0;1,0102156;0;0,205715963;2,704769231;318973,2185;6494678,62;0;0;5,379284593;-2,363085053;5,379284593;0;0;base
259;47;2006;10;0;0;0;1,0102156;1;30,49265034;7,762615385;318973,2185;6494678,62;0;0;5,379284593;1,658663905;5,379284593;0;0;base
260;47;2006;11;0;0;0;1,0102156;1;0;11,62007692;318973,2185;6494678,62;0;0;5,379284593;0;5,379284593;0;0;base
261;47;2006;12;0;0;0;1,0102156;1;0;5,353538462;318973,2185;6494678,62;0;0;5,379284593;0;5,379284593;0;0;base
369;48;2006;1;0;0;0;1,2;1;0;0,002666667;279017,7907;6472141,879;0;0;4,602544357;0;4,602544357;0;0;base
370;48;2006;2;0;0;0;1,2;1;0;0,002666667;279017,7907;6472141,879;0;0;4,602544357;0;4,602544357;0;0;base
371;48;2006;3;0;0;0;1,2;1;0;0,003333333;279017,7907;6472141,879;0;0;4,602544357;0;4,602544357;0;0;base
372;48;2006;4;0;0;0;1,2;0;0;0,011333333;279017,7907;6472141,879;0;0;4,602544357;0;4,602544357;0;0;base
373;48;2006;5;0;0;0;1,2;0;0;0,013666667;279017,7907;6472141,879;0;0;4,602544357;0;4,602544357;0;0;base
374;48;2006;6;0;0;0;1,2;0;58,4481926;0,019;279017,7907;6472141,879;0;0;4,602544357;-0,015418508;4,602544357;0;0;base
375;48;2006;7;0;0;0;1,2;0;184,6193365;0,023333333;279017,7907;6472141,879;0;0;4,602544357;1,134516018;4,602544357;0;0;base
376;48;2006;8;0;0;0;1,2;0;16,7793295;0,042666667;279017,7907;6472141,879;0;0;4,602544357;-0,936672922;4,602544357;0;0;base
377;48;2006;9;0;0;0;1,2;0;0,018247805;0;279017,7907;6472141,879;0;0;4,602544357;-3,448817444;4,602544357;0;0;base
378;48;2006;10;0;0;0;1,2;1;40,65807783;0,021666667;279017,7907;6472141,879;0;0;4,602544357;1,638312605;4,602544357;0;0;base
379;48;2006;11;0;0;0;1,2;1;0;0,015;279017,7907;6472141,879;0;0;4,602544357;0;4,602544357;0;0;base
380;48;2006;12;0;0;0;1,2;1;0;0,011;279017,7907;6472141,879;0;0;4,602544357;0;4,602544357;0;0;base
488;51;2006;1;0;0;0;2,5;1;6,064609148;0,538;315654,723;6433715,872;0;0;4,668043666;0,443810467;4,668043666;0;0;base
489;51;2006;2;0;0;0;2,5;1;2,753031648;0,3786;315654,723;6433715,872;0;0;4,668043666;0,029694852;4,668043666;0;0;base
490;51;2006;3;0;0;0;2,5;1;0;0,3948;315654,723;6433715,872;0;0;4,668043666;0;4,668043666;0;0;base
491;51;2006;4;0;0;0;2,5;0;4,064537091;0,2588;315654,723;6433715,872;0;0;4,668043666;-0,442967331;4,668043666;0;0;base
492;51;2006;5;0;0;0;2,5;0;0,863738124;0,2966;315654,723;6433715,872;0;0;4,668043666;-2,049013757;4,668043666;0;0;base
493;51;2006;6;0;0;0;2,5;0;61,91854403;0,3058;315654,723;6433715,872;0;0;4,668043666;-0,002681053;4,668043666;0;0;base
494;51;2006;7;0;0;0;2,5;0;252,7555974;2,0366;315654,723;6433715,872;0;0;4,668043666;1,425793784;4,668043666;0;0;base
495;51;2006;8;0;0;0;2,5;0;20,60200331;0,8302;315654,723;6433715,872;0;0;4,668043666;-0,816655258;4,668043666;0;0;base
496;51;2006;9;0;0;0;2,5;0;0,676429455;0,3578;315654,723;6433715,872;0;0;4,668043666;-2,589610957;4,668043666;0;0;base
497;51;2006;10;0;0;0;2,5;1;50,64038473;0,8522;315654,723;6433715,872;0;0;4,668043666;1,7442826;4,668043666;0;0;base
498;51;2006;11;0;0;0;2,5;1;0,011377308;0,6248;315654,723;6433715,872;0;0;4,668043666;-1,759370936;4,668043666;0;0;base
499;51;2006;12;0;0;0;2,5;1;0;0,2638;315654,723;6433715,872;0;0;4,668043666;0;4,668043666;0;0;base
607;52;2006;1;0;0;0;6,2501;1;5,695614935;0,554666667;321601,7251;6409548,844;0;0;5,120246901;0,496546235;5,120246901;0;0;base
608;52;2006;2;0;0;0;6,2501;1;2,866206378;0,428666667;321601,7251;6409548,844;0;0;5,120246901;0,015644244;5,120246901;0;0;base
609;52;2006;3;0;0;0;6,2501;1;0;0,176666667;321601,7251;6409548,844;0;0;5,120246901;0;5,120246901;0;0;base
610;52;2006;4;0;0;0;6,2501;0;4,628840378;0,066333333;321601,7251;6409548,844;0;0;5,120246901;-0,447870834;5,120246901;0;0;base
611;52;2006;5;0;0;0;6,2501;0;0,865542722;0,128;321601,7251;6409548,844;0;0;5,120246901;-2,161204969;5,120246901;0;0;base
612;52;2006;6;0;0;0;6,2501;0;60,12872035;0,150666667;321601,7251;6409548,844;0;0;5,120246901;-0,052984886;5,120246901;0;0;base
613;52;2006;7;0;0;0;6,2501;0;246,6778475;2,291333333;321601,7251;6409548,844;0;0;5,120246901;1,478652767;5,120246901;0;0;base
614;52;2006;8;0;0;0;6,2501;0;24,77740363;2,286333333;321601,7251;6409548,844;0;0;5,120246901;-0,73296316;5,120246901;0;0;base
615;52;2006;9;0;0;0;6,2501;0;2,04303085;1,004333333;321601,7251;6409548,844;0;0;5,120246901;-1,989284014;5,120246901;0;0;base
616;52;2006;10;0;0;0;6,2501;1;52,52784567;1,214666667;321601,7251;6409548,844;0;0;5,120246901;1,797897774;5,120246901;0;0;base
617;52;2006;11;0;0;0;6,2501;1;0,310828544;0,949;321601,7251;6409548,844;0;0;5,120246901;-1,018880294;5,120246901;0;0;base
618;52;2006;12;0;0;0;6,2501;1;0;0,514666667;321601,7251;6409548,844;0;0;5,120246901;0;5,120246901;0;0;base
726;53;2006;1;0;0;0;11,24686667;1;0;0;276406,0805;6383100,075;0;0;1,028414233;0;1,028414233;0;0;base
727;53;2006;2;0;0;0;11,24686667;1;0;0;276406,0805;6383100,075;0;0;1,028414233;0;1,028414233;0;0;base
728;53;2006;3;0;0;0;11,24686667;1;0;0,008;276406,0805;6383100,075;0;0;1,028414233;0;1,028414233;0;0;base
729;53;2006;4;0;0;0;11,24686667;0;2,9864016;0,008;276406,0805;6383100,075;0;0;1,028414233;-0,555902923;1,028414233;0;0;base
730;53;2006;5;0;0;0;11,24686667;0;16,45584066;0,008;276406,0805;6383100,075;0;0;1,028414233;-1,08619098;1,028414233;0;0;base
731;53;2006;6;0;0;0;11,24686667;0;81,9072907;0,009;276406,0805;6383100,075;0;0;1,028414233;0,030393412;1,028414233;0;0;base
732;53;2006;7;0;0;0;11,24686667;0;224,6285657;0;276406,0805;6383100,075;0;0;1,028414233;1,253123699;1,028414233;0;0;base
733;53;2006;8;0;0;0;11,24686667;0;43,92419355;0;276406,0805;6383100,075;0;0;1,028414233;-0,424092139;1,028414233;0;0;base
734;53;2006;9;0;0;0;11,24686667;0;5,28737941;0;276406,0805;6383100,075;0;0;1,028414233;-1,07522382;1,028414233;0;0;base
735;53;2006;10;0;0;0;11,24686667;1;64,0958762;0;276406,0805;6383100,075;0;0;1,028414233;1,63655462;1,028414233;0;0;base
736;53;2006;11;0;0;0;11,24686667;1;0;0;276406,0805;6383100,075;0;0;1,028414233;0;1,028414233;0;0;base
737;53;2006;12;0;0;0;11,24686667;1;0;0;276406,0805;6383100,075;0;0;1,028414233;0;1,028414233;0;0;base
845;54;2006;1;0;0;0;2,836707969;1;8,070640064;14,32684615;344556,3868;6372956,136;0;0;6,006970656;0,484003274;6,006970656;0;0;base
846;54;2006;2;0;0;0;2,836707969;1;10,98696819;8,677961538;344556,3868;6372956,136;0;0;6,006970656;1,040585446;6,006970656;0;0;base
847;54;2006;3;0;0;0;2,836707969;1;0,109206719;3,331769231;344556,3868;6372956,136;0;0;6,006970656;-1,398298861;6,006970656;0;0;base
848;54;2006;4;0;0;0;2,836707969;0;4,244179537;2,244;344556,3868;6372956,136;0;0;6,006970656;-0,394800423;6,006970656;0;0;base
849;54;2006;5;0;0;0;2,836707969;0;7,132617691;2,014807692;344556,3868;6372956,136;0;0;6,006970656;-1,275807514;6,006970656;0;0;base
850;54;2006;6;0;0;0;2,836707969;0;71,46065156;2,411346154;344556,3868;6372956,136;0;0;6,006970656;0,007832849;6,006970656;0;0;base
851;54;2006;7;0;0;0;2,836707969;0;308,3162787;4,951346154;344556,3868;6372956,136;0;0;6,006970656;1,642752257;6,006970656;0;0;base
852;54;2006;8;0;0;0;2,836707969;0;36,81680308;3,603692308;344556,3868;6372956,136;0;0;6,006970656;-0,239072209;6,006970656;0;0;base
853;54;2006;9;0;0;0;2,836707969;0;3,188827134;3,549230769;344556,3868;6372956,136;0;0;6,006970656;-1,296786003;6,006970656;0;0;base
854;54;2006;10;0;0;0;2,836707969;1;64,44660568;5,873576923;344556,3868;6372956,136;0;0;6,006970656;2,248082919;6,006970656;0;0;base
855;54;2006;11;0;0;0;2,836707969;1;0,314990555;12,38296154;344556,3868;6372956,136;0;0;6,006970656;-0,823493598;6,006970656;0;0;base
856;54;2006;12;0;0;0;2,836707969;1;0,216730217;13,0115;344556,3868;6372956,136;0;0;6,006970656;-0,741527049;6,006970656;0;0;base
964;55;2006;1;0;0;0;8,0114;1;9,02213329;67,19952174;269807,3844;6315109,157;0;0;7,001109047;0,488908892;7,001109047;0;0;base
965;55;2006;2;0;0;0;8,0114;1;10,57163166;46,01195652;269807,3844;6315109,157;0;0;7,001109047;0,627995714;7,001109047;0;0;base
966;55;2006;3;0;0;0;8,0114;1;0,2842225;25,53726087;269807,3844;6315109,157;0;0;7,001109047;-1,338824627;7,001109047;0;0;base
967;55;2006;4;0;0;0;8,0114;0;16,55430135;18,13478261;269807,3844;6315109,157;0;0;7,001109047;-0,362297198;7,001109047;0;0;base
968;55;2006;5;0;0;0;8,0114;0;30,75566536;14,17934783;269807,3844;6315109,157;0;0;7,001109047;-0,85141945;7,001109047;0;0;base
969;55;2006;6;0;0;0;8,0114;0;121,0003632;16,08752174;269807,3844;6315109,157;0;0;7,001109047;0,112877375;7,001109047;0;0;base
970;55;2006;7;0;0;0;8,0114;0;372,2564344;31,76321739;269807,3844;6315109,157;0;0;7,001109047;1,637828899;7,001109047;0;0;base
971;55;2006;8;0;0;0;8,0114;0;89,80923334;22,00217391;269807,3844;6315109,157;0;0;7,001109047;0,156633683;7,001109047;0;0;base
972;55;2006;9;0;0;0;8,0114;0;35,97386598;18,34230435;269807,3844;6315109,157;0;0;7,001109047;-0,366458927;7,001109047;0;0;base
973;55;2006;10;0;0;0;8,0114;1;97,29493411;25,18865217;269807,3844;6315109,157;0;0;7,001109047;2,07878737;7,001109047;0;0;base
974;55;2006;11;0;0;0;8,0114;1;3,607539225;34,48347826;269807,3844;6315109,157;0;0;7,001109047;-0,637112573;7,001109047;0;0;base
975;55;2006;12;0;0;0;8,0114;1;3,430266807;40,46726087;269807,3844;6315109,157;0;0;7,001109047;-0,260739591;7,001109047;0;0;base
1083;57;2006;1;5;0;0;19,41129873;1;9,02213329;67,19952174;351939,7258;6283636,359;0;0;7,300314864;0,488908892;2,367767662;0;0;base
1084;57;2006;2;0;0;0;17,87702384;1;10,57163166;46,01195652;351939,7258;6283636,359;0;0;7,229911062;0,627995714;7,300314864;0;0;base
1085;57;2006;3;0;0;0;16,34274894;1;0,2842225;25,53726087;351939,7258;6283636,359;0;0;7,154172615;-1,338824627;7,229911062;0;0;base
1086;57;2006;4;0;0;0;14,80847405;0;16,55430135;18,13478261;351939,7258;6283636,359;0;0;7,072224321;-0,362297198;7,154172615;0;0;base
1087;57;2006;5;0;0;0;13,27419916;0;30,75566536;14,17934783;351939,7258;6283636,359;0;0;6,982956195;-0,85141945;7,072224321;0;0;base
1088;57;2006;6;0;0;0;11,73992426;0;121,0003632;16,08752174;351939,7258;6283636,359;0;0;6,884931178;0,112877375;6,982956195;0;0;base
1089;57;2006;7;0;0;0;10,20564937;0;372,2564344;31,76321739;351939,7258;6283636,359;0;0;6,776242486;1,637828899;6,884931178;0;0;base
1090;57;2006;8;0;0;0;8,671374472;0;89,80923334;22,00217391;351939,7258;6283636,359;0;0;6,654283593;0,156633683;6,776242486;0;0;base
1091;57;2006;9;0;0;0;7,137099578;0;35,97386598;18,34230435;351939,7258;6283636,359;0;0;6,515357491;-0,366458927;6,654283593;0;0;base
1092;57;2006;10;0;0;0;5,602824683;1;97,29493411;25,18865217;351939,7258;6283636,359;0;0;6,353968292;2,07878737;6,515357491;0;0;base
1093;57;2006;11;0;0;0;4,068549789;1;3,607539225;34,48347826;351939,7258;6283636,359;0;0;6,161423969;-0,637112573;6,353968292;0;0;base
1094;57;2006;12;0;0;0;2,534274894;1;3,430266807;40,46726087;351939,7258;6283636,359;0;0;5,922747608;-0,260739591;6,161423969;0;0;base
1202;60;2006;1;1;0;0;60;1;1,141242808;44,5118;323883,3901;6190201,379;0;0;4,02149697;-0,39521241;4,02149697;0;0;base
1203;60;2006;2;0;0;0;53,6625;1;10,32641471;30,97545;323883,3901;6190201,379;0;0;3,920701089;0,464979431;4,02149697;0;0;base
1204;60;2006;3;0;0;0;47,325;1;1,38524577;16,70695;323883,3901;6190201,379;0;0;3,808594701;-0,908334699;3,920701089;0;0;base
1205;60;2006;4;0;0;0;40,9875;0;62,30270131;14,00555;323883,3901;6190201,379;0;0;3,682314823;0,183395587;3,808594701;0;0;base
1206;60;2006;5;1;0;0;34,65;0;130,2120257;14,10975;323883,3901;6190201,379;0;0;3,53775175;-0,257551253;3,682314823;0;0;base
1207;60;2006;6;1;0;0;1089,28;0;298,1477197;24,25225;323883,3901;6190201,379;0;0;3,979044343;0,436051002;3,53775175;0;0;base
1208;60;2006;7;0;0;0;874,224;0;493,3576194;46,70895;323883,3901;6190201,379;0;0;4,425708341;1,493650999;3,979044343;0;0;base
1209;60;2006;8;0;0;0;659,168;0;204,750607;24,68375;323883,3901;6190201,379;0;0;4,733370353;0,442602795;4,425708341;0;0;base
1210;60;2006;9;0;0;0;444,112;0;80,47310328;17,05645;323883,3901;6190201,379;0;0;4,968313019;-0,04452807;4,733370353;0;0;base
1211;60;2006;10;0;0;0;229,056;1;118,0761605;20,8757;323883,3901;6190201,379;0;0;5,158424011;1,48624521;4,968313019;0;0;base
1212;60;2006;11;1;0;0;14;1;6,730994408;25,36465;323883,3901;6190201,379;0;0;5,318101658;-0,782681938;5,158424011;0;0;base
1213;60;2006;12;0;0;0;13,56666667;1;5,908260952;36,16035;323883,3901;6190201,379;0;0;5,294555913;0,116943719;5,318101658;0;0;base
1321;71;2006;1;0;0;0;31;1;2,608443167;66,33455556;309426,6977;6110482,181;0;0;3,836560741;-0,640535037;3,836560741;0;0;base
1322;71;2006;2;0;0;0;31;1;25,79842189;38,10933333;309426,6977;6110482,181;0;0;3,836560741;0,661158219;3,836560741;0;0;base
1323;71;2006;3;0;0;0;31;1;2,812311524;20,83677778;309426,6977;6110482,181;0;0;3,836560741;-1,008370943;3,836560741;0;0;base
1324;71;2006;4;0;0;0;31;0;94,69842825;18,07988889;309426,6977;6110482,181;0;0;3,836560741;0,295722425;3,836560741;0;0;base
1325;71;2006;5;0;0;0;31;0;198,3522378;27,25144444;309426,6977;6110482,181;0;0;3,836560741;-0,134353577;3,836560741;0;0;base
1326;71;2006;6;0;0;0;31;0;462,9220236;68,00855556;309426,6977;6110482,181;0;0;3,836560741;0,630124091;3,836560741;0;0;base
1327;71;2006;7;0;0;0;31;0;578,9154702;93,22977778;309426,6977;6110482,181;0;0;3,836560741;1,318480843;3,836560741;0;0;base
1328;71;2006;8;0;0;0;31;0;313,2846555;61,26;309426,6977;6110482,181;0;0;3,836560741;0,680449224;3,836560741;0;0;base
1329;71;2006;9;0;0;0;31;0;126,4463531;38,02222222;309426,6977;6110482,181;0;0;3,836560741;0,081774154;3,836560741;0;0;base
1330;71;2006;10;0;0;0;31;1;163,9387697;48,98922222;309426,6977;6110482,181;0;0;3,836560741;1,286096366;3,836560741;0;0;base
1331;71;2006;11;0;0;0;31;1;13,82155641;56,433;309426,6977;6110482,181;0;0;3,836560741;-0,761793067;3,836560741;0;0;base
1332;71;2006;12;0;0;0;31;1;16,39056195;62,76166667;309426,6977;6110482,181;0;0;3,836560741;0,108398951;3,836560741;0;0;base
1440;81;2006;1;0;0;0;13,225;1;36,85339743;11,43680769;236796,9474;5931893,018;0;0;2,742392264;0,706865564;2,742392264;0;0;base
1441;81;2006;2;0;0;0;13,225;1;17,06231353;6,064615385;236796,9474;5931893,018;0;0;2,742392264;-0,145657555;2,742392264;0;0;base
1442;81;2006;3;0;0;0;13,225;1;18,72807906;5,628307692;236796,9474;5931893,018;0;0;2,742392264;-0,425720798;2,742392264;0;0;base
1443;81;2006;4;0;0;0;13,225;0;154,1132331;14,52023077;236796,9474;5931893,018;0;0;2,742392264;0,5934342;2,742392264;0;0;base
1444;81;2006;5;0;0;0;13,225;0;200,3438122;23,78661538;236796,9474;5931893,018;0;0;2,742392264;-0,228893803;2,742392264;0;0;base
1445;81;2006;6;0;0;0;13,225;0;529,5437335;137,5330769;236796,9474;5931893,018;0;0;2,742392264;1,027888625;2,742392264;0;0;base
1446;81;2006;7;0;0;0;13,225;0;483,9876199;165,4516154;236796,9474;5931893,018;0;0;2,742392264;1,185588272;2,742392264;0;0;base
1447;81;2006;8;0;0;0;13,225;0;313,2712262;109,8633077;236796,9474;5931893,018;0;0;2,742392264;0,732060993;2,742392264;0;0;base
1448;81;2006;9;0;0;0;13,225;0;120,5573058;82,66761538;236796,9474;5931893,018;0;0;2,742392264;-0,038163628;2,742392264;0;0;base
1449;81;2006;10;0;0;0;13,225;1;167,1445064;71,33692308;236796,9474;5931893,018;0;0;2,742392264;1,052935652;2,742392264;0;0;base
1450;81;2006;11;0;0;0;13,225;1;16,00688809;41,78876923;236796,9474;5931893,018;0;0;2,742392264;-0,957226589;2,742392264;0;0;base
1451;81;2006;12;0;0;0;13,225;1;104,0554023;27,57930769;236796,9474;5931893,018;0;0;2,742392264;1,288138325;2,742392264;0;0;base
1559;83;2006;1;0;0;0;11,9045;1;62,59233191;45,76764865;238842,9699;5819516,108;0;0;2,579617166;0,735384579;2,579617166;0;0;base
1560;83;2006;2;0;0;0;11,9045;1;28,99923745;28,11237838;238842,9699;5819516,108;0;0;2,579617166;-0,062534806;2,579617166;0;0;base
1561;83;2006;3;0;0;0;11,9045;1;53,58636923;36,60551351;238842,9699;5819516,108;0;0;2,579617166;0,041007441;2,579617166;0;0;base
1562;83;2006;4;0;0;0;11,9045;0;186,7470013;56,93416216;238842,9699;5819516,108;0;0;2,579617166;0,661402861;2,579617166;0;0;base
1563;83;2006;5;0;0;0;11,9045;0;216,65048;60,35216216;238842,9699;5819516,108;0;0;2,579617166;-0,242503391;2,579617166;0;0;base
1564;83;2006;6;0;0;0;11,9045;0;535,9358665;196,1531081;238842,9699;5819516,108;0;0;2,579617166;1,044469692;2,579617166;0;0;base
1565;83;2006;7;0;0;0;11,9045;0;497,0087099;287,5213243;238842,9699;5819516,108;0;0;2,579617166;1,321119747;2,579617166;0;0;base
1566;83;2006;8;0;0;0;11,9045;0;337,2225252;179,1371351;238842,9699;5819516,108;0;0;2,579617166;0,786013892;2,579617166;0;0;base
1567;83;2006;9;0;0;0;11,9045;0;165,0237992;161,3272703;238842,9699;5819516,108;0;0;2,579617166;0,296573984;2,579617166;0;0;base
1568;83;2006;10;0;0;0;11,9045;1;184,0096043;135,4187027;238842,9699;5819516,108;0;0;2,579617166;0,909963553;2,579617166;0;0;base
1569;83;2006;11;0;0;0;11,9045;1;30,61611547;103,8045946;238842,9699;5819516,108;0;0;2,579617166;-0,833196114;2,579617166;0;0;base
1570;83;2006;12;0;0;0;11,9045;1;137,4628811;52,79372973;238842,9699;5819516,108;0;0;2,579617166;1,257201968;2,579617166;0;0;base
1678;101;2006;1;0;0;0;4,31372549;1;151,8846723;78,63807692;196471,5747;5594635,437;0;0;3,681681761;1,545595844;3,681681761;0;0;base
1679;101;2006;2;0;0;0;4,31372549;1;46,08580551;35,86715385;196471,5747;5594635,437;0;0;3,681681761;-0,133076996;3,681681761;0;0;base
1680;101;2006;3;0;0;0;4,31372549;1;118,2789861;31,97807692;196471,5747;5594635,437;0;0;3,681681761;0,476325629;3,681681761;0;0;base
1681;101;2006;4;0;0;0;4,31372549;0;229,6888813;52,99092308;196471,5747;5594635,437;0;0;3,681681761;0,700656309;3,681681761;0;0;base
1682;101;2006;5;0;0;0;4,31372549;0;233,2540904;72,62923077;196471,5747;5594635,437;0;0;3,681681761;-0,386598416;3,681681761;0;0;base
1683;101;2006;6;0;0;0;4,31372549;0;554,9930155;239,9956154;196471,5747;5594635,437;0;0;3,681681761;1,171068283;3,681681761;0;0;base
1684;101;2006;7;0;0;0;4,31372549;0;508,1509598;298,0482308;196471,5747;5594635,437;0;0;3,681681761;1,395772922;3,681681761;0;0;base
1685;101;2006;8;0;0;0;4,31372549;0;305,4237807;188,0066154;196471,5747;5594635,437;0;0;3,681681761;0,15856197;3,681681761;0;0;base
1686;101;2006;9;0;0;0;4,31372549;0;188,1650048;126,6955385;196471,5747;5594635,437;0;0;3,681681761;0,146727596;3,681681761;0;0;base
1687;101;2006;10;0;0;0;4,31372549;1;207,4239862;102,5953846;196471,5747;5594635,437;0;0;3,681681761;0,709453227;3,681681761;0;0;base
1688;101;2006;11;0;0;0;4,31372549;1;76,06107937;91,23438462;196471,5747;5594635,437;0;0;3,681681761;-0,528265004;3,681681761;0;0;base
1689;101;2006;12;0;0;0;4,31372549;1;196,1135912;61,15030769;196471,5747;5594635,437;0;0;3,681681761;1,176648079;3,681681761;0;0;base
1797;103;2006;1;0;0;0;18,27777778;1;203,2389215;63,60488889;186695,3928;5505964,756;0;0;3,551267549;1,7866007;3,948694446;0;0;base
1798;103;2006;2;0;0;0;25,80555556;1;62,21902919;34,92894444;186695,3928;5505964,756;0;0;2,881854445;-0,298202778;3,551267549;0;0;base
1799;103;2006;3;3;0;0;33,33333333;1;152,8365128;36,55611111;186695,3928;5505964,756;0;0;-0,17768535;0,622416506;2,881854445;0;0;base
1800;103;2006;4;0;0;0;23,88888889;0;235,8831528;50,13372222;186695,3928;5505964,756;0;0;3,555080517;0,580666128;-0,17768535;0;0;base
1801;103;2006;5;0;0;0;14,44444444;0;220,2369749;60,27744444;186695,3928;5505964,756;0;0;4,236192279;-0,542251692;3,555080517;0;0;base
1802;103;2006;6;1;0;0;5;0;492,8747655;140,4867222;186695,3928;5505964,756;0;0;4,637613174;1,198452796;4,236192279;0;0;base
1803;103;2006;7;0;0;0;6,428571429;0;451,0763907;181,2451111;186695,3928;5505964,756;0;0;4,492222413;1,410918591;4,637613174;0;0;base
1804;103;2006;8;0;0;0;7,857142857;0;262,3339252;116,2032778;186695,3928;5505964,756;0;0;4,322037239;-0,247575439;4,492222413;0;0;base
1805;103;2006;9;0;0;0;9,285714286;0;188,071122;81,96316667;186695,3928;5505964,756;0;0;4,11682648;-0,025756079;4,322037239;0;0;base
1806;103;2006;10;0;0;0;10,71428571;1;233,7029416;77,72833333;186695,3928;5505964,756;0;0;3,858335759;0,808083236;4,11682648;0;0;base
1807;103;2006;11;0;0;0;12,14285714;1;103,2991435;69,71227778;186695,3928;5505964,756;0;0;3,508814971;-0,475958051;3,858335759;0;0;base
1808;103;2006;12;0;0;0;13,57142857;1;246,764702;57,17161111;186695,3928;5505964,756;0;0;2,966863807;1,341022558;3,508814971;0;0;base
24;44;2007;1;0;0;0;0,1;1;0;0,183;269252,0606;6645413,775;0;0;4,560947102;0;4,560947102;0;0;base
25;44;2007;2;0;0;0;0,1;1;0;0,064;269252,0606;6645413,775;0;0;4,560947102;0;4,560947102;0;0;base
26;44;2007;3;0;0;0;0,1;1;0,80404076;0,086;269252,0606;6645413,775;0;0;4,560947102;-0,108786219;4,560947102;0;0;base
27;44;2007;4;0;0;0;0,1;0;0;0;269252,0606;6645413,775;0;0;4,560947102;0;4,560947102;0;0;base
28;44;2007;5;0;0;0;0,1;0;4,074451732;0,238;269252,0606;6645413,775;0;0;4,560947102;-0,637730198;4,560947102;0;0;base
29;44;2007;6;0;0;0;0,1;0;26,78418272;0,552;269252,0606;6645413,775;0;0;4,560947102;0,383791577;4,560947102;0;0;base
30;44;2007;7;0;0;0;0,1;0;2,68987813;0,538;269252,0606;6645413,775;0;0;4,560947102;-0,894911304;4,560947102;0;0;base
31;44;2007;8;0;0;0;0,1;0;15,07670342;0,873;269252,0606;6645413,775;0;0;4,560947102;0,056863218;4,560947102;0;0;base
32;44;2007;9;0;0;0;0,1;0;0;0,382;269252,0606;6645413,775;0;0;4,560947102;0;4,560947102;0;0;base
33;44;2007;10;0;0;0;0,1;1;0,44244402;0,33;269252,0606;6645413,775;0;0;4,560947102;-0,04844565;4,560947102;0;0;base
34;44;2007;11;0;0;0;0,1;1;0,08550538;0,507;269252,0606;6645413,775;0;0;4,560947102;-0,054600433;4,560947102;0;0;base
35;44;2007;12;0;0;0;0,1;1;0;0,407;269252,0606;6645413,775;0;0;4,560947102;0;4,560947102;0;0;base
143;45;2007;1;0;0;0;15,89583333;1;7,505552275;0,332545455;320756,3223;6594510,657;0;0;3,587226149;0,793880027;3,72267086;0;0;base
144;45;2007;2;0;0;0;16,51666667;1;10,27212875;0,276878788;320756,3223;6594510,657;0;0;3,430518671;0,967248776;3,587226149;0;0;base
145;45;2007;3;0;0;0;17,1375;1;12,37618647;0,270181818;320756,3223;6594510,657;0;0;3,244606578;0,730838014;3,430518671;0;0;base
146;45;2007;4;0;0;0;17,75833333;0;13,41161706;0,346727273;320756,3223;6594510,657;0;0;3,016052934;0,295624651;3,244606578;0;0;base
147;45;2007;5;0;0;0;18,37916667;0;24,8955192;0,448787879;320756,3223;6594510,657;0;0;2,719288484;-0,043023721;3,016052934;0;0;base
149;45;2007;7;0;0;0;18,69230769;0;48,76417312;0,711606061;320756,3223;6594510,657;0;0;2,344034242;0,147045794;2,295407343;0;0;base
150;45;2007;8;0;0;0;18,38461538;0;18,69103489;0,616757576;320756,3223;6594510,657;0;0;2,390405812;-0,345035887;2,344034242;0;0;base
151;45;2007;9;0;0;0;18,07692308;0;0,345152119;0,728030303;320756,3223;6594510,657;0;0;2,434722018;-2,214239918;2,390405812;0;0;base
152;45;2007;10;0;0;0;17,76923077;1;4,172447986;1,087333333;320756,3223;6594510,657;0;0;2,477157356;-0,00168883;2,434722018;0;0;base
153;45;2007;11;0;0;0;17,46153846;1;3,205868475;1,006242424;320756,3223;6594510,657;0;0;2,517865002;0,368046037;2,477157356;0;0;base
154;45;2007;12;0;0;0;17,15384615;1;1,707401425;0,582060606;320756,3223;6594510,657;0;0;2,556980152;0,305179495;2,517865002;0;0;base
262;47;2007;1;0;0;0;1,0102156;1;3,063999945;1,982923077;318973,2185;6494678,62;0;0;5,379284593;-0,019061682;5,379284593;0;0;base
263;47;2007;2;0;0;0;1,0102156;1;4,938764939;1,124846154;318973,2185;6494678,62;0;0;5,379284593;0,610850659;5,379284593;0;0;base
264;47;2007;3;0;0;0;1,0102156;1;16,43439059;0,934923077;318973,2185;6494678,62;0;0;5,379284593;1,163340513;5,379284593;0;0;base
265;47;2007;4;0;0;0;1,0102156;0;3,12865228;1,035153846;318973,2185;6494678,62;0;0;5,379284593;-0,23178326;5,379284593;0;0;base
266;47;2007;5;0;0;0;1,0102156;0;17,08056138;1,049230769;318973,2185;6494678,62;0;0;5,379284593;-0,295575227;5,379284593;0;0;base
267;47;2007;6;0;0;0;1,0102156;0;122,2314022;2,253692308;318973,2185;6494678,62;0;0;5,379284593;0,852180694;5,379284593;0;0;base
268;47;2007;7;0;0;0;1,0102156;0;36,15753861;2,039384615;318973,2185;6494678,62;0;0;5,379284593;-0,068579382;5,379284593;0;0;base
269;47;2007;8;0;0;0;1,0102156;0;23,77146652;1,935307692;318973,2185;6494678,62;0;0;5,379284593;-0,345421175;5,379284593;0;0;base
270;47;2007;9;0;0;0;1,0102156;0;2,56E-06;2,058307692;318973,2185;6494678,62;0;0;5,379284593;-5,201464804;5,379284593;0;0;base
271;47;2007;10;0;0;0;1,0102156;1;1,749753197;4,899230769;318973,2185;6494678,62;0;0;5,379284593;-0,605739835;5,379284593;0;0;base
272;47;2007;11;0;0;0;1,0102156;1;3,424807672;4,746923077;318973,2185;6494678,62;0;0;5,379284593;0,454034343;5,379284593;0;0;base
273;47;2007;12;0;0;0;1,0102156;1;2,860849363;1,970846154;318973,2185;6494678,62;0;0;5,379284593;0,549978596;5,379284593;0;0;base
381;48;2007;1;0;0;0;1,2;1;0;0,005666667;279017,7907;6472141,879;0;0;4,602544357;0;4,602544357;0;0;base
382;48;2007;2;0;0;0;1,2;1;0,202054427;0,005666667;279017,7907;6472141,879;0;0;4,602544357;-0,397439669;4,602544357;0;0;base
383;48;2007;3;0;0;0;1,2;1;17,63629123;0,006333333;279017,7907;6472141,879;0;0;4,602544357;0,878226476;4,602544357;0;0;base
384;48;2007;4;0;0;0;1,2;0;0;0,014;279017,7907;6472141,879;0;0;4,602544357;0;4,602544357;0;0;base
385;48;2007;5;0;0;0;1,2;0;9,726547933;0,019666667;279017,7907;6472141,879;0;0;4,602544357;-0,872543935;4,602544357;0;0;base
386;48;2007;6;0;0;0;1,2;0;128,935999;0,032666667;279017,7907;6472141,879;0;0;4,602544357;0,83307357;4,602544357;0;0;base
387;48;2007;7;0;0;0;1,2;0;11,96491248;0,016666667;279017,7907;6472141,879;0;0;4,602544357;-0,990741287;4,602544357;0;0;base
388;48;2007;8;0;0;0;1,2;0;29,99617808;0,013666667;279017,7907;6472141,879;0;0;4,602544357;-0,449483105;4,602544357;0;0;base
389;48;2007;9;0;0;0;1,2;0;0;0,010666667;279017,7907;6472141,879;0;0;4,602544357;0;4,602544357;0;0;base
390;48;2007;10;0;0;0;1,2;1;1,4818892;0,007666667;279017,7907;6472141,879;0;0;4,602544357;-0,303447569;4,602544357;0;0;base
391;48;2007;11;0;0;0;1,2;1;2,878925267;0,006;279017,7907;6472141,879;0;0;4,602544357;0,332894873;4,602544357;0;0;base
392;48;2007;12;0;0;0;1,2;1;0;0,005;279017,7907;6472141,879;0;0;4,602544357;0;4,602544357;0;0;base
500;51;2007;1;0;0;0;2,5;1;5,358985003;0,177;315654,723;6433715,872;0;0;4,668043666;0,334254927;4,668043666;0;0;base
501;51;2007;2;0;0;0;2,5;1;5,849477903;0,1964;315654,723;6433715,872;0;0;4,668043666;0,55089611;4,668043666;0;0;base
502;51;2007;3;0;0;0;2,5;1;26,11573055;0,1188;315654,723;6433715,872;0;0;4,668043666;1,299487268;4,668043666;0;0;base
503;51;2007;4;0;0;0;2,5;0;2,614247704;0,1058;315654,723;6433715,872;0;0;4,668043666;-0,635620332;4,668043666;0;0;base
504;51;2007;5;0;0;0;2,5;0;17,70681312;0,1098;315654,723;6433715,872;0;0;4,668043666;-0,567920933;4,668043666;0;0;base
505;51;2007;6;0;0;0;2,5;0;135,3805065;0,176;315654,723;6433715,872;0;0;4,668043666;0,781078397;4,668043666;0;0;base
506;51;2007;7;0;0;0;2,5;0;38,89564513;0,199;315654,723;6433715,872;0;0;4,668043666;-0,256513307;4,668043666;0;0;base
507;51;2007;8;0;0;0;2,5;0;34,3230645;0;315654,723;6433715,872;0;0;4,668043666;-0,384225181;4,668043666;0;0;base
508;51;2007;9;0;0;0;2,5;0;0,178074838;0;315654,723;6433715,872;0;0;4,668043666;-3,191449813;4,668043666;0;0;base
509;51;2007;10;0;0;0;2,5;1;3,55698626;0;315654,723;6433715,872;0;0;4,668043666;-0,806355048;4,668043666;0;0;base
510;51;2007;11;0;0;0;2,5;1;7,13271556;0,0014;315654,723;6433715,872;0;0;4,668043666;0,472797149;4,668043666;0;0;base
511;51;2007;12;0;0;0;2,5;1;2,107864249;0,0014;315654,723;6433715,872;0;0;4,668043666;0,141685366;4,668043666;0;0;base
619;52;2007;1;0;0;0;6,2501;1;6,682895904;0,311;321601,7251;6409548,844;0;0;5,120246901;0,65421787;5,120246901;0;0;base
620;52;2007;2;0;0;0;6,2501;1;7,081271813;0,292333333;321601,7251;6409548,844;0;0;5,120246901;0,691289202;5,120246901;0;0;base
621;52;2007;3;0;0;0;6,2501;1;26,86220887;0,307;321601,7251;6409548,844;0;0;5,120246901;1,335199312;5,120246901;0;0;base
622;52;2007;4;0;0;0;6,2501;0;3,353652883;0,224666667;321601,7251;6409548,844;0;0;5,120246901;-0,603073831;5,120246901;0;0;base
623;52;2007;5;0;0;0;6,2501;0;16,12109714;0,121;321601,7251;6409548,844;0;0;5,120246901;-0,679416297;5,120246901;0;0;base
624;52;2007;6;0;0;0;6,2501;0;124,6609276;0,165;321601,7251;6409548,844;0;0;5,120246901;0,699682377;5,120246901;0;0;base
625;52;2007;7;0;0;0;6,2501;0;44,18847936;0,214;321601,7251;6409548,844;0;0;5,120246901;-0,220526751;5,120246901;0;0;base
626;52;2007;8;0;0;0;6,2501;0;38,95892277;0,036333333;321601,7251;6409548,844;0;0;5,120246901;-0,302534323;5,120246901;0;0;base
627;52;2007;9;0;0;0;6,2501;0;0,713107048;0,026;321601,7251;6409548,844;0;0;5,120246901;-2,555889967;5,120246901;0;0;base
628;52;2007;10;0;0;0;6,2501;1;2,493926433;0,012333333;321601,7251;6409548,844;0;0;5,120246901;-1,13906607;5,120246901;0;0;base
629;52;2007;11;0;0;0;6,2501;1;6,604423333;0,003666667;321601,7251;6409548,844;0;0;5,120246901;0,426930796;5,120246901;0;0;base
630;52;2007;12;0;0;0;6,2501;1;1,754242676;0;321601,7251;6409548,844;0;0;5,120246901;0,122364469;5,120246901;0;0;base
738;53;2007;1;0;0;0;11,24686667;1;0;0;276406,0805;6383100,075;0;0;1,028414233;0;1,028414233;0;0;base
739;53;2007;2;0;0;0;11,24686667;1;5,7965688;0;276406,0805;6383100,075;0;0;1,028414233;0,792854082;1,028414233;0;0;base
740;53;2007;3;0;0;0;11,24686667;1;11,2343862;0;276406,0805;6383100,075;0;0;1,028414233;0,717703158;1,028414233;0;0;base
741;53;2007;4;0;0;0;11,24686667;0;0;0;276406,0805;6383100,075;0;0;1,028414233;0;1,028414233;0;0;base
742;53;2007;5;0;0;0;11,24686667;0;12,4571612;0,011;276406,0805;6383100,075;0;0;1,028414233;-1,281914968;1,028414233;0;0;base
743;53;2007;6;0;0;0;11,24686667;0;107,1266075;0;276406,0805;6383100,075;0;0;1,028414233;0,31616065;1,028414233;0;0;base
744;53;2007;7;0;0;0;11,24686667;0;45,5244357;0,012;276406,0805;6383100,075;0;0;1,028414233;-0,4478272;1,028414233;0;0;base
745;53;2007;8;0;0;0;11,24686667;0;44,60417628;0;276406,0805;6383100,075;0;0;1,028414233;-0,405858469;1,028414233;0;0;base
746;53;2007;9;0;0;0;11,24686667;0;0;0;276406,0805;6383100,075;0;0;1,028414233;0;1,028414233;0;0;base
747;53;2007;10;0;0;0;11,24686667;1;0;0;276406,0805;6383100,075;0;0;1,028414233;0;1,028414233;0;0;base
748;53;2007;11;0;0;0;11,24686667;1;0;0;276406,0805;6383100,075;0;0;1,028414233;0;1,028414233;0;0;base
749;53;2007;12;0;0;0;11,24686667;1;0;0;276406,0805;6383100,075;0;0;1,028414233;0;1,028414233;0;0;base
857;54;2007;1;0;0;0;2,836707969;1;3,013608982;10,22619231;344556,3868;6372956,136;0;0;6,006970656;-0,346834254;6,006970656;0;0;base
858;54;2007;2;0;0;0;2,836707969;1;10,95826055;3,557961538;344556,3868;6372956,136;0;0;6,006970656;1,037823983;6,006970656;0;0;base
859;54;2007;3;0;0;0;2,836707969;1;20,61838768;2,473115385;344556,3868;6372956,136;0;0;6,006970656;1,398281606;6,006970656;0;0;base
860;54;2007;4;0;0;0;2,836707969;0;4,750621425;1,731807692;344556,3868;6372956,136;0;0;6,006970656;-0,344328743;6,006970656;0;0;base
861;54;2007;5;0;0;0;2,836707969;0;13,8430686;0,952923077;344556,3868;6372956,136;0;0;6,006970656;-0,885479729;6,006970656;0;0;base
862;54;2007;6;0;0;0;2,836707969;0;134,2716016;2,049;344556,3868;6372956,136;0;0;6,006970656;0,604887925;6,006970656;0;0;base
863;54;2007;7;0;0;0;2,836707969;0;79,08709995;2,343961538;344556,3868;6372956,136;0;0;6,006970656;0,279643969;6,006970656;0;0;base
864;54;2007;8;0;0;0;2,836707969;0;26,71009732;0,529038462;344556,3868;6372956,136;0;0;6,006970656;-0,500508046;6,006970656;0;0;base
865;54;2007;9;0;0;0;2,836707969;0;0,034072898;0,760653846;344556,3868;6372956,136;0;0;6,006970656;-3,045384627;6,006970656;0;0;base
866;54;2007;10;0;0;0;2,836707969;1;0,579862803;1,361076923;344556,3868;6372956,136;0;0;6,006970656;-1,063776907;6,006970656;0;0;base
867;54;2007;11;0;0;0;2,836707969;1;5,023811319;2,441538462;344556,3868;6372956,136;0;0;6,006970656;0,323361215;6,006970656;0;0;base
868;54;2007;12;0;0;0;2,836707969;1;11,77149373;2,066269231;344556,3868;6372956,136;0;0;6,006970656;1,293137912;6,006970656;0;0;base
976;55;2007;1;0;0;0;8,0114;1;0,675848976;36,27273913;269807,3844;6315109,157;0;0;7,001109047;-1,339580392;7,001109047;0;0;base
977;55;2007;2;0;0;0;8,0114;1;21,96491385;21,56082609;269807,3844;6315109,157;0;0;7,001109047;1,403626403;7,001109047;0;0;base
978;55;2007;3;0;0;0;8,0114;1;22,64614231;18,33943478;269807,3844;6315109,157;0;0;7,001109047;1,104886899;7,001109047;0;0;base
979;55;2007;4;0;0;0;8,0114;0;24,59519642;12,81091304;269807,3844;6315109,157;0;0;7,001109047;-0,040407722;7,001109047;0;0;base
980;55;2007;5;0;0;0;8,0114;0;28,57747839;11,01304348;269807,3844;6315109,157;0;0;7,001109047;-0,908458077;7,001109047;0;0;base
981;55;2007;6;0;0;0;8,0114;0;157,2880508;12,86317391;269807,3844;6315109,157;0;0;7,001109047;0,396934762;7,001109047;0;0;base
982;55;2007;7;0;0;0;8,0114;0;145,2793117;12,62786957;269807,3844;6315109,157;0;0;7,001109047;0,477217807;7,001109047;0;0;base
983;55;2007;8;0;0;0;8,0114;0;41,70542356;11,53430435;269807,3844;6315109,157;0;0;7,001109047;-0,609592902;7,001109047;0;0;base
984;55;2007;9;0;0;0;8,0114;0;0,685729349;11,17313043;269807,3844;6315109,157;0;0;7,001109047;-2,919620759;7,001109047;0;0;base
985;55;2007;10;0;0;0;8,0114;1;3,805545006;14,43591304;269807,3844;6315109,157;0;0;7,001109047;-1,269511394;7,001109047;0;0;base
986;55;2007;11;0;0;0;8,0114;1;10,06589118;18,72282609;269807,3844;6315109,157;0;0;7,001109047;0,034881463;7,001109047;0;0;base
987;55;2007;12;0;0;0;8,0114;1;9,214440041;18,38691304;269807,3844;6315109,157;0;0;7,001109047;0,334873591;7,001109047;0;0;base
1095;57;2007;1;1;0;0;1;1;0,675848976;36,27273913;351939,7258;6283636,359;0;0;5,608629034;-1,339580392;5,922747608;0;0;base
1096;57;2007;2;0;0;0;4,5;1;21,96491385;21,56082609;351939,7258;6283636,359;0;0;6,667446509;1,403626403;5,608629034;0;0;base
1097;57;2007;3;1;0;0;8;1;22,64614231;18,33943478;351939,7258;6283636,359;0;0;7,170119543;1,104886899;6,667446509;0;0;base
1098;57;2007;4;1;0;0;23;0;24,59519642;12,81091304;351939,7258;6283636,359;0;0;2,470468503;-0,040407722;7,170119543;0;0;base
1099;57;2007;5;2;0;0;6,025;0;28,57747839;11,01304348;351939,7258;6283636,359;0;0;3,724890519;-0,908458077;2,470468503;0;0;base
1100;57;2007;6;2;0;0;1,083333334;0;157,2880508;12,86317391;351939,7258;6283636,359;0;0;6,793947586;0,396934762;3,724890519;0;0;base
1101;57;2007;7;1;0;0;45;0;145,2793117;12,62786957;351939,7258;6283636,359;0;0;2,01290232;0,477217807;6,793947586;0;0;base
1102;57;2007;8;1;0;0;0,083898;0;41,70542356;11,53430435;351939,7258;6283636,359;0;0;5,981247566;-0,609592902;2,01290232;0;0;base
1103;57;2007;9;0;0;0;0,125282334;0;0,685729349;11,17313043;351939,7258;6283636,359;0;0;5,363394448;-2,919620759;5,981247566;0;0;base
1104;57;2007;10;1;0;0;0,166666667;1;3,805545006;14,43591304;351939,7258;6283636,359;0;0;3,432776804;-1,269511394;5,363394448;0;0;base
1105;57;2007;11;0;0;0;0,102077431;1;10,06589118;18,72282609;351939,7258;6283636,359;0;0;6,26474262;0,034881463;3,432776804;0;0;base
1106;57;2007;12;6;0;0;0,037488195;1;9,214440041;18,38691304;351939,7258;6283636,359;0;0;6,92799901;0,334873591;6,26474262;0;0;base
1214;60;2007;1;0;0;0;13,13333333;1;0,502255083;37,8311;323883,3901;6190201,379;0;0;5,27044237;-0,713256712;5,294555913;0;0;base
1215;60;2007;2;3;0;0;12,7;1;33,16013411;25,96115;323883,3901;6190201,379;0;0;5,245732966;1,541434387;5,27044237;0;0;base
1216;60;2007;3;1;0;0;49;1;25,94968286;18,17955;323883,3901;6190201,379;0;0;4,016948438;0,837971865;5,245732966;0;0;base
1217;60;2007;4;0;0;0;26,3;0;26,35430898;7,7875;323883,3901;6190201,379;0;0;3,389236382;-0,542080686;4,016948438;0;0;base
1218;60;2007;5;1;0;0;3,6;0;56,72154484;5,9353;323883,3901;6190201,379;0;0;1,323148309;-1,057706538;3,389236382;0;0;base
1219;60;2007;6;0;0;0;5,8;0;204,6036155;7,8011;323883,3901;6190201,379;0;0;2,92018388;-0,063461947;1,323148309;0;0;base
1220;60;2007;7;1;0;0;8;0;227,6551229;12,21195;323883,3901;6190201,379;0;0;3,506582964;0,358354675;2,92018388;0;0;base
1221;60;2007;8;1;0;0;12,5;0;103,6698305;11,21595;323883,3901;6190201,379;0;0;0,24036866;-0,385789953;3,506582964;0;0;base
1222;60;2007;9;2;0;0;10,25;0;5,942034206;9,88375;323883,3901;6190201,379;0;0;6,037070849;-1,974567378;0,24036866;0;0;base
1223;60;2007;10;0;0;0;28,625;1;8,175344923;9,9555;323883,3901;6190201,379;0;0;5,479486384;-1,130719401;6,037070849;0;0;base
1224;60;2007;11;1;0;0;47;1;14,6872267;13,2011;323883,3901;6190201,379;0;0;4,107296908;-0,201614602;5,479486384;0;0;base
1225;60;2007;12;0;0;0;63,33333333;1;3,555400494;15,0364;323883,3901;6190201,379;0;0;3,963517507;-0,084149158;4,107296908;0;0;base
1333;71;2007;1;0;0;0;31;1;0,834127314;45,889;309426,6977;6110482,181;0;0;3,836560741;-1,188719989;3,836560741;0;0;base
1334;71;2007;2;0;0;0;31;1;48,69370012;26,024;309426,6977;6110482,181;0;0;3,836560741;1,228203737;3,836560741;0;0;base
1335;71;2007;3;0;0;0;31;1;45,45008801;17,433;309426,6977;6110482,181;0;0;3,836560741;0,921568525;3,836560741;0;0;base
1336;71;2007;4;0;0;0;31;0;23,99754198;12,43966667;309426,6977;6110482,181;0;0;3,836560741;-0,784033306;3,836560741;0;0;base
1337;71;2007;5;0;0;0;31;0;69,67791842;11,424;309426,6977;6110482,181;0;0;3,836560741;-1,156846787;3,836560741;0;0;base
1338;71;2007;6;0;0;0;31;0;248,5623701;13,77422222;309426,6977;6110482,181;0;0;3,836560741;-0,295131629;3,836560741;0;0;base
1339;71;2007;7;0;0;0;31;0;307,4269051;21,02744444;309426,6977;6110482,181;0;0;3,836560741;0,310393263;3,836560741;0;0;base
1340;71;2007;8;0;0;0;31;0;157,7646338;20,96733333;309426,6977;6110482,181;0;0;3,836560741;-0,2616719;3,836560741;0;0;base
1341;71;2007;9;0;0;0;31;0;28,81015595;23,61522222;309426,6977;6110482,181;0;0;3,836560741;-1,331802409;3,836560741;0;0;base
1342;71;2007;10;0;0;0;31;1;22,82888495;32,299;309426,6977;6110482,181;0;0;3,836560741;-0,77516474;3,836560741;0;0;base
1343;71;2007;11;0;0;0;31;1;31,92231786;30,44577778;309426,6977;6110482,181;0;0;3,836560741;-0,025064748;3,836560741;0;0;base
1344;71;2007;12;0;0;0;31;1;5,474043435;20,99155556;309426,6977;6110482,181;0;0;3,836560741;-0,411642718;3,836560741;0;0;base
1452;81;2007;1;0;0;0;13,225;1;24,20294329;14,10430769;236796,9474;5931893,018;0;0;2,742392264;0,2913615;2,742392264;0;0;base
1453;81;2007;2;0;0;0;13,225;1;87,37583987;11,6025;236796,9474;5931893,018;0;0;2,742392264;1,045245197;2,742392264;0;0;base
1454;81;2007;3;0;0;0;13,225;1;36,46018695;9,769846154;236796,9474;5931893,018;0;0;2,742392264;0,167246236;2,742392264;0;0;base
1455;81;2007;4;0;0;0;13,225;0;120,6399529;13,40815385;236796,9474;5931893,018;0;0;2,742392264;0,293710279;2,742392264;0;0;base
1456;81;2007;5;0;0;0;13,225;0;50,09605035;14,13746154;236796,9474;5931893,018;0;0;2,742392264;-1,522578998;2,742392264;0;0;base
1457;81;2007;6;0;0;0;13,225;0;182,0588325;15,39742308;236796,9474;5931893,018;0;0;2,742392264;-1,202179727;2,742392264;0;0;base
1458;81;2007;7;0;0;0;13,225;0;314,1361478;49,96630769;236796,9474;5931893,018;0;0;2,742392264;0,261282419;2,742392264;0;0;base
1459;81;2007;8;0;0;0;13,225;0;165,8545324;47,92503846;236796,9474;5931893,018;0;0;2,742392264;-0,573154528;2,742392264;0;0;base
1460;81;2007;9;0;0;0;13,225;0;78,90715856;47,84903846;236796,9474;5931893,018;0;0;2,742392264;-0,598798888;2,742392264;0;0;base
1461;81;2007;10;0;0;0;13,225;1;40,16365698;42,84207692;236796,9474;5931893,018;0;0;2,742392264;-0,642505299;2,742392264;0;0;base
1462;81;2007;11;0;0;0;13,225;1;10,32750135;24,81234615;236796,9474;5931893,018;0;0;2,742392264;-1,312007569;2,742392264;0;0;base
1463;81;2007;12;0;0;0;13,225;1;26,38594989;10,53196154;236796,9474;5931893,018;0;0;2,742392264;-0,017557036;2,742392264;0;0;base
1571;83;2007;1;0;0;0;11,9045;1;32,67131246;42,79710811;238842,9699;5819516,108;0;0;2,579617166;-0,002951671;2,579617166;0;0;base
1572;83;2007;2;0;0;0;11,9045;1;73,82873434;47,64116216;238842,9699;5819516,108;0;0;2,579617166;0,760548084;2,579617166;0;0;base
1573;83;2007;3;0;0;0;11,9045;1;31,34393522;46,79159459;238842,9699;5819516,108;0;0;2,579617166;-0,684206839;2,579617166;0;0;base
1574;83;2007;4;0;0;0;11,9045;0;156,999704;42,18675676;238842,9699;5819516,108;0;0;2,579617166;0,409627118;2,579617166;0;0;base
1575;83;2007;5;0;0;0;11,9045;0;79,38940301;38,34764865;238842,9699;5819516,108;0;0;2,579617166;-1,27109269;2,579617166;0;0;base
1576;83;2007;6;0;0;0;11,9045;0;229,0917636;47,87178378;238842,9699;5819516,108;0;0;2,579617166;-0,987341893;2,579617166;0;0;base
1577;83;2007;7;0;0;0;11,9045;0;332,7567611;96,79432432;238842,9699;5819516,108;0;0;2,579617166;0,360412071;2,579617166;0;0;base
1578;83;2007;8;0;0;0;11,9045;0;184,0366537;82,31618919;238842,9699;5819516,108;0;0;2,579617166;-0,597272243;2,579617166;0;0;base
1579;83;2007;9;0;0;0;11,9045;0;90,01245912;85,42345946;238842,9699;5819516,108;0;0;2,579617166;-0,701590742;2,579617166;0;0;base
1580;83;2007;10;0;0;0;11,9045;1;70,81104456;92,61;238842,9699;5819516,108;0;0;2,579617166;-0,399307519;2,579617166;0;0;base
1581;83;2007;11;0;0;0;11,9045;1;19,64021411;76,934;238842,9699;5819516,108;0;0;2,579617166;-1,257068259;2,579617166;0;0;base
1582;83;2007;12;0;0;0;11,9045;1;48,14561611;51,37502703;238842,9699;5819516,108;0;0;2,579617166;0,064700921;2,579617166;0;0;base
1690;101;2007;1;0;0;0;4,31372549;1;34,36402242;48,14438462;196471,5747;5594635,437;0;0;3,681681761;-0,706017927;3,681681761;0;0;base
1691;101;2007;2;0;0;0;4,31372549;1;60,37895366;27,473;196471,5747;5594635,437;0;0;3,681681761;0,167891457;3,681681761;0;0;base
1692;101;2007;3;0;0;0;4,31372549;1;49,2280023;32,07476923;196471,5747;5594635,437;0;0;3,681681761;-1,353207881;3,681681761;0;0;base
1693;101;2007;4;0;0;0;4,31372549;0;218,4085052;46,83315385;196471,5747;5594635,437;0;0;3,681681761;0,597461575;3,681681761;0;0;base
1694;101;2007;5;0;0;0;4,31372549;0;126,398133;62,67646154;196471,5747;5594635,437;0;0;3,681681761;-1,290854314;3,681681761;0;0;base
1695;101;2007;6;0;0;0;4,31372549;0;283,7044713;94,126;196471,5747;5594635,437;0;0;3,681681761;-0,706423374;3,681681761;0;0;base
1696;101;2007;7;0;0;0;4,31372549;0;353,9574056;174,7523077;196471,5747;5594635,437;0;0;3,681681761;0,335747877;3,681681761;0;0;base
1697;101;2007;8;0;0;0;4,31372549;0;212,8230414;140,5254615;196471,5747;5594635,437;0;0;3,681681761;-0,766226373;3,681681761;0;0;base
1698;101;2007;9;0;0;0;4,31372549;0;165,509995;124,5877692;196471,5747;5594635,437;0;0;3,681681761;-0,155302423;3,681681761;0;0;base
1699;101;2007;10;0;0;0;4,31372549;1;194,3359618;129,9305385;196471,5747;5594635,437;0;0;3,681681761;0,591058828;3,681681761;0;0;base
1700;101;2007;11;0;0;0;4,31372549;1;61,81828456;137,5928462;196471,5747;5594635,437;0;0;3,681681761;-0,838883938;3,681681761;0;0;base
1701;101;2007;12;0;0;0;4,31372549;1;65,92002526;89,05484615;196471,5747;5594635,437;0;0;3,681681761;-0,231729366;3,681681761;0;0;base
1809;103;2007;1;1;0;0;15;1;32,73247106;46,35438889;186695,3928;5505964,756;0;0;1,696187142;-1,515406016;2,966863807;0;0;base
1810;103;2007;2;3;0;0;30,33333333;1;68,39138385;30,92216667;186695,3928;5505964,756;0;0;3,327840022;-0,167200905;1,696187142;0;0;base
1811;103;2007;3;0;0;0;30,84210526;1;71,68193252;28,071;186695,3928;5505964,756;0;0;3,280925731;-1,362759398;3,327840022;0;0;base
1812;103;2007;4;0;0;0;31,35087719;0;220,0871889;34,738;186695,3928;5505964,756;0;0;3,231701685;0,415541363;3,280925731;0;0;base
1813;103;2007;5;0;0;0;31,85964912;0;137,5176162;35,79227778;186695,3928;5505964,756;0;0;3,179928618;-1,347905347;3,231701685;0;0;base
1814;103;2007;6;0;0;0;32,36842105;0;244,8374061;46,73266667;186695,3928;5505964,756;0;0;3,125328045;-1,070673567;3,179928618;0;0;base
1815;103;2007;7;0;0;0;32,87719298;0;322,9894831;82,18911111;186695,3928;5505964,756;0;0;3,067573196;0,25920015;3,125328045;0;0;base
1816;103;2007;8;0;0;0;33,38596491;0;204,7700612;77,27272222;186695,3928;5505964,756;0;0;3,006277158;-0,979377611;3,067573196;0;0;base
1817;103;2007;9;0;0;0;33,89473684;0;202,6022017;84,13183333;186695,3928;5505964,756;0;0;2,940977155;0,182815733;3,006277158;0;0;base
1818;103;2007;10;0;0;0;34,40350877;1;233,4731153;70,16161111;186695,3928;5505964,756;0;0;2,871113307;0,805937879;2,940977155;0;0;base
1819;103;2007;11;0;0;0;34,9122807;1;78,22538532;66,04877778;186695,3928;5505964,756;0;0;2,795999418;-1,002363226;2,871113307;0;0;base
1820;103;2007;12;0;0;0;35,42105263;1;90,34209874;47,47177778;186695,3928;5505964,756;0;0;2,71478186;-0,23088078;2,795999418;0;0;base
148;45;2007;6;1;0;1;19;0;98,44703609;0,746636364;320756,3223;6594510,657;1;0;2,295407343;0,799969085;2,719288484;0;0;base
36;44;2008;1;0;0;0;0,1;1;0;0,248;269252,0606;6645413,775;0;0;4,560947102;0;4,560947102;0;0;base
37;44;2008;2;0;0;0;0,1;1;0;0,149;269252,0606;6645413,775;0;0;4,560947102;0;4,560947102;0;0;base
38;44;2008;3;0;0;0;0,1;1;0,718882972;0,156;269252,0606;6645413,775;0;0;4,560947102;-0,144013483;4,560947102;0;0;base
39;44;2008;4;0;0;0;0,1;0;0,11563803;0;269252,0606;6645413,775;0;0;4,560947102;-1,264514979;4,560947102;0;0;base
40;44;2008;5;0;0;0;0,1;0;20,62686363;0,519;269252,0606;6645413,775;0;0;4,560947102;0,421119158;4,560947102;0;0;base
41;44;2008;6;0;0;0;0,1;0;12,71575;0,714;269252,0606;6645413,775;0;0;4,560947102;-0,055333005;4,560947102;0;0;base
42;44;2008;7;0;0;0;0,1;0;30,3712995;1,474;269252,0606;6645413,775;0;0;4,560947102;0,359181323;4,560947102;0;0;base
43;44;2008;8;0;0;0;0,1;0;42,4306732;0,874;269252,0606;6645413,775;0;0;4,560947102;1,043632705;4,560947102;0;0;base
44;44;2008;9;0;0;0;0,1;0;5,17463263;0,658;269252,0606;6645413,775;0;0;4,560947102;0,362767832;4,560947102;0;0;base
45;44;2008;10;0;0;0;0,1;1;0,007814823;0,602;269252,0606;6645413,775;0;0;4,560947102;-0,850150022;4,560947102;0;0;base
46;44;2008;11;0;0;0;0,1;1;3,3703288;0,528;269252,0606;6645413,775;0;0;4,560947102;1,422280804;4,560947102;0;0;base
47;44;2008;12;0;0;0;0,1;1;0;0,35;269252,0606;6645413,775;0;0;4,560947102;0;4,560947102;0;0;base
155;45;2008;1;0;0;0;16,84615385;1;3,284625668;0,256424242;320756,3223;6594510,657;0;0;2,594622726;-0,027745243;2,556980152;0;0;base
156;45;2008;2;0;0;0;16,53846154;1;3,168826768;0,299969697;320756,3223;6594510,657;0;0;2,63089959;-0,19588957;2,594622726;0;0;base
157;45;2008;3;0;0;0;16,23076923;1;12,25195045;0,317606061;320756,3223;6594510,657;0;0;2,665906382;0,72362838;2,63089959;0;0;base
158;45;2008;4;0;0;0;15,92307692;0;4,590104164;0,361333333;320756,3223;6594510,657;0;0;2,699729036;-0,317477808;2,665906382;0;0;base
159;45;2008;5;0;0;0;15,61538462;0;79,67464191;0,436393939;320756,3223;6594510,657;0;0;2,732445045;1,020012742;2,699729036;0;0;base
160;45;2008;6;0;0;0;15,30769231;0;53,28200314;0,801212121;320756,3223;6594510,657;0;0;2,764124538;0,25999159;2,732445045;0;0;base
162;45;2008;8;0;0;0;15;0;114,3481871;1,535545455;320756,3223;6594510,657;0;0;3,074376739;1,333163001;2,794831181;0;0;base
163;45;2008;9;0;0;0;15;0;17,49568895;1,394424242;320756,3223;6594510,657;0;0;3,292606414;0,218629496;3,074376739;0;0;base
164;45;2008;10;0;0;0;15;1;0,739638341;2,211515152;320756,3223;6594510,657;0;0;3,471638586;-0,849188765;3,292606414;0;0;base
166;45;2008;12;0;0;0;14,27138705;1;1,105705963;1,079121212;320756,3223;6594510,657;0;0;3,983900706;0,034171887;3,623433064;0;0;base
274;47;2008;1;0;0;0;1,0102156;1;1,044669797;0,917615385;318973,2185;6494678,62;0;0;5,379284593;-0,612259083;5,379284593;0;0;base
275;47;2008;2;0;0;0;1,0102156;1;1,55123813;1,699923077;318973,2185;6494678,62;0;0;5,379284593;-0,174242055;5,379284593;0;0;base
276;47;2008;3;0;0;0;1,0102156;1;9,921139228;1,283923077;318973,2185;6494678,62;0;0;5,379284593;0,743376501;5,379284593;0;0;base
277;47;2008;4;0;0;0;1,0102156;0;6,299667733;1,293923077;318973,2185;6494678,62;0;0;5,379284593;0,060359204;5,379284593;0;0;base
278;47;2008;5;0;0;0;1,0102156;0;94,27897817;1,843153846;318973,2185;6494678,62;0;0;5,379284593;1,104704973;5,379284593;0;0;base
279;47;2008;6;0;0;0;1,0102156;0;69,68645671;1,733846154;318973,2185;6494678,62;0;0;5,379284593;0,305742878;5,379284593;0;0;base
280;47;2008;7;0;0;0;1,0102156;0;38,8546378;1,452;318973,2185;6494678,62;0;0;5,379284593;-0,025406534;5,379284593;0;0;base
281;47;2008;8;0;0;0;1,0102156;0;119,9247429;4,070384615;318973,2185;6494678,62;0;0;5,379284593;1,293723285;5,379284593;0;0;base
282;47;2008;9;0;0;0;1,0102156;0;12,2142675;1,595615385;318973,2185;6494678,62;0;0;5,379284593;-0,173363019;5,379284593;0;0;base
283;47;2008;10;0;0;0;1,0102156;1;2,226478652;5,425461538;318973,2185;6494678,62;0;0;5,379284593;-0,479642031;5,379284593;0;0;base
284;47;2008;11;0;0;0;1,0102156;1;0,041674782;11,51961538;318973,2185;6494678,62;0;0;5,379284593;-0,870732643;5,379284593;0;0;base
285;47;2008;12;0;0;0;1,0102156;1;1,414816575;3,982307692;318973,2185;6494678,62;0;0;5,379284593;0,155199721;5,379284593;0;0;base
393;48;2008;1;0;0;0;1,2;1;0;0,004666667;279017,7907;6472141,879;0;0;4,602544357;0;4,602544357;0;0;base
394;48;2008;2;0;0;0;1,2;1;0;0,003666667;279017,7907;6472141,879;0;0;4,602544357;0;4,602544357;0;0;base
395;48;2008;3;0;0;0;1,2;1;18,64857873;0,004333333;279017,7907;6472141,879;0;0;4,602544357;0,970584863;4,602544357;0;0;base
396;48;2008;4;0;0;0;1,2;0;21,23535525;0,009333333;279017,7907;6472141,879;0;0;4,602544357;0,456325763;4,602544357;0;0;base
397;48;2008;5;0;0;0;1,2;0;98,8265566;0,015333333;279017,7907;6472141,879;0;0;4,602544357;0,952829182;4,602544357;0;0;base
398;48;2008;6;0;0;0;1,2;0;85,0004236;0,013333333;279017,7907;6472141,879;0;0;4,602544357;0,358412711;4,602544357;0;0;base
399;48;2008;7;0;0;0;1,2;0;69,08881533;0,013666667;279017,7907;6472141,879;0;0;4,602544357;0,164351477;4,602544357;0;0;base
400;48;2008;8;0;0;0;1,2;0;103,1336956;0,057;279017,7907;6472141,879;0;0;4,602544357;0,918297335;4,602544357;0;0;base
401;48;2008;9;0;0;0;1,2;0;14,08183059;0,033333333;279017,7907;6472141,879;0;0;4,602544357;-0,306623312;4,602544357;0;0;base
402;48;2008;10;0;0;0;1,2;1;0,000934409;0,017666667;279017,7907;6472141,879;0;0;4,602544357;-1,967346205;4,602544357;0;0;base
403;48;2008;11;0;0;0;1,2;1;0;0,014333333;279017,7907;6472141,879;0;0;4,602544357;0;4,602544357;0;0;base
404;48;2008;12;0;0;0;1,2;1;0;0,022;279017,7907;6472141,879;0;0;4,602544357;0;4,602544357;0;0;base
512;51;2008;1;0;0;0;2,5;1;2,103346512;0,0672;315654,723;6433715,872;0;0;4,668043666;-0,37146837;4,668043666;0;0;base
513;51;2008;2;0;0;0;2,5;1;2,502239295;0,0622;315654,723;6433715,872;0;0;4,668043666;-0,028325664;4,668043666;0;0;base
514;51;2008;3;0;0;0;2,5;1;17,20976865;0,0546;315654,723;6433715,872;0;0;4,668043666;0,857729705;4,668043666;0;0;base
515;51;2008;4;0;0;0;2,5;0;14,98569325;0,0498;315654,723;6433715,872;0;0;4,668043666;0,265366375;4,668043666;0;0;base
516;51;2008;5;0;0;0;2,5;0;113,4957734;0,055;315654,723;6433715,872;0;0;4,668043666;1,072717845;4,668043666;0;0;base
517;51;2008;6;0;0;0;2,5;0;84,40837534;0,0374;315654,723;6433715,872;0;0;4,668043666;0,283806094;4,668043666;0;0;base
518;51;2008;7;0;0;0;2,5;0;53,60788273;0,121;315654,723;6433715,872;0;0;4,668043666;-0,035005226;4,668043666;0;0;base
519;51;2008;8;0;0;0;2,5;0;129,7947888;0,669;315654,723;6433715,872;0;0;4,668043666;1,120806655;4,668043666;0;0;base
520;51;2008;9;0;0;0;2,5;0;18,91915356;0,588;315654,723;6433715,872;0;0;4,668043666;-0,314380089;4,668043666;0;0;base
521;51;2008;10;0;0;0;2,5;1;2,323122878;0,7842;315654,723;6433715,872;0;0;4,668043666;-1,062326264;4,668043666;0;0;base
522;51;2008;11;0;0;0;2,5;1;0;0,9542;315654,723;6433715,872;0;0;4,668043666;0;4,668043666;0;0;base
523;51;2008;12;0;0;0;2,5;1;0,460988325;0,241;315654,723;6433715,872;0;0;4,668043666;-0,518152232;4,668043666;0;0;base
631;52;2008;1;0;0;0;6,2501;1;2,087930536;0,131666667;321601,7251;6409548,844;0;0;5,120246901;-0,328198372;5,120246901;0;0;base
632;52;2008;2;0;0;0;6,2501;1;2,534387845;0,142666667;321601,7251;6409548,844;0;0;5,120246901;-0,062635446;5,120246901;0;0;base
633;52;2008;3;0;0;0;6,2501;1;18,25677695;0,106333333;321601,7251;6409548,844;0;0;5,120246901;0,896151465;5,120246901;0;0;base
634;52;2008;4;0;0;0;6,2501;0;16,82602963;0,113666667;321601,7251;6409548,844;0;0;5,120246901;0,320066797;5,120246901;0;0;base
635;52;2008;5;0;0;0;6,2501;0;110,9821246;0,126333333;321601,7251;6409548,844;0;0;5,120246901;1,075746362;5,120246901;0;0;base
636;52;2008;6;0;0;0;6,2501;0;80,4366044;0,318333333;321601,7251;6409548,844;0;0;5,120246901;0,226034215;5,120246901;0;0;base
637;52;2008;7;0;0;0;6,2501;0;55,28486592;0,278333333;321601,7251;6409548,844;0;0;5,120246901;-0,04933849;5,120246901;0;0;base
638;52;2008;8;0;0;0;6,2501;0;119,9225978;4,374;321601,7251;6409548,844;0;0;5,120246901;1,073286309;5,120246901;0;0;base
639;52;2008;9;0;0;0;6,2501;0;18,55082876;1,589333333;321601,7251;6409548,844;0;0;5,120246901;-0,323667791;5,120246901;0;0;base
640;52;2008;10;0;0;0;6,2501;1;1,397701233;1,3;321601,7251;6409548,844;0;0;5,120246901;-1,469979756;5,120246901;0;0;base
641;52;2008;11;0;0;0;6,2501;1;0;1,274333333;321601,7251;6409548,844;0;0;5,120246901;0;5,120246901;0;0;base
642;52;2008;12;0;0;0;6,2501;1;0,596112355;0,589333333;321601,7251;6409548,844;0;0;5,120246901;-0,337505981;5,120246901;0;0;base
750;53;2008;1;0;0;0;11,24686667;1;0;0;276406,0805;6383100,075;0;0;1,028414233;0;1,028414233;0;0;base
751;53;2008;2;0;0;0;11,24686667;1;0;0;276406,0805;6383100,075;0;0;1,028414233;0;1,028414233;0;0;base
752;53;2008;3;0;0;0;11,24686667;1;12,821557;0;276406,0805;6383100,075;0;0;1,028414233;0,875112039;1,028414233;0;0;base
753;53;2008;4;0;0;0;11,24686667;0;22,66232643;0,003;276406,0805;6383100,075;0;0;1,028414233;0,536257679;1,028414233;0;0;base
754;53;2008;5;0;0;0;11,24686667;0;129,8955208;0,007;276406,0805;6383100,075;0;0;1,028414233;0,951580182;1,028414233;0;0;base
755;53;2008;6;0;0;0;11,24686667;0;75,5701459;0,121;276406,0805;6383100,075;0;0;1,028414233;-0,050670219;1,028414233;0;0;base
756;53;2008;7;0;0;0;11,24686667;0;91,3997662;0,099;276406,0805;6383100,075;0;0;1,028414233;0,187242276;1,028414233;0;0;base
757;53;2008;8;0;0;0;11,24686667;0;115,2096546;1,119;276406,0805;6383100,075;0;0;1,028414233;0,914235217;1,028414233;0;0;base
758;53;2008;9;0;0;0;11,24686667;0;5,630312183;0,097;276406,0805;6383100,075;0;0;1,028414233;-1,036455284;1,028414233;0;0;base
759;53;2008;10;0;0;0;11,24686667;1;0;0,05;276406,0805;6383100,075;0;0;1,028414233;0;1,028414233;0;0;base
760;53;2008;11;0;0;0;11,24686667;1;0;0,033;276406,0805;6383100,075;0;0;1,028414233;0;1,028414233;0;0;base
761;53;2008;12;0;0;0;11,24686667;1;0;0,02;276406,0805;6383100,075;0;0;1,028414233;0;1,028414233;0;0;base
869;54;2008;1;0;0;0;2,836707969;1;3,932184815;2,610192308;344556,3868;6372956,136;0;0;6,006970656;-0,146276773;6,006970656;0;0;base
870;54;2008;2;0;0;0;2,836707969;1;6,841024239;1,419;344556,3868;6372956,136;0;0;6,006970656;0,580662866;6,006970656;0;0;base
871;54;2008;3;0;0;0;2,836707969;1;13,33095147;1,439961538;344556,3868;6372956,136;0;0;6,006970656;0,973483415;6,006970656;0;0;base
872;54;2008;4;0;0;0;2,836707969;0;12,87013112;1,259884615;344556,3868;6372956,136;0;0;6,006970656;0,169606534;6,006970656;0;0;base
873;54;2008;5;0;0;0;2,836707969;0;185,4375178;3,248538462;344556,3868;6372956,136;0;0;6,006970656;1,572085407;6,006970656;0;0;base
874;54;2008;6;0;0;0;2,836707969;0;99,50109521;4,909230769;344556,3868;6372956,136;0;0;6,006970656;0,30584913;6,006970656;0;0;base
875;54;2008;7;0;0;0;2,836707969;0;49,01750037;2,216115385;344556,3868;6372956,136;0;0;6,006970656;-0,06905126;6,006970656;0;0;base
876;54;2008;8;0;0;0;2,836707969;0;144,5807535;4,177846154;344556,3868;6372956,136;0;0;6,006970656;1,226765722;6,006970656;0;0;base
877;54;2008;9;0;0;0;2,836707969;0;3,767181057;2,709115385;344556,3868;6372956,136;0;0;6,006970656;-1,206820816;6,006970656;0;0;base
878;54;2008;10;0;0;0;2,836707969;1;0,009388227;5,548769231;344556,3868;6372956,136;0;0;6,006970656;-2,225178827;6,006970656;0;0;base
879;54;2008;11;0;0;0;2,836707969;1;0;18,04961538;344556,3868;6372956,136;0;0;6,006970656;0;6,006970656;0;0;base
880;54;2008;12;0;0;0;2,836707969;1;1,033483817;15,46584615;344556,3868;6372956,136;0;0;6,006970656;-0,182416976;6,006970656;0;0;base
988;55;2008;1;0;0;0;8,0114;1;3,010582825;17,53169565;269807,3844;6315109,157;0;0;7,001109047;-0,440876612;7,001109047;0;0;base
989;55;2008;2;0;0;0;8,0114;1;11,20581171;15,35143478;269807,3844;6315109,157;0;0;7,001109047;0,682565354;7,001109047;0;0;base
990;55;2008;3;0;0;0;8,0114;1;16,83082079;11,32234783;269807,3844;6315109,157;0;0;7,001109047;0,825646805;7,001109047;0;0;base
991;55;2008;4;0;0;0;8,0114;0;33,42775302;9,778434783;269807,3844;6315109,157;0;0;7,001109047;0,236992183;7,001109047;0;0;base
992;55;2008;5;0;0;0;8,0114;0;298,3467456;14,3493913;269807,3844;6315109,157;0;0;7,001109047;1,718741529;7,001109047;0;0;base
993;55;2008;6;0;0;0;8,0114;0;123,266451;22,81613043;269807,3844;6315109,157;0;0;7,001109047;0,132184686;7,001109047;0;0;base
994;55;2008;7;0;0;0;8,0114;0;67,26824096;14,71943478;269807,3844;6315109,157;0;0;7,001109047;-0,230177118;7,001109047;0;0;base
995;55;2008;8;0;0;0;8,0114;0;195,3932413;25,96373913;269807,3844;6315109,157;0;0;7,001109047;1,154979255;7,001109047;0;0;base
996;55;2008;9;0;0;0;8,0114;0;13,01504402;14,36778261;269807,3844;6315109,157;0;0;7,001109047;-1,237475132;7,001109047;0;0;base
997;55;2008;10;0;0;0;8,0114;1;6,271188977;20,3033913;269807,3844;6315109,157;0;0;7,001109047;-0,936756803;7,001109047;0;0;base
998;55;2008;11;0;0;0;8,0114;1;0,023916857;40,1173913;269807,3844;6315109,157;0;0;7,001109047;-2,546634132;7,001109047;0;0;base
999;55;2008;12;0;0;0;8,0114;1;1,428977137;43,26065217;269807,3844;6315109,157;0;0;7,001109047;-0,675715707;7,001109047;0;0;base
1107;57;2008;1;2;0;0;0,440333334;1;3,010582825;17,53169565;351939,7258;6283636,359;0;0;6,640498298;-0,440876612;6,92799901;0;0;base
1108;57;2008;2;0;0;0;9,333163125;1;11,20581171;15,35143478;351939,7258;6283636,359;0;0;6,449575931;0,682565354;6,640498298;0;0;base
1109;57;2008;3;0;0;0;18,22599292;1;16,83082079;11,32234783;351939,7258;6283636,359;0;0;6,213390854;0,825646805;6,449575931;0;0;base
1110;57;2008;4;0;0;0;27,11882271;0;33,42775302;9,778434783;351939,7258;6283636,359;0;0;5,903587674;0,236992183;6,213390854;0;0;base
1111;57;2008;5;2;0;0;36,0116525;0;298,3467456;14,3493913;351939,7258;6283636,359;0;0;5,452355881;1,718741529;5,903587674;0;0;base
1112;57;2008;6;0;0;0;30,12069378;0;123,266451;22,81613043;351939,7258;6283636,359;0;0;5,918563359;0,132184686;5,452355881;0;0;base
1113;57;2008;7;0;0;0;24,22973506;0;67,26824096;14,71943478;351939,7258;6283636,359;0;0;6,235286792;-0,230177118;5,918563359;0;0;base
1114;57;2008;8;0;0;0;18,33877634;0;195,3932413;25,96373913;351939,7258;6283636,359;0;0;6,47545876;1,154979255;6,235286792;0;0;base
1115;57;2008;9;0;0;0;12,44781762;0;13,01504402;14,36778261;351939,7258;6283636,359;0;0;6,668973607;-1,237475132;6,47545876;0;0;base
1116;57;2008;10;0;0;0;6,556858897;1;6,271188977;20,3033913;351939,7258;6283636,359;0;0;6,831043474;-0,936756803;6,668973607;0;0;base
1117;57;2008;11;3;0;0;0,665900176;1;0,023916857;40,1173913;351939,7258;6283636,359;0;0;6,970473371;-2,546634132;6,831043474;0;0;base
1118;57;2008;12;2;0;0;14,453125;1;1,428977137;43,26065217;351939,7258;6283636,359;0;0;3,088222978;-0,675715707;6,970473371;0;0;base
1226;60;2008;1;0;0;0;79,66666667;1;0,118425796;12,7287;323883,3901;6190201,379;0;0;3,795537373;-1,172421728;3,963517507;0;0;base
1227;60;2008;2;1;0;0;96;1;5,703279568;11,6763;323883,3901;6190201,379;0;0;3,593527536;0,060995954;3,795537373;0;0;base
1228;60;2008;3;1;0;0;0,77;1;23,26957315;7,56715;323883,3901;6190201,379;0;0;7,832959115;0,742157756;3,593527536;0;0;base
1229;60;2008;4;1;0;0;96;0;74,89666003;5,61335;323883,3901;6190201,379;0;0;2,996773398;0,365162514;7,832959115;0;0;base
1230;60;2008;5;0;0;0;133,6666667;0;459,6810996;28,0448;323883,3901;6190201,379;0;0;2,90650069;1,437071082;2,996773398;0;0;base
1231;60;2008;6;0;0;0;171,3333333;0;177,9000823;27,17715;323883,3901;6190201,379;0;0;2,807262821;-0,234088322;2,90650069;0;0;base
1232;60;2008;7;2;0;0;209;0;137,1321179;17,28965;323883,3901;6190201,379;0;0;2,697080751;-0,238601474;2,807262821;0;0;base
1233;60;2008;8;0;0;0;119,5;0;310,4825841;21,04515;323883,3901;6190201,379;0;0;2,364735605;1,050797728;2,697080751;0;0;base
1234;60;2008;9;2;0;0;30;0;25,31933937;17,0551;323883,3901;6190201,379;0;0;1,863474132;-1,051821911;2,364735605;0;0;base
1235;60;2008;10;1;0;0;21,1;1;15,0186561;11,808;323883,3901;6190201,379;0;0;1,555897146;-0,701348683;1,863474132;0;0;base
1236;60;2008;11;0;0;0;26,08333333;1;0;24,5907;323883,3901;6190201,379;0;0;2,065398269;0;1,555897146;0;0;base
1237;60;2008;12;0;0;0;31,06666667;1;0,537832742;26,9789;323883,3901;6190201,379;0;0;2,401302325;-0,671355778;2,065398269;0;0;base
1345;71;2008;1;0;0;0;31;1;3,729782618;14,75133333;309426,6977;6110482,181;0;0;3,836560741;-0,437967934;3,836560741;0;0;base
1346;71;2008;2;0;0;0;31;1;3,592574178;11,25866667;309426,6977;6110482,181;0;0;3,836560741;-0,519841506;3,836560741;0;0;base
1347;71;2008;3;0;0;0;31;1;19,5456579;8,549666667;309426,6977;6110482,181;0;0;3,836560741;0,164140759;3,836560741;0;0;base
1348;71;2008;4;0;0;0;31;0;106,3858813;8,157555556;309426,6977;6110482,181;0;0;3,836560741;0,409536424;3,836560741;0;0;base
1349;71;2008;5;0;0;0;31;0;578,4793694;44,03144444;309426,6977;6110482,181;0;0;3,836560741;1,324280138;3,836560741;0;0;base
1350;71;2008;6;0;0;0;31;0;233,8457121;61,70655556;309426,6977;6110482,181;0;0;3,836560741;-0,376344326;3,836560741;0;0;base
1351;71;2008;7;0;0;0;31;0;206,2477871;34,53533333;309426,6977;6110482,181;0;0;3,836560741;-0,222468824;3,836560741;0;0;base
1352;71;2008;8;0;0;0;31;0;360,9179259;58,77822222;309426,6977;6110482,181;0;0;3,836560741;0,903640962;3,836560741;0;0;base
1353;71;2008;9;0;0;0;31;0;46,79523187;30,39588889;309426,6977;6110482,181;0;0;3,836560741;-0,929767722;3,836560741;0;0;base
1354;71;2008;10;0;0;0;31;1;25,37287098;37,71555556;309426,6977;6110482,181;0;0;3,836560741;-0,693083449;3,836560741;0;0;base
1355;71;2008;11;0;0;0;31;1;0,218327968;54,78166667;309426,6977;6110482,181;0;0;3,836560741;-2,964866312;3,836560741;0;0;base
1356;71;2008;12;0;0;0;31;1;2,265886756;34,31177778;309426,6977;6110482,181;0;0;3,836560741;-0,746428858;3,836560741;0;0;base
1464;81;2008;1;0;0;0;13,225;1;18,30455454;5,671653846;236796,9474;5931893,018;0;0;2,742392264;0,045390101;2,742392264;0;0;base
1465;81;2008;2;0;0;0;13,225;1;10,60515956;5,155;236796,9474;5931893,018;0;0;2,742392264;-0,397822016;2,742392264;0;0;base
1466;81;2008;3;0;0;0;13,225;1;20,83035204;5,254884615;236796,9474;5931893,018;0;0;2,742392264;-0,338697222;2,742392264;0;0;base
1467;81;2008;4;0;0;0;13,225;0;116,1143253;7,883038462;236796,9474;5931893,018;0;0;2,742392264;0,249095731;2,742392264;0;0;base
1468;81;2008;5;0;0;0;13,225;0;585,5617692;139,4226923;236796,9474;5931893,018;0;0;2,742392264;1,220796418;2,742392264;0;0;base
1469;81;2008;6;0;0;0;13,225;0;202,4149582;77,03176923;236796,9474;5931893,018;0;0;2,742392264;-1,012917188;2,742392264;0;0;base
1470;81;2008;7;0;0;0;13,225;0;296,931535;75,65442308;236796,9474;5931893,018;0;0;2,742392264;0,150605205;2,742392264;0;0;base
1471;81;2008;8;0;0;0;13,225;0;329,4407613;128,1220385;236796,9474;5931893,018;0;0;2,742392264;0,847789193;2,742392264;0;0;base
1472;81;2008;9;0;0;0;13,225;0;75,26616374;75,88915385;236796,9474;5931893,018;0;0;2,742392264;-0,656923431;2,742392264;0;0;base
1473;81;2008;10;0;0;0;13,225;1;32,97398223;37,12634615;236796,9474;5931893,018;0;0;2,742392264;-0,824000656;2,742392264;0;0;base
1474;81;2008;11;0;0;0;13,225;1;17,1276876;24,13773077;236796,9474;5931893,018;0;0;2,742392264;-0,898838805;2,742392264;0;0;base
1475;81;2008;12;0;0;0;13,225;1;24,5338463;10,90253846;236796,9474;5931893,018;0;0;2,742392264;-0,071829844;2,742392264;0;0;base
1583;83;2008;1;0;0;0;11,9045;1;35,86131951;34,85137838;238842,9699;5819516,108;0;0;2,579617166;0,093407551;2,579617166;0;0;base
1584;83;2008;2;0;0;0;11,9045;1;30,13346389;23,38889189;238842,9699;5819516,108;0;0;2,579617166;-0,033312556;2,579617166;0;0;base
1585;83;2008;3;0;0;0;11,9045;1;18,22494828;18,68410811;238842,9699;5819516,108;0;0;2,579617166;-1,309891339;2,579617166;0;0;base
1586;83;2008;4;0;0;0;11,9045;0;105,1927597;16,8907027;238842,9699;5819516,108;0;0;2,579617166;-0,11858231;2,579617166;0;0;base
1587;83;2008;5;0;0;0;11,9045;0;514,2253241;99,91343243;238842,9699;5819516,108;0;0;2,579617166;0,936318431;2,579617166;0;0;base
1588;83;2008;6;0;0;0;11,9045;0;212,5169357;113,9703784;238842,9699;5819516,108;0;0;2,579617166;-1,141736164;2,579617166;0;0;base
1589;83;2008;7;0;0;0;11,9045;0;341,6739166;137,7808919;238842,9699;5819516,108;0;0;2,579617166;0,419711308;2,579617166;0;0;base
1590;83;2008;8;0;0;0;11,9045;0;437,1075489;188,112973;238842,9699;5819516,108;0;0;2,579617166;1,47198919;2,579617166;0;0;base
1591;83;2008;9;0;0;0;11,9045;0;89,686792;174,8944595;238842,9699;5819516,108;0;0;2,579617166;-0,707008345;2,579617166;0;0;base
1592;83;2008;10;0;0;0;11,9045;1;52,51490269;110,1512432;238842,9699;5819516,108;0;0;2,579617166;-0,734404821;2,579617166;0;0;base
1593;83;2008;11;0;0;0;11,9045;1;44,11659619;70,72348649;238842,9699;5819516,108;0;0;2,579617166;-0,443308803;2,579617166;0;0;base
1594;83;2008;12;0;0;0;11,9045;1;31,50635875;42,74089189;238842,9699;5819516,108;0;0;2,579617166;-0,312347964;2,579617166;0;0;base
1702;101;2008;1;0;0;0;4,31372549;1;53,96558891;54,42784615;196471,5747;5594635,437;0;0;3,681681761;-0,134548385;3,681681761;0;0;base
1703;101;2008;2;0;0;0;4,31372549;1;35,92509814;32,28315385;196471,5747;5594635,437;0;0;3,681681761;-0,389104893;3,681681761;0;0;base
1704;101;2008;3;0;0;0;4,31372549;1;67,85612349;27,38892308;196471,5747;5594635,437;0;0;3,681681761;-0,741033997;3,681681761;0;0;base
1705;101;2008;4;0;0;0;4,31372549;0;142,9126154;30,39146154;196471,5747;5594635,437;0;0;3,681681761;-0,205374668;3,681681761;0;0;base
1706;101;2008;5;0;0;0;4,31372549;0;408,5531261;109,6513077;196471,5747;5594635,437;0;0;3,681681761;0,606965637;3,681681761;0;0;base
1707;101;2008;6;0;0;0;4,31372549;0;212,6193309;75,02869231;196471,5747;5594635,437;0;0;3,681681761;-1,39653752;3,681681761;0;0;base
1708;101;2008;7;0;0;0;4,31372549;0;494,2716576;218,7316154;196471,5747;5594635,437;0;0;3,681681761;1,309757211;3,681681761;0;0;base
1709;101;2008;8;0;0;0;4,31372549;0;574,7028014;199,3463846;196471,5747;5594635,437;0;0;3,681681761;2,076358666;3,681681761;0;0;base
1710;101;2008;9;0;0;0;4,31372549;0;63,53891018;215,5343846;196471,5747;5594635,437;0;0;3,681681761;-2,066439095;3,681681761;0;0;base
1711;101;2008;10;0;0;0;4,31372549;1;77,81353163;85,04123077;196471,5747;5594635,437;0;0;3,681681761;-0,828815715;3,681681761;0;0;base
1712;101;2008;11;0;0;0;4,31372549;1;104,7397696;69,30684615;196471,5747;5594635,437;0;0;3,681681761;-0,008023099;3,681681761;0;0;base
1713;101;2008;12;0;0;0;4,31372549;1;32,60634338;43,22784615;196471,5747;5594635,437;0;0;3,681681761;-0,915666082;3,681681761;0;0;base
1821;103;2008;1;0;0;0;35,92982456;1;71,1599072;38,03972222;186695,3928;5505964,756;0;0;2,626380243;-0,343430332;2,71478186;0;0;base
1822;103;2008;2;0;0;0;36,43859649;1;48,99273725;26,19061111;186695,3928;5505964,756;0;0;2,529399219;-0,612656314;2,626380243;0;0;base
1823;103;2008;3;0;0;0;36,94736842;1;94,14468725;23,02816667;186695,3928;5505964,756;0;0;2,421992762;-0,702709519;2,529399219;0;0;base
1824;103;2008;4;0;0;0;37,45614035;0;170,6737491;29,48733333;186695,3928;5505964,756;0;0;2,3016464;-0,158309697;2,421992762;0;0;base
1825;103;2008;5;0;0;0;37,96491228;0;397,0171639;81,35844444;186695,3928;5505964,756;0;0;2,164809617;0,649497442;2,3016464;0;0;base
1826;103;2008;6;0;0;0;38,47368421;0;223,3931701;84,46055556;186695,3928;5505964,756;0;0;2,006234686;-1,331701496;2,164809617;0;0;base
1827;103;2008;7;0;0;0;38,98245614;0;473,8096085;191,3849444;186695,3928;5505964,756;0;0;1,817686107;1,592086424;2,006234686;0;0;base
1828;103;2008;8;0;0;0;39,49122807;0;483,8151042;190,0589444;186695,3928;5505964,756;0;0;1,58512871;1,842704184;1,817686107;0;0;base
1829;103;2008;9;1;0;0;40;0;74,75887734;164,2685;186695,3928;5505964,756;0;0;1,28155724;-2,243651617;1,58512871;0;0;base
1830;103;2008;10;0;0;0;45,3125;1;108,3236732;73,63066667;186695,3928;5505964,756;0;0;1,249625937;-0,669686507;1,28155724;0;0;base
1831;103;2008;11;0;0;0;50,625;1;127,211148;61,33744444;186695,3928;5505964,756;0;0;1,216641299;-0,050485157;1,249625937;0;0;base
1832;103;2008;12;0;0;0;55,9375;1;39,9300254;42,78605556;186695,3928;5505964,756;0;0;1,182531454;-1,185878276;1,216641299;0;0;base
161;45;2008;7;1;0;1;15;0;28,23609729;0,795181818;320756,3223;6594510,657;1;0;2,794831181;-0,199736739;2,764124538;0;0;base
165;45;2008;11;1;0;1;15;1;1,047719099;3,084030303;320756,3223;6594510,657;1;0;3,623433064;-0,178277818;3,471638586;0;0;base
48;44;2009;1;0;0;0;0,1;1;0;0,368;269252,0606;6645413,775;0;0;4,560947102;0;4,560947102;0;0;base
49;44;2009;2;0;0;0;0,1;1;0;0,244;269252,0606;6645413,775;0;0;4,560947102;0;4,560947102;0;0;base
50;44;2009;3;0;0;0;0,1;1;0;0,392;269252,0606;6645413,775;0;0;4,560947102;0;4,560947102;0;0;base
51;44;2009;4;0;0;0;0,1;0;0;0,47;269252,0606;6645413,775;0;0;4,560947102;0;4,560947102;0;0;base
52;44;2009;5;0;0;0;0,1;0;7,69659669;0,463;269252,0606;6645413,775;0;0;4,560947102;-0,277735514;4,560947102;0;0;base
53;44;2009;6;0;0;0;0,1;0;22,569339;0,593;269252,0606;6645413,775;0;0;4,560947102;0,27415812;4,560947102;0;0;base
54;44;2009;7;0;0;0;0,1;0;7,4570386;0,548;269252,0606;6645413,775;0;0;4,560947102;-0,455170131;4,560947102;0;0;base
55;44;2009;8;0;0;0;0,1;0;40,7926031;0,851;269252,0606;6645413,775;0;0;4,560947102;0,999222377;4,560947102;0;0;base
56;44;2009;9;0;0;0;0,1;0;0,071093747;0,376;269252,0606;6645413,775;0;0;4,560947102;-1,343624265;4,560947102;0;0;base
57;44;2009;10;0;0;0;0,1;1;0;0,127;269252,0606;6645413,775;0;0;4,560947102;0;4,560947102;0;0;base
58;44;2009;11;0;0;0;0,1;1;0;0,085;269252,0606;6645413,775;0;0;4,560947102;0;4,560947102;0;0;base
59;44;2009;12;0;0;0;0,1;1;0;0,067;269252,0606;6645413,775;0;0;4,560947102;0;4,560947102;0;0;base
167;45;2009;1;0;0;0;13,5427741;1;4,700205793;0,659909091;320756,3223;6594510,657;0;0;4,248301251;0,301245122;3,983900706;0;0;base
168;45;2009;2;0;0;0;12,81416114;1;4,652376062;0,453606061;320756,3223;6594510,657;0;0;4,457211188;0,136160571;4,248301251;0;0;base
169;45;2009;3;0;0;0;12,08554819;1;1,201393133;0,418484848;320756,3223;6594510,657;0;0;4,629929855;-0,474740903;4,457211188;0;0;base
170;45;2009;4;0;0;0;11,35693524;0;0,054345181;0,406424242;320756,3223;6594510,657;0;0;4,777164426;-1,82028422;4,629929855;0;0;base
171;45;2009;5;0;0;0;10,62832229;0;5,723720591;0,518333333;320756,3223;6594510,657;0;0;4,905477166;-0,958680224;4,777164426;0;0;base
172;45;2009;6;0;0;0;9,899709333;0;44,93304209;0,628454545;320756,3223;6594510,657;0;0;5,019182336;0,128320413;4,905477166;0;0;base
173;45;2009;7;0;0;0;9,171096381;0;20,323478;0,806848485;320756,3223;6594510,657;0;0;5,121268544;-0,384841668;5,019182336;0;0;base
174;45;2009;8;0;0;0;8,442483429;0;53,80139737;0,96930303;320756,3223;6594510,657;0;0;5,213891747;0,510361124;5,121268544;0;0;base
175;45;2009;9;0;0;0;7,713870476;0;6,549478286;0,863787879;320756,3223;6594510,657;0;0;5,298658449;-0,614289796;5,213891747;0;0;base
176;45;2009;10;0;0;0;6,985257524;1;0,202036759;0,676090909;320756,3223;6594510,657;0;0;5,376797873;-1,317356001;5,298658449;0;0;base
177;45;2009;11;0;0;0;6,256644571;1;1,224326778;0,741242424;320756,3223;6594510,657;0;0;5,44927157;-0,111373928;5,376797873;0;0;base
178;45;2009;12;0;0;0;5,528031619;1;0,023841955;0,428454545;320756,3223;6594510,657;0;0;5,516845907;-1,483562851;5,44927157;0;0;base
286;47;2009;1;0;0;0;1,0102156;1;9,016743705;1,222230769;318973,2185;6494678,62;0;0;5,379284593;0,792430188;5,379284593;0;0;base
287;47;2009;2;0;0;0;1,0102156;1;5,119841111;0,751384615;318973,2185;6494678,62;0;0;5,379284593;0,640177018;5,379284593;0;0;base
288;47;2009;3;0;0;0;1,0102156;1;0,673113168;0,594692308;318973,2185;6494678,62;0;0;5,379284593;-0,669606979;5,379284593;0;0;base
289;47;2009;4;0;0;0;1,0102156;0;0;0,426307692;318973,2185;6494678,62;0;0;5,379284593;0;5,379284593;0;0;base
290;47;2009;5;0;0;0;1,0102156;0;6,041815502;0,741538462;318973,2185;6494678,62;0;0;5,379284593;-0,86800196;5,379284593;0;0;base
291;47;2009;6;0;0;0;1,0102156;0;65,31135849;1,150461538;318973,2185;6494678,62;0;0;5,379284593;0,2490521;5,379284593;0;0;base
292;47;2009;7;0;0;0;1,0102156;0;20,8963517;1,413615385;318973,2185;6494678,62;0;0;5,379284593;-0,371673737;5,379284593;0;0;base
293;47;2009;8;0;0;0;1,0102156;0;81,57309243;2,448692308;318973,2185;6494678,62;0;0;5,379284593;0,817809656;5,379284593;0;0;base
294;47;2009;9;0;0;0;1,0102156;0;23,46136305;2,407076923;318973,2185;6494678,62;0;0;5,379284593;0,421861436;5,379284593;0;0;base
295;47;2009;10;0;0;0;1,0102156;1;1,977609279;4,301615385;318973,2185;6494678,62;0;0;5,379284593;-0,542573259;5,379284593;0;0;base
296;47;2009;11;0;0;0;1,0102156;1;0,372028122;8,3;318973,2185;6494678,62;0;0;5,379284593;-0,344736934;5,379284593;0;0;base
297;47;2009;12;0;0;0;1,0102156;1;0;3,524538462;318973,2185;6494678,62;0;0;5,379284593;0;5,379284593;0;0;base
405;48;2009;1;0;0;0;1,2;1;2,84E-15;0,006333333;279017,7907;6472141,879;0;0;4,602544357;-4,287684892;4,602544357;0;0;base
406;48;2009;2;0;0;0;1,2;1;0,26196832;0,001666667;279017,7907;6472141,879;0;0;4,602544357;-0,330500346;4,602544357;0;0;base
407;48;2009;3;0;0;0;1,2;1;0;0,002;279017,7907;6472141,879;0;0;4,602544357;0;4,602544357;0;0;base
408;48;2009;4;0;0;0;1,2;0;0;0,003;279017,7907;6472141,879;0;0;4,602544357;0;4,602544357;0;0;base
409;48;2009;5;0;0;0;1,2;0;8,1437253;0,002666667;279017,7907;6472141,879;0;0;4,602544357;-0,970787226;4,602544357;0;0;base
410;48;2009;6;0;0;0;1,2;0;82,26630735;0,002333333;279017,7907;6472141,879;0;0;4,602544357;0,323938265;4,602544357;0;0;base
411;48;2009;7;0;0;0;1,2;0;24,89997601;0,003;279017,7907;6472141,879;0;0;4,602544357;-0,570765042;4,602544357;0;0;base
412;48;2009;8;0;0;0;1,2;0;95,34139403;0,01;279017,7907;6472141,879;0;0;4,602544357;0,813402428;4,602544357;0;0;base
413;48;2009;9;0;0;0;1,2;0;16,31292297;0,011;279017,7907;6472141,879;0;0;4,602544357;-0,179576351;4,602544357;0;0;base
414;48;2009;10;0;0;0;1,2;1;0,134604665;0,005;279017,7907;6472141,879;0;0;4,602544357;-1,004971727;4,602544357;0;0;base
415;48;2009;11;0;0;0;1,2;1;0,001931781;0,002;279017,7907;6472141,879;0;0;4,602544357;-1,576797849;4,602544357;0;0;base
416;48;2009;12;0;0;0;1,2;1;0;0,001;279017,7907;6472141,879;0;0;4,602544357;0;4,602544357;0;0;base
524;51;2009;1;0;0;0;2,5;1;8,727409248;0,1186;315654,723;6433715,872;0;0;4,668043666;0,794103008;4,668043666;0;0;base
527;51;2009;4;0;0;0;2,615;0;0;0,0792;315654,723;6433715,872;0;0;4,577644526;0;4,777449535;0;0;base
528;51;2009;5;0;0;0;2,23;0;9,902706183;0,091;315654,723;6433715,872;0;0;4,327688951;-0,92631002;4,577644526;0;0;base
529;51;2009;6;0;0;0;1,845;0;94,00003894;0,0968;315654,723;6433715,872;0;0;3,993658005;0,39020826;4,327688951;0;0;base
531;51;2009;8;0;0;0;2,23;0;104,8309022;0,3408;315654,723;6433715,872;0;0;4,47897553;0,831013542;3,488505657;0;0;base
533;51;2009;10;0;0;0;2,125;1;2,753468118;0,3844;315654,723;6433715,872;0;0;5,117602003;-0,963191463;4,966694967;0;0;base
535;51;2009;12;0;0;0;1,366666667;1;0;0,2028;315654,723;6433715,872;0;0;5,087523151;0;5,24869374;0;0;base
643;52;2009;1;0;0;0;6,2501;1;6,604610767;0,357333333;321601,7251;6409548,844;0;0;5,120246901;0,642297088;5,120246901;0;0;base
645;52;2009;3;0;0;0;14,16673333;1;4,357136299;0;321601,7251;6409548,844;0;0;4,740046782;-0,308972181;5,120246901;0;0;base
646;52;2009;4;0;0;0;22,08336667;0;0;0;321601,7251;6409548,844;0;0;4,119076535;0;4,740046782;0;0;base
647;52;2009;5;1;0;0;30;0;8,20226509;0,12;321601,7251;6409548,844;0;0;2,147717527;-1,100948491;4,119076535;0;0;base
650;52;2009;8;2;0;0;13,5;0;100,9666676;0,667333333;321601,7251;6409548,844;0;0;4,805973575;0,827039936;3,313834101;0;0;base
652;52;2009;10;2;0;0;46,5;1;3,377871987;0,599;321601,7251;6409548,844;0;0;2,261306883;-0,94836634;4,33055724;0;0;base
653;52;2009;11;0;0;0;23,75;1;1,487461275;0,488666667;321601,7251;6409548,844;0;0;5,144980349;-0,406079966;2,261306883;0;0;base
654;52;2009;12;1;0;0;1;1;0;0,26;321601,7251;6409548,844;0;0;5,809764612;0;5,144980349;0;0;base
762;53;2009;1;0;0;0;11,24686667;1;0;0,005;276406,0805;6383100,075;0;0;1,028414233;0;1,028414233;0;0;base
763;53;2009;2;3;1;0;11,24686667;1;0;0,003;276406,0805;6383100,075;0;1;1,028414233;0;1,028414233;0;11,24686667;base
764;53;2009;3;0;0;0;11,30874286;1;0;0;276406,0805;6383100,075;0;0;1,203883366;0;1,028414233;1;0;base
765;53;2009;4;0;0;0;11,37061905;0;0;0;276406,0805;6383100,075;0;0;1,35311055;0;1,203883366;0;0;base
766;53;2009;5;0;0;0;11,43249524;0;8,1754718;0,003;276406,0805;6383100,075;0;0;1,482933346;-1,555780784;1,35311055;0;0;base
767;53;2009;6;0;0;0;11,49437143;0;129,6444056;0,006;276406,0805;6383100,075;0;0;1,597822379;0,535228641;1,482933346;0;0;base
768;53;2009;7;0;0;0;11,55624762;0;16,83563493;0,014;276406,0805;6383100,075;0;0;1,700861648;-1,166651161;1,597822379;0;0;base
769;53;2009;8;0;0;0;11,61812381;0;115,2546832;0,563;276406,0805;6383100,075;0;0;1,794268609;0,914871302;1,700861648;0;0;base
770;53;2009;9;1;1;0;11,68;0;21,32826992;0,066;276406,0805;6383100,075;0;1;1,879691199;-0,052097962;1,794268609;0;11,68;base
771;53;2009;10;0;0;0;8,056666667;1;0,74621218;0,041;276406,0805;6383100,075;0;0;2,019563115;-0,736106534;1,879691199;1;0;base
772;53;2009;11;3;1;0;4,433333333;1;0;0,032;276406,0805;6383100,075;0;1;2,142250025;0;2,019563115;0;4,433333333;base
773;53;2009;12;0;0;0;3,555555556;1;0;0,017;276406,0805;6383100,075;0;0;4,243090415;0;2,142250025;1;0;base
1000;55;2009;1;2;0;0;8,0114;1;7,681539309;26,24573913;269807,3844;6315109,157;0;0;7,001109047;0,331881578;7,001109047;0;0;base
1001;55;2009;2;0;0;0;8,0076;1;10,50587563;19,20778261;269807,3844;6315109,157;0;0;6,598354133;0,622216173;7,001109047;0;0;base
1002;55;2009;3;0;0;0;8,0038;1;3,827511023;16,84782609;269807,3844;6315109,157;0;0;5,913293741;-0,22140795;6,598354133;0;0;base
1003;55;2009;4;1;0;0;8;0;0,027980958;13,64843478;269807,3844;6315109,157;0;0;1,78487665;-3,190948973;5,913293741;0;0;base
1004;55;2009;5;1;0;0;2;0;40,84755695;11,73573913;269807,3844;6315109,157;0;0;5,473051779;-0,620463242;1,78487665;0;0;base
1005;55;2009;6;1;0;0;3;0;143,4642578;12,29595652;269807,3844;6315109,157;0;0;5,42457208;0,294505836;5,473051779;0;0;base
1006;55;2009;7;0;0;0;6,25;0;30,87958444;10,60213043;269807,3844;6315109,157;0;0;5,325238363;-0,800785412;5,42457208;0;0;base
1007;55;2009;8;0;0;0;9,5;0;148,863834;13,26173913;269807,3844;6315109,157;0;0;5,214938103;0,774403261;5,325238363;0;0;base
1008;55;2009;9;0;0;0;12,75;0;158,1250236;19,15652174;269807,3844;6315109,157;0;0;5,090945874;1,50286452;5,214938103;0;0;base
1009;55;2009;10;1;0;0;16;1;21,58515391;14,71917391;269807,3844;6315109,157;0;0;4,949374159;0,099047915;5,090945874;0;0;base
1010;55;2009;11;0;0;0;13;1;14,4762004;18,23156522;269807,3844;6315109,157;0;0;5,110395688;0,324668536;4,949374159;0;0;base
1011;55;2009;12;0;0;0;10;1;0,404268871;27,77943478;269807,3844;6315109,157;0;0;5,249049413;-1,158021144;5,110395688;0;0;base
1120;57;2009;2;37;0;0;0,277370872;1;10,50587563;19,20778261;351939,7258;6283636,359;0;0;7,899336482;0,622216173;6,600396744;0;0;base
1121;57;2009;3;39;0;0;1,059459687;1;3,827511023;16,84782609;351939,7258;6283636,359;0;0;6,392466397;-0,22140795;7,899336482;0;0;base
1122;57;2009;4;48;0;0;1,004627204;0;0,027980958;13,64843478;351939,7258;6283636,359;0;0;7,628966954;-3,190948973;6,392466397;0;0;base
1123;57;2009;5;42;0;0;2,174567928;0;40,84755695;11,73573913;351939,7258;6283636,359;0;0;5,771194606;-0,620463242;7,628966954;0;0;base
1124;57;2009;6;38;0;0;2,683364141;0;143,4642578;12,29595652;351939,7258;6283636,359;0;0;6,262632843;0,294505836;5,771194606;0;0;base
1126;57;2009;8;77;0;0;1,058453262;0;148,863834;13,26173913;351939,7258;6283636,359;0;0;6,048969592;0,774403261;6,593207796;0;0;base
1127;57;2009;9;68;0;0;1,983735431;0;158,1250236;19,15652174;351939,7258;6283636,359;0;0;8,98371991;1,50286452;6,048969592;0;0;base
1128;57;2009;10;54;0;0;1,254119479;1;21,58515391;14,71917391;351939,7258;6283636,359;0;0;6,08530996;0,099047915;8,98371991;0;0;base
1129;57;2009;11;61;0;0;0,934710736;1;14,4762004;18,23156522;351939,7258;6283636,359;0;0;6,744492594;0,324668536;6,08530996;0;0;base
1130;57;2009;12;68;0;0;1,352268486;1;0,404268871;27,77943478;351939,7258;6283636,359;0;0;7,447182277;-1,158021144;6,744492594;0;0;base
1238;60;2009;1;0;0;0;36,05;1;2,828529159;8,18455;323883,3901;6190201,379;0;0;2,652300957;0,031880435;2,401302325;0;0;base
1239;60;2009;2;0;0;0;41,03333333;1;6,972776701;5,6912;323883,3901;6190201,379;0;0;2,85277064;0,189624575;2,652300957;0;0;base
1240;60;2009;3;0;0;0;46,01666667;1;0,252568712;3,7333;323883,3901;6190201,379;0;0;3,019685538;-1,51412528;2,85277064;0;0;base
1241;60;2009;4;1;0;0;51;0;0;3,4175;323883,3901;6190201,379;0;0;3,1626843;0;3,019685538;0;0;base
1242;60;2009;5;0;0;0;42,85;0;141,0166761;14,36055;323883,3901;6190201,379;0;0;3,406847293;-0,170167389;3,1626843;0;0;base
1243;60;2009;6;0;0;0;34,7;0;231,34106;15,5666;323883,3901;6190201,379;0;0;3,602940301;0,092757459;3,406847293;0;0;base
1244;60;2009;7;0;0;0;26,55;0;95,42157721;18,7657;323883,3901;6190201,379;0;0;3,766812898;-0,61185364;3,602940301;0;0;base
1245;60;2009;8;0;0;0;18,4;0;225,2344919;20,4881;323883,3901;6190201,379;0;0;3,907574201;0,574175461;3,766812898;0;0;base
1246;60;2009;9;0;0;0;10,25;0;177,9958921;22,8255;323883,3901;6190201,379;0;0;4,030944582;0,885041447;3,907574201;0;0;base
1247;60;2009;10;2;0;0;2,1;1;59,76117683;12,37395;323883,3901;6190201,379;0;0;4,140752606;0,592659959;4,030944582;0;0;base
1248;60;2009;11;1;0;0;4;1;15,80984968;16,5806;323883,3901;6190201,379;0;0;5,654158848;-0,139923494;4,140752606;0;0;base
1249;60;2009;12;0;0;0;4,128961504;1;0,064526114;15,9784;323883,3901;6190201,379;0;0;5,315989497;-1,159239345;5,654158848;0;0;base
1357;71;2009;1;0;0;0;31;1;2,021881145;17,48377778;309426,6977;6110482,181;0;0;3,836560741;-0,774719713;3,836560741;0;0;base
1358;71;2009;2;0;0;0;31;1;19,47191464;12,15966667;309426,6977;6110482,181;0;0;3,836560741;0,447621894;3,836560741;0;0;base
1359;71;2009;3;0;0;0;31;1;0,029628462;10,01655556;309426,6977;6110482,181;0;0;3,836560741;-2,578651103;3,836560741;0;0;base
1360;71;2009;4;0;0;0;31;0;3,337056959;7,684333333;309426,6977;6110482,181;0;0;3,836560741;-1,829344254;3,836560741;0;0;base
1361;71;2009;5;0;0;0;31;0;226,1973529;23,395;309426,6977;6110482,181;0;0;3,836560741;0,017728127;3,836560741;0;0;base
1362;71;2009;6;0;0;0;31;0;321,7921317;23,50533333;309426,6977;6110482,181;0;0;3,836560741;0,06626689;3,836560741;0;0;base
1363;71;2009;7;0;0;0;31;0;196,7659669;32,48011111;309426,6977;6110482,181;0;0;3,836560741;-0,280947658;3,836560741;0;0;base
1364;71;2009;8;0;0;0;31;0;288,4167266;39,09455556;309426,6977;6110482,181;0;0;3,836560741;0,555066556;3,836560741;0;0;base
1365;71;2009;9;0;0;0;31;0;211,3880874;50,27066667;309426,6977;6110482,181;0;0;3,836560741;0,742210988;3,836560741;0;0;base
1366;71;2009;10;0;0;0;31;1;106,1091653;30,99388889;309426,6977;6110482,181;0;0;3,836560741;0,709304534;3,836560741;0;0;base
1367;71;2009;11;0;0;0;31;1;38,46545372;33,73277778;309426,6977;6110482,181;0;0;3,836560741;0,165698551;3,836560741;0;0;base
1368;71;2009;12;0;0;0;31;1;2,397283293;44,30655556;309426,6977;6110482,181;0;0;3,836560741;-0,726686635;3,836560741;0;0;base
1476;81;2009;1;0;0;0;13,225;1;5,611398722;5,826961538;236796,9474;5931893,018;0;0;2,742392264;-0,800613545;2,742392264;0;0;base
1477;81;2009;2;0;0;0;13,225;1;26,67288283;4,155076923;236796,9474;5931893,018;0;0;2,742392264;0,122332748;2,742392264;0;0;base
1478;81;2009;3;0;0;0;13,225;1;11,09323929;4,174153846;236796,9474;5931893,018;0;0;2,742392264;-0,819191317;2,742392264;0;0;base
1479;81;2009;4;0;0;0;13,225;0;71,46539009;7,110769231;236796,9474;5931893,018;0;0;2,742392264;-0,272187929;2,742392264;0;0;base
1480;81;2009;5;0;0;0;13,225;0;377,7859139;53,69157692;236796,9474;5931893,018;0;0;2,742392264;0,563731796;2,742392264;0;0;base
1481;81;2009;6;0;0;0;13,225;0;326,9496852;73,97526923;236796,9474;5931893,018;0;0;2,742392264;-0,075507982;2,742392264;0;0;base
1482;81;2009;7;0;0;0;13,225;0;198,3765463;92,48688462;236796,9474;5931893,018;0;0;2,742392264;-0,585300262;2,742392264;0;0;base
1483;81;2009;8;0;0;0;13,225;0;305,0860164;106,5923462;236796,9474;5931893,018;0;0;2,742392264;0,671989019;2,742392264;0;0;base
1484;81;2009;9;0;0;0;13,225;0;139,9541533;77,34803846;236796,9474;5931893,018;0;0;2,742392264;0,177761866;2,742392264;0;0;base
1485;81;2009;10;0;0;0;13,225;1;154,6203526;50,9745;236796,9474;5931893,018;0;0;2,742392264;0,937835816;2,742392264;0;0;base
1486;81;2009;11;0;0;0;13,225;1;118,9348363;46,72857692;236796,9474;5931893,018;0;0;2,742392264;1,398256809;2,742392264;0;0;base
1487;81;2009;12;0;0;0;13,225;1;19,14227909;23,40330769;236796,9474;5931893,018;0;0;2,742392264;-0,248510772;2,742392264;0;0;base
1595;83;2009;1;0;0;0;11,9045;1;12,47961737;43,47889189;238842,9699;5819516,108;0;0;2,579617166;-0,85693304;2,579617166;0;0;base
1596;83;2009;2;0;0;0;11,9045;1;50,04755926;29,01702703;238842,9699;5819516,108;0;0;2,579617166;0,387390789;2,579617166;0;0;base
1597;83;2009;3;0;0;0;11,9045;1;25,92658738;10,25913514;238842,9699;5819516,108;0;0;2,579617166;-0,914039708;2,579617166;0;0;base
1598;83;2009;4;0;0;0;11,9045;0;86,67921763;17,66797297;238842,9699;5819516,108;0;0;2,579617166;-0,350689924;2,579617166;0;0;base
1599;83;2009;5;0;0;0;11,9045;0;435,6862531;103,7722973;238842,9699;5819516,108;0;0;2,579617166;0,68268341;2,579617166;0;0;base
1600;83;2009;6;0;0;0;11,9045;0;322,3726623;102,4140811;238842,9699;5819516,108;0;0;2,579617166;-0,23796949;2,579617166;0;0;base
1601;83;2009;7;0;0;0;11,9045;0;186,5028556;132,4968919;238842,9699;5819516,108;0;0;2,579617166;-0,816908191;2,579617166;0;0;base
1602;83;2009;8;0;0;0;11,9045;0;390,9151742;140,8567027;238842,9699;5819516,108;0;0;2,579617166;1,168904405;2,579617166;0;0;base
1603;83;2009;9;0;0;0;11,9045;0;133,8264223;134,5692703;238842,9699;5819516,108;0;0;2,579617166;-0,070637203;2,579617166;0;0;base
1604;83;2009;10;0;0;0;11,9045;1;236,9902093;110,1224595;238842,9699;5819516,108;0;0;2,579617166;1,335454488;2,579617166;0;0;base
1605;83;2009;11;0;0;0;11,9045;1;171,2509489;132,9566486;238842,9699;5819516,108;0;0;2,579617166;1,475965298;2,579617166;0;0;base
1606;83;2009;12;0;0;0;11,9045;1;46,02829811;84,00359459;238842,9699;5819516,108;0;0;2,579617166;0,022362675;2,579617166;0;0;base
1714;101;2009;1;0;0;0;4,31372549;1;29,15298599;24,81461538;196471,5747;5594635,437;0;0;3,681681761;-0,895957915;3,681681761;0;0;base
1715;101;2009;2;0;0;0;4,31372549;1;58,71525584;17,05292308;196471,5747;5594635,437;0;0;3,681681761;0,135542079;3,681681761;0;0;base
1716;101;2009;3;0;0;0;4,31372549;1;65,63834842;16,54946154;196471,5747;5594635,437;0;0;3,681681761;-0,807213386;3,681681761;0;0;base
1717;101;2009;4;0;0;0;4,31372549;0;149,2869191;28,467;196471,5747;5594635,437;0;0;3,681681761;-0,127861088;3,681681761;0;0;base
1718;101;2009;5;0;0;0;4,31372549;0;496,5575412;109,065;196471,5747;5594635,437;0;0;3,681681761;0,999473924;3,681681761;0;0;base
1719;101;2009;6;0;0;0;4,31372549;0;297,7496964;128,3784615;196471,5747;5594635,437;0;0;3,681681761;-0,58463923;3,681681761;0;0;base
1720;101;2009;7;0;0;0;4,31372549;0;197,6550084;150,2780769;196471,5747;5594635,437;0;0;3,681681761;-1,124774152;3,681681761;0;0;base
1721;101;2009;8;0;0;0;4,31372549;0;560,5719745;183,8716923;196471,5747;5594635,437;0;0;3,681681761;1,992367224;3,681681761;0;0;base
1722;101;2009;9;0;0;0;4,31372549;0;121,5226111;186,2935385;196471,5747;5594635,437;0;0;3,681681761;-0,833335939;3,681681761;0;0;base
1723;101;2009;10;0;0;0;4,31372549;1;308,7532295;94,54292308;196471,5747;5594635,437;0;0;3,681681761;1,494624071;3,681681761;0;0;base
1724;101;2009;11;0;0;0;4,31372549;1;220,3145522;133,5576154;196471,5747;5594635,437;0;0;3,681681761;1,43964109;3,681681761;0;0;base
1725;101;2009;12;0;0;0;4,31372549;1;134,3204031;84,16438462;196471,5747;5594635,437;0;0;3,681681761;0,62734086;3,681681761;0;0;base
1833;103;2009;1;0;0;0;61,25;1;48,87516725;30,741;186695,3928;5505964,756;0;0;1,147216915;-0,943753571;1,182531454;0;0;base
1834;103;2009;2;0;0;0;66,5625;1;89,94958592;22,46294444;186695,3928;5505964,756;0;0;1,110609462;0,235500568;1,147216915;0;0;base
1835;103;2009;3;0;0;0;71,875;1;90,89226165;21,19983333;186695,3928;5505964,756;0;0;1,072610814;-0,791002367;1,110609462;0;0;base
1836;103;2009;4;0;0;0;77,1875;0;165,7935531;39,151;186695,3928;5505964,756;0;0;1,033111039;-0,220779311;1,072610814;0;0;base
1837;103;2009;5;2;0;0;82,5;0;437,3954301;86,97466667;186695,3928;5505964,756;0;0;0,991986641;0,869016017;1,033111039;0;0;base
1838;103;2009;6;0;0;0;86,88888889;0;278,4673864;95,71583333;186695,3928;5505964,756;0;0;0,695202909;-0,691305252;0,991986641;0;0;base
1839;103;2009;7;0;0;0;91,27777778;0;188,4362766;108,3332222;186695,3928;5505964,756;0;0;0,271282126;-1,349320794;0,695202909;0;0;base
1840;103;2009;8;3;0;0;95,66666667;0;523,9199358;179,1064444;186695,3928;5505964,756;0;0;-0,47936822;2,149205849;0,271282126;0;0;base
1841;103;2009;9;0;0;0;79,83333333;0;117,5469361;145,046;186695,3928;5505964,756;0;0;0,892681754;-1,233184354;-0,47936822;0;0;base
1842;103;2009;10;0;0;0;64;1;302,1479526;99,51672222;186695,3928;5505964,756;0;0;1,450245964;1,394604293;0,892681754;0;0;base
1843;103;2009;11;0;0;0;48,16666667;1;253,154448;116,9689444;186695,3928;5505964,756;0;0;1,806099097;1,58820595;1,450245964;0;0;base
1844;103;2009;12;0;0;0;32,33333333;1;170,2849457;85,23033333;186695,3928;5505964,756;0;0;2,068020568;0,696443013;1,806099097;0;0;base
525;51;2009;2;2;0;1;2,5;1;5,405202227;0,0692;315654,723;6433715,872;1;0;4,668043666;0,490248927;4,668043666;0;0;base
526;51;2009;3;1;0;1;3;1;4,262028695;0,093;315654,723;6433715,872;1;0;4,777449535;-0,237787433;4,668043666;0;0;base
530;51;2009;7;1;0;1;1,46;0;28,26308549;0,1414;315654,723;6433715,872;1;0;3,488505657;-0,458430348;3,993658005;0;0;base
532;51;2009;9;1;0;1;3;0;45,04809218;0,3536;315654,723;6433715,872;1;0;4,966694967;0,677316907;4,47897553;0;0;base
534;51;2009;11;2;0;1;1,25;1;1,005260336;0,372;315654,723;6433715,872;1;0;5,24869374;-0,501860007;5,117602003;0;0;base
644;52;2009;2;2;0;1;6,2501;1;5,09979673;0,215666667;321601,7251;6409548,844;1;0;5,120246901;0,423141252;5,120246901;0;0;base
648;52;2009;6;2;0;1;1,04;0;95,01186245;0,139666667;321601,7251;6409548,844;1;0;6,933471419;0,397885438;2,147717527;0;0;base
649;52;2009;7;5;0;1;49,82;0;26,22845742;0,220666667;321601,7251;6409548,844;1;0;3,313834101;-0,579921648;6,933471419;0;0;base
651;52;2009;9;2;0;1;6,85;0;45,73821431;0,800333333;321601,7251;6409548,844;1;0;4,33055724;0,709727553;4,805973575;0;0;base
881;54;2009;1;13;1;1;2,836707969;1;16,17128862;6,279538462;344556,3868;6372956,136;1;1;6,006970656;1,257399591;6,006970656;0;2,836707969;base
882;54;2009;2;12;1;1;2,502970733;1;7,435796066;3,465692308;344556,3868;6372956,136;1;1;5,538981995;0,656129173;6,006970656;1;2,502970733;base
883;54;2009;3;18;1;1;4,143465609;1;2,423574526;2,284884615;344556,3868;6372956,136;1;1;4,53419019;-0,194678899;5,538981995;1;4,143465609;base
884;54;2009;4;14;1;1;12,68051786;0;5,69E-05;1,238076923;344556,3868;6372956,136;1;1;5,407088667;-3,023104421;4,53419019;1;12,68051786;base
885;54;2009;5;21;1;1;4,59105857;0;15,02376016;1,557846154;344556,3868;6372956,136;1;1;4,227317993;-0,83308943;5,407088667;1;4,59105857;base
886;54;2009;6;30;1;1;2,255329333;0;103,0750333;1,822807692;344556,3868;6372956,136;1;1;5,260522932;0,339526444;4,227317993;1;2,255329333;base
887;54;2009;7;18;1;1;7,272208556;0;22,30439231;2,228192308;344556,3868;6372956,136;1;1;5,207990903;-0,549764031;5,260522932;1;7,272208556;base
888;54;2009;8;22;1;1;2,816702409;0;114,3901981;2,5865;344556,3868;6372956,136;1;1;6,514966977;0,92429809;5,207990903;1;2,816702409;base
889;54;2009;9;20;1;1;4,191535834;0;78,67301342;2,806884615;344556,3868;6372956,136;1;1;3,792619192;1,365128814;6,514966977;1;4,191535834;base
890;54;2009;10;26;1;1;8,874793225;1;4,040750351;2,694538462;344556,3868;6372956,136;1;1;8,527424512;-0,204151148;3,792619192;1;8,874793225;base
891;54;2009;11;21;1;1;5,262658185;1;5,420970677;4,629192308;344556,3868;6372956,136;1;1;4,319576736;0,367484112;8,527424512;1;5,262658185;base
892;54;2009;12;17;1;1;2,634576471;1;0,026296196;7,125961538;344556,3868;6372956,136;1;1;5,44391053;-1,303673245;4,319576736;1;2,634576471;base
1119;57;2009;1;45;0;1;2,851001433;1;7,681539309;26,24573913;351939,7258;6283636,359;1;0;6,600396744;0,331881578;3,088222978;0;0;base
1125;57;2009;7;53;0;1;1,292263577;0;30,87958444;10,60213043;351939,7258;6283636,359;1;0;6,593207796;-0,800785412;6,262632843;0;0;base
60;44;2010;1;1;0;0;0,1;1;0;0,054;269252,0606;6645413,775;0;0;4,560947102;0;4,560947102;0;0;base
61;44;2010;2;2;0;0;0,1125;1;0;0,035;269252,0606;6645413,775;0;0;6,983572175;0;4,560947102;0;0;base
62;44;2010;3;3;0;0;32,00166667;1;0;0,023;269252,0606;6645413,775;0;0;6,596845103;0;6,983572175;0;0;base
63;44;2010;4;5;0;0;0,04;0;0;0,019;269252,0606;6645413,775;0;0;7,340254763;0;6,596845103;0;0;base
64;44;2010;5;6;0;0;0,710649667;0;85,83055096;0,018;269252,0606;6645413,775;0;0;6,622902911;1,951439097;7,340254763;0;0;base
65;44;2010;6;3;0;0;2,608333333;0;35,20243878;0,112;269252,0606;6645413,775;0;0;6,787780401;0,57159223;6,622902911;0;0;base
66;44;2010;7;3;0;0;0,025;0;4,952213784;0;269252,0606;6645413,775;0;0;7,826262209;-0,6430014;6,787780401;0;0;base
67;44;2010;8;5;0;0;22,6694;0;17,0243559;0,36;269252,0606;6645413,775;0;0;6,692076291;0,156033634;7,826262209;0;0;base
68;44;2010;9;8;0;0;4,590625;0;12,5144345;0,182;269252,0606;6645413,775;0;0;6,914020104;1,01225514;6,692076291;0;0;base
69;44;2010;10;2;0;0;5,55;1;0;0,073;269252,0606;6645413,775;0;0;5,725748036;0;6,914020104;0;0;base
70;44;2010;11;1;0;0;0,1;1;0,98353048;0,043;269252,0606;6645413,775;0;0;6,145732434;0,744666816;5,725748036;0;0;base
71;44;2010;12;0;0;0;0,344364754;1;0;0,027;269252,0606;6645413,775;0;0;6,646107252;0;6,145732434;0;0;base
419;48;2010;3;0;0;0;2,5;1;0;0,004;279017,7907;6472141,879;0;0;4,675516784;0;4,275203349;1;0;base
422;48;2010;6;0;0;0;8,05158549;0;86,71003353;0,003666667;279017,7907;6472141,879;0;0;6,077035269;0,379594433;4,959241855;1;0;base
423;48;2010;7;0;0;0;14,10317098;0;35,98579289;0,002666667;279017,7907;6472141,879;0;0;6,59165336;-0,329364358;6,077035269;0;0;base
425;48;2010;9;0;0;0;38,66983765;0;38,05346563;0,002;279017,7907;6472141,879;0;0;6,569673967;0,677762496;6,929746547;1;0;base
426;48;2010;10;0;0;0;57,18491882;1;3,924951486;0,001666667;279017,7907;6472141,879;0;0;6,001513238;0,086810628;6,569673967;0;0;base
536;51;2010;1;0;0;0;1,483333333;1;2,340514193;0,129;315654,723;6433715,872;0;0;4,895290188;-0,30016483;5,087523151;0;0;base
538;51;2010;3;0;0;0;1,4;1;0;0,1004;315654,723;6433715,872;0;0;4,697666188;0;4,657092865;0;0;base
539;51;2010;4;0;0;0;1,2;0;3,1807468;0,093;315654,723;6433715,872;0;0;4,736657302;-0,55226393;4,697666188;0;0;base
541;51;2010;6;0;0;0;8,5;0;84,07841648;0,1058;315654,723;6433715,872;0;0;5,033205197;0,280004494;4,774184992;0;0;base
543;51;2010;8;0;0;0;12,95;0;17,50360474;0,1006;315654,723;6433715,872;0;0;5,847914862;-0,942772058;5,238748831;0;0;base
544;51;2010;9;0;0;0;9,9;0;43,97869809;0,0282;315654,723;6433715,872;0;0;6,223742283;0,64582571;5,847914862;0;0;base
545;51;2010;10;0;0;0;6,85;1;10,16852981;0,1376;315654,723;6433715,872;0;0;6,496269471;-0,043330377;6,223742283;0;0;base
546;51;2010;11;0;0;0;3,8;1;27,53228251;0,1384;315654,723;6433715,872;0;0;6,71020861;1,589143336;6,496269471;0;0;base
655;52;2010;1;0;0;0;1,822111111;1;2,102924183;0,166333333;321601,7251;6409548,844;0;0;5,597287827;-0,323144967;5,809764612;0;0;base
656;52;2010;2;0;0;0;2,644222222;1;0,069471157;0,179;321601,7251;6409548,844;0;0;5,327134684;-1,611348662;5,597287827;0;0;base
658;52;2010;4;1;0;0;0,7;0;4,213218433;0,139333333;321601,7251;6409548,844;0;0;4,441785471;-0,494374329;4,955831732;0;0;base
659;52;2010;5;0;0;0;4,35;0;56,53083368;0,124;321601,7251;6409548,844;0;0;4,334582411;0,33636044;4,441785471;0;0;base
660;52;2010;6;0;0;0;8;0;85,94661405;0,139333333;321601,7251;6409548,844;0;0;4,21449141;0,293280937;4,334582411;0;0;base
661;52;2010;7;0;0;0;11,65;0;38,09180753;0,153;321601,7251;6409548,844;0;0;4,077984785;-0,328059493;4,21449141;0;0;base
663;52;2010;9;0;0;0;13,11666667;0;40,24692172;0,120666667;321601,7251;6409548,844;0;0;3,79016365;0,543812585;3,919853308;0;0;base
664;52;2010;10;0;0;0;10,93333333;1;10,09016563;0,11;321601,7251;6409548,844;0;0;3,641112432;-0,125365006;3,79016365;0;0;base
666;52;2010;12;0;0;0;12,58335625;1;0,878117357;0,092666667;321601,7251;6409548,844;0;0;4,51241863;-0,185842478;3,465886714;0;0;base
774;53;2010;1;0;0;0;2,677777778;1;0;0,003;276406,0805;6383100,075;0;0;4,873109514;0;4,243090415;0;0;base
775;53;2010;2;1;0;0;1,8;1;0;0,003;276406,0805;6383100,075;0;0;5,25661416;0;4,873109514;0;0;base
776;53;2010;3;1;0;0;0,6;1;0;0,003;276406,0805;6383100,075;0;0;5,067372803;0;5,25661416;0;0;base
777;53;2010;4;0;0;0;0,568133333;0;3,0911168;0,003;276406,0805;6383100,075;0;0;4,954749885;-0,541561693;5,067372803;0;0;base
778;53;2010;5;0;0;0;0,536266667;0;47,78927278;0;276406,0805;6383100,075;0;0;4,827814045;-0,193177906;4,954749885;0;0;base
779;53;2010;6;0;0;0;0,5044;0;129,081726;0,003;276406,0805;6383100,075;0;0;4,682390306;0,530074663;4,827814045;0;0;base
780;53;2010;7;0;0;0;0,472533333;0;54,67822039;0,013;276406,0805;6383100,075;0;0;4,512159916;-0,29346688;4,682390306;0;0;base
781;53;2010;8;0;0;0;0,440666667;0;10,745743;0,03;276406,0805;6383100,075;0;0;4,306883339;-1,806355641;4,512159916;0;0;base
782;53;2010;9;1;2;0;0,4088;0;34,6350516;0,027;276406,0805;6383100,075;0;1;4,048287961;0,411496991;4,306883339;0;0,4088;base
783;53;2010;10;0;0;0;16,2644;1;17,329116;0,023;276406,0805;6383100,075;0;0;3,490575538;0,595343214;4,048287961;1;0;base
784;53;2010;11;1;2;0;32,12;1;10,631976;0,019;276406,0805;6383100,075;0;1;2,11750425;0,773563751;3,490575538;0;32,12;base
785;53;2010;12;0;0;0;16,26;1;0;0,005;276406,0805;6383100,075;0;0;7,631004654;0;2,11750425;1;0;base
895;54;2010;3;13;2;0;4,244051923;1;0,018345753;2,557384615;344556,3868;6372956,136;0;1;4,505159585;-1,877155479;4,547683192;1;4,244051923;base
1012;55;2010;1;0;0;0;7;1;1,557713467;29,0406087;269807,3844;6315109,157;0;0;5,370798423;-0,875792197;5,249049413;0;0;base
1013;55;2010;2;1;0;0;4;1;0,712971279;20,0223913;269807,3844;6315109,157;0;0;5,479320433;-1,100933294;5,370798423;0;0;base
1014;55;2010;3;0;0;0;8,65;1;0,000518692;17,92530435;269807,3844;6315109,157;0;0;5,368887875;-2,895201198;5,479320433;0;0;base
1015;55;2010;4;1;0;0;13,3;0;5,986537289;13,12569565;269807,3844;6315109,157;0;0;5,244728395;-1,047975461;5,368887875;0;0;base
1016;55;2010;5;0;0;0;11,492;0;52,01303004;12,93247826;269807,3844;6315109,157;0;0;5,288369921;-0,409151406;5,244728395;0;0;base
1017;55;2010;6;0;0;0;9,684;0;129,3306827;13,13543478;269807,3844;6315109,157;0;0;5,330186242;0,182695183;5,288369921;0;0;base
1018;55;2010;7;0;0;0;7,876;0;48,38066973;11,37291304;269807,3844;6315109,157;0;0;5,370323918;-0,486389518;5,330186242;0;0;base
1019;55;2010;8;0;0;0;6,068;0;16,46577347;10,26695652;269807,3844;6315109,157;0;0;5,408912536;-1,344547127;5,370323918;0;0;base
1020;55;2010;9;1;0;0;4,26;0;17,09794187;9,41273913;269807,3844;6315109,157;0;0;5,446067235;-1,025940596;5,408912536;0;0;base
1021;55;2010;10;2;0;0;3,0114;1;20,53555782;11,08156522;269807,3844;6315109,157;0;0;7,021202694;0,04962379;5,446067235;0;0;base
1022;55;2010;11;1;0;0;0,0875;1;44,70896338;12,39526087;269807,3844;6315109,157;0;0;5,586836122;1,490268316;7,021202694;0;0;base
1023;55;2010;12;2;0;0;2,0114;1;14,02713923;11,37882609;269807,3844;6315109,157;0;0;6,942602417;0,647555264;5,586836122;0;0;base
1131;57;2010;1;71;0;0;2,079305971;1;1,557713467;29,0406087;351939,7258;6283636,359;0;0;6,324174535;-0,875792197;7,447182277;0;0;base
1132;57;2010;2;48;0;0;1,582097363;1;0,712971279;20,0223913;351939,7258;6283636,359;0;0;6,821697306;-1,100933294;6,324174535;0;0;base
1133;57;2010;3;61;0;0;1,415681719;1;0,000518692;17,92530435;351939,7258;6283636,359;0;0;6,804025067;-2,895201198;6,821697306;0;0;base
1134;57;2010;4;69;0;0;2,730196189;0;5,986537289;13,12569565;351939,7258;6283636,359;0;0;6,151965531;-1,047975461;6,804025067;0;0;base
1135;57;2010;5;59;0;0;2,997262297;0;52,01303004;12,93247826;351939,7258;6283636,359;0;0;6,52849641;-0,409151406;6,151965531;0;0;base
1136;57;2010;6;74;0;0;2,56163874;0;129,3306827;13,13543478;351939,7258;6283636,359;0;0;5,996808292;0,182695183;6,52849641;0;0;base
1137;57;2010;7;63;0;0;1,690098849;0;48,38066973;11,37291304;351939,7258;6283636,359;0;0;6,749726193;-0,486389518;5,996808292;0;0;base
1138;57;2010;8;60;0;0;5,53171291;0;16,46577347;10,26695652;351939,7258;6283636,359;0;0;7,3852392;-1,344547127;6,749726193;0;0;base
1139;57;2010;9;54;0;0;6,44493373;0;17,09794187;9,41273913;351939,7258;6283636,359;0;0;6,938895164;-1,025940596;7,3852392;0;0;base
1140;57;2010;10;75;0;0;4,013388382;1;20,53555782;11,08156522;351939,7258;6283636,359;0;0;6,434865276;0,04962379;6,938895164;0;0;base
1141;57;2010;11;58;0;0;1,676001908;1;44,70896338;12,39526087;351939,7258;6283636,359;0;0;6,196255284;1,490268316;6,434865276;0;0;base
1250;60;2010;1;7;0;0;4,257923008;1;0,264178536;16,1013;323883,3901;6190201,379;0;0;4,801192701;-0,930379655;5,315989497;0;0;base
1251;60;2010;2;3;0;0;6,044572053;1;0,221243461;8,77665;323883,3901;6190201,379;0;0;3,554942486;-1,355582505;4,801192701;0;0;base
1252;60;2010;3;9;0;0;18,57184;1;0,065514105;14,26335;323883,3901;6190201,379;0;0;5,185876306;-1,904060376;3,554942486;0;0;base
1253;60;2010;4;11;0;0;14,44141394;0;10,54552244;4,36995;323883,3901;6190201,379;0;0;4,252553125;-1,150446085;5,185876306;0;0;base
1254;60;2010;5;8;0;0;5,370438248;0;88,00822803;10,60535;323883,3901;6190201,379;0;0;5,055366157;-0,658019643;4,252553125;0;0;base
1255;60;2010;6;3;0;0;9,562868373;0;251,4110113;8,05935;323883,3901;6190201,379;0;0;4,966658682;0,202168708;5,055366157;0;0;base
1256;60;2010;7;5;0;0;7,026437197;0;128,0532564;15,47185;323883,3901;6190201,379;0;0;2,775406229;-0,312218067;4,966658682;0;0;base
1257;60;2010;8;18;0;0;12,04624471;0;49,27680455;8,7696;323883,3901;6190201,379;0;0;4,792457939;-1,117658869;2,775406229;0;0;base
1258;60;2010;9;8;0;0;10,48144783;0;19,16392042;6,3197;323883,3901;6190201,379;0;0;4,595263788;-1,252186489;4,792457939;0;0;base
1259;60;2010;10;9;0;0;8,067397333;1;38,65860227;7,0261;323883,3901;6190201,379;0;0;4,487468876;0,123404948;4,595263788;0;0;base
1260;60;2010;11;4;0;0;55,55808;1;49,10590479;9,80695;323883,3901;6190201,379;0;0;3,44474846;1,018214491;4,487468876;0;0;base
1261;60;2010;12;9;0;0;4,89799195;1;11,96205008;7,8512;323883,3901;6190201,379;0;0;4,954723802;0,444213332;3,44474846;0;0;base
1369;71;2010;1;1;0;0;31;1;5,80945689;18,49155556;309426,6977;6110482,181;0;0;3,836560741;-0,159728261;3,836560741;0;0;base
1370;71;2010;2;0;0;0;40,85714286;1;0,404610307;10,85311111;309426,6977;6110482,181;0;0;3,707493347;-1,336441561;3,836560741;0;0;base
1371;71;2010;3;0;0;0;50,71428571;1;0,088348768;10,63077778;309426,6977;6110482,181;0;0;3,559263834;-2,275248145;3,707493347;0;0;base
1372;71;2010;4;0;0;0;60,57142857;0;20,07436205;7,582333333;309426,6977;6110482,181;0;0;3,385173449;-0,897387251;3,559263834;0;0;base
1373;71;2010;5;0;0;0;70,42857143;0;105,9575122;12,54766667;309426,6977;6110482,181;0;0;3,174250997;-0,782610035;3,385173449;0;0;base
1374;71;2010;6;0;0;0;80,28571429;0;352,8446918;19,87433333;309426,6977;6110482,181;0;0;2,90661127;0,202673871;3,174250997;0;0;base
1375;71;2010;7;0;0;0;90,14285714;0;199,7439337;19,619;309426,6977;6110482,181;0;0;2,540064584;-0,262375566;2,90661127;0;0;base
1376;71;2010;8;1;0;0;100;0;100,7554614;18,42622222;309426,6977;6110482,181;0;0;1,955334486;-0,776320376;2,540064584;0;0;base
1377;71;2010;9;0;0;0;75,275;0;25,78856986;20,53244444;309426,6977;6110482,181;0;0;3,501343747;-1,417160791;1,955334486;0;0;base
1378;71;2010;10;0;0;0;50,55;1;55,84609814;36,37477778;309426,6977;6110482,181;0;0;4,081827873;0,002802084;3,501343747;0;0;base
1379;71;2010;11;0;0;0;25,825;1;58,83292122;29,17911111;309426,6977;6110482,181;0;0;4,446729723;0,646613574;4,081827873;0;0;base
1380;71;2010;12;2;0;0;1,1;1;32,21189516;9,665555556;309426,6977;6110482,181;0;0;4,713495985;0,515913804;4,446729723;0;0;base
1488;81;2010;1;2;0;0;13,225;1;13,09171217;10,65530769;236796,9474;5931893,018;0;0;2,742392264;-0,223246703;2,742392264;0;0;base
1489;81;2010;2;0;0;0;33,67625;1;62,50345325;8,332730769;236796,9474;5931893,018;0;0;2,465395235;0,746054905;2,742392264;0;0;base
1490;81;2010;3;0;0;0;54,1275;1;9,757457493;6,904923077;236796,9474;5931893,018;0;0;2,080963685;-0,907761212;2,465395235;0;0;base
1491;81;2010;4;0;0;0;74,57875;0;15,54712922;5,686230769;236796,9474;5931893,018;0;0;1,44838624;-1,515288762;2,080963685;0;0;base
1492;81;2010;5;1;0;0;95,03;0;97,81562871;7,590192308;236796,9474;5931893,018;0;0;-0,692558512;-0,957542247;1,44838624;0;0;base
1493;81;2010;6;1;0;0;0,76;0;357,256138;30,80123077;236796,9474;5931893,018;0;0;4,82531773;0,114087127;-0,692558512;0;0;base
1494;81;2010;7;0;0;0;7,195;0;289,0815668;48,23869231;236796,9474;5931893,018;0;0;4,542624776;0,098681834;4,82531773;0;0;base
1495;81;2010;8;0;0;0;13,63;0;204,259978;51,138;236796,9474;5931893,018;0;0;4,147063845;-0,175263532;4,542624776;0;0;base
1496;81;2010;9;0;0;0;20,065;0;19,70921413;40,31884615;236796,9474;5931893,018;0;0;3,483053902;-2,031320491;4,147063845;0;0;base
1497;81;2010;10;2;0;0;26,5;1;69,10914108;34,38746154;236796,9474;5931893,018;0;0;0,625929535;-0,086524269;3,483053902;0;0;base
1498;81;2010;11;1;0;0;1,666;1;45,05879703;28,34592308;236796,9474;5931893,018;0;0;3,332955185;0,069701695;0,625929535;0;0;base
1499;81;2010;12;0;0;0;24,11066667;1;53,54518201;14,17330769;236796,9474;5931893,018;0;0;2,939443004;0,579578258;3,332955185;0;0;base
1607;83;2010;1;0;0;0;11,9045;1;24,97223941;50,0882973;238842,9699;5819516,108;0;0;2,579617166;-0,265801247;2,579617166;0;0;base
1608;83;2010;2;2;0;0;11,9045;1;78,01277256;41,39848649;238842,9699;5819516,108;0;0;2,579617166;0,817650225;2,579617166;0;0;base
1609;83;2010;3;1;0;0;102,078;1;44,96651993;33,87027027;238842,9699;5819516,108;0;0;1,187027074;-0,209614986;2,579617166;0;0;base
1610;83;2010;4;1;0;0;102,078;0;33,05258164;35,38616216;238842,9699;5819516,108;0;0;0,845467935;-1,331569447;1,187027074;0;0;base
1611;83;2010;5;1;0;0;12,084;0;102,9849207;33,69543243;238842,9699;5819516,108;0;0;-0,240369015;-1,031088857;0,845467935;0;0;base
1612;83;2010;6;0;0;0;7,95;0;386,588765;72,71016216;238842,9699;5819516,108;0;0;1,051580178;0,195314168;-0,240369015;0;0;base
1613;83;2010;7;1;0;0;3,816;0;317,7859879;100,9814324;238842,9699;5819516,108;0;0;1,596960985;0,258443865;1,051580178;0;0;base
1614;83;2010;8;1;0;0;3,339;0;257,0687591;81,17481081;238842,9699;5819516,108;0;0;1,952864118;0,131660386;1,596960985;0;0;base
1615;83;2010;9;3;0;0;20,6965;0;36,54105558;60,26137838;238842,9699;5819516,108;0;0;3,111980015;-1,891018006;1,952864118;0;0;base
1616;83;2010;10;1;0;0;4,611;1;92,0125478;64,97464865;238842,9699;5819516,108;0;0;1,623304808;-0,079827338;3,111980015;0;0;base
1617;83;2010;11;2;0;0;142,305;1;70,85248196;62,41343243;238842,9699;5819516,108;0;0;1,16229778;0,130565216;1,623304808;0;0;base
1618;83;2010;12;4;0;0;51,6968625;1;98,09901161;42,56037838;238842,9699;5819516,108;0;0;2,327386921;0,825005736;1,16229778;0;0;base
1726;101;2010;1;3;0;0;4,31372549;1;57,4306542;64,68038462;196471,5747;5594635,437;0;0;3,681681761;-0,049298328;3,681681761;0;0;base
1727;101;2010;2;0;0;0;2,959150327;1;133,626048;47,389;196471,5747;5594635,437;0;0;4,49888433;1,229392625;3,681681761;0;0;base
1728;101;2010;3;0;0;0;1,604575163;1;99,81557983;36,18184615;196471,5747;5594635,437;0;0;4,942501981;0,080737596;4,49888433;0;0;base
1729;101;2010;4;1;0;0;0,25;0;71,3715939;33,52723077;196471,5747;5594635,437;0;0;5,248727998;-1,308180105;4,942501981;0;0;base
1730;101;2010;5;8;0;0;31,26048951;0;139,5193617;41,62784615;196471,5747;5594635,437;0;0;4,264026946;-1,155786883;5,248727998;0;0;base
1731;101;2010;6;1;0;0;290;0;440,7039668;106,5733846;196471,5747;5594635,437;0;0;3,42380077;0,477593626;4,264026946;0;0;base
1732;101;2010;7;0;0;0;155;0;324,1834706;166,6638462;196471,5747;5594635,437;0;0;2,965245083;0,097402566;3,42380077;0;0;base
1733;101;2010;8;2;0;0;20;0;358,7806707;124,8556923;196471,5747;5594635,437;0;0;2,093478911;0,607658337;2,965245083;0;0;base
1734;101;2010;9;1;0;0;40;0;73,18121197;117,44;196471,5747;5594635,437;0;0;1,950510448;-1,816924332;2,093478911;0;0;base
1735;101;2010;10;0;0;0;20,02097902;1;144,0413066;76,89269231;196471,5747;5594635,437;0;0;1,404211494;0,079623342;1,950510448;0;0;base
1736;101;2010;11;1;0;0;0,041958042;1;120,388767;100,8323077;196471,5747;5594635,437;0;0;0,106477223;0,235729274;1,404211494;0;0;base
1737;101;2010;12;2;0;0;0,062937063;1;121,7754521;77,503;196471,5747;5594635,437;0;0;0,105844786;0,496608469;0,106477223;0;0;base
1845;103;2010;1;1;0;0;16,5;1;92,66360636;70,74127778;186695,3928;5505964,756;0;0;2,275383088;0,122934442;2,068020568;0;0;base
1846;103;2010;2;0;0;0;16,33333333;1;162,2304179;61,31777778;186695,3928;5505964,756;0;0;2,749138075;1,24040509;2,275383088;0;0;base
1847;103;2010;3;0;0;0;16,16666667;1;120,38488;48,10244444;186695,3928;5505964,756;0;0;3,069292327;-0,056753328;2,749138075;0;0;base
1848;103;2010;4;0;0;0;16;0;100,8880069;47,9485;186695,3928;5505964,756;0;0;3,311424814;-1,206506696;3,069292327;0;0;base
1849;103;2010;5;0;0;0;15,83333333;0;168,9130395;59,4;186695,3928;5505964,756;0;0;3,506208252;-1,009992363;3,311424814;0;0;base
1850;103;2010;6;0;0;0;15,66666667;0;439,6375471;96,82422222;186695,3928;5505964,756;0;0;3,669166144;0,790352323;3,506208252;0;0;base
1851;103;2010;7;0;0;0;15,5;0;302,172125;154,2069444;186695,3928;5505964,756;0;0;3,809252413;0,044753859;3,669166144;0;0;base
1852;103;2010;8;0;0;0;15,33333333;0;320,0707899;127,716;186695,3928;5505964,756;0;0;3,932104146;0,384366961;3,809252413;0;0;base
1853;103;2010;9;0;0;0;15,16666667;0;104,1470195;102,2058333;186695,3928;5505964,756;0;0;4,041501202;-1,516659486;3,932104146;0;0;base
1854;103;2010;10;1;0;0;15;1;151,606237;73,76833333;186695,3928;5505964,756;0;0;4,140101929;-0,06914541;4,041501202;0;0;base
1855;103;2010;11;0;0;0;19,95833333;1;145,2099685;96,87772222;186695,3928;5505964,756;0;0;4,011002881;0,235330424;4,140101929;0;0;base
1856;103;2010;12;0;0;0;24,91666667;1;134,2064246;77,5445;186695,3928;5505964,756;0;0;3,862731599;0,324980944;4,011002881;0;0;base
179;45;2010;1;18;0;1;4,799418667;1;5,716933867;0,285363636;320756,3223;6594510,657;1;0;5,580141557;0,497843961;5,516845907;0;0;base
180;45;2010;2;21;0;1;3,10637619;1;3,576226364;0,258606061;320756,3223;6594510,657;1;0;6,049103768;-0,095451452;5,580141557;0;0;base
181;45;2010;3;20;0;1;2,09224;1;0;0,240545455;320756,3223;6594510,657;1;0;6,16634133;0;6,049103768;0;0;base
182;45;2010;4;19;0;1;6,710491789;0;3,848659368;0,308060606;320756,3223;6594510,657;1;0;5,588340743;-0,402742551;6,16634133;0;0;base
183;45;2010;5;29;0;1;2,928650345;0;73,06239051;0,509515152;320756,3223;6594510,657;1;0;5,853303971;0,925383873;5,588340743;0;0;base
184;45;2010;6;24;0;1;1,7073375;0;61,19012703;0,897757576;320756,3223;6594510,657;1;0;5,918719103;0,372259065;5,853303971;0;0;base
185;45;2010;7;23;0;1;3,09896;0;19,76570429;0,564878788;320756,3223;6594510,657;1;0;5,786317502;-0,399807327;5,918719103;0;0;base
186;45;2010;8;30;0;1;7,289175;0;10,70893286;0,41030303;320756,3223;6594510,657;1;0;5,704415159;-0,702270002;5,786317502;0;0;base
187;45;2010;9;20;0;1;2,530675;0;29,20984671;0,58630303;320756,3223;6594510,657;1;0;5,639512015;0,766757755;5,704415159;0;0;base
188;45;2010;10;33;0;1;2,011975758;1;2,860312989;0,472909091;320756,3223;6594510,657;1;0;5,679993939;-0,218142466;5,639512015;0;0;base
189;45;2010;11;21;0;1;1,2438946;1;12,38625712;0,286393939;320756,3223;6594510,657;1;0;5,836576015;1,339901867;5,679993939;0;0;base
190;45;2010;12;25;0;1;3,139756;1;0,673900464;0,216333333;320756,3223;6594510,657;1;0;5,865626967;-0,236836406;5,836576015;0;0;base
298;47;2010;1;5;0;1;1,0102156;1;4,218004623;1,106769231;318973,2185;6494678,62;1;0;5,379284593;0,193176259;5,379284593;0;0;base
299;47;2010;2;6;0;1;0,932173333;1;0,075115617;0,770076923;318973,2185;6494678,62;1;0;4,825226951;-1,439294073;5,379284593;0;0;base
300;47;2010;3;10;1;1;1,404048;1;0;0,797538462;318973,2185;6494678,62;1;1;4,271243736;0;4,825226951;0;1,404048;base
301;47;2010;4;9;1;1;2,608450444;0;0,626101398;0,854769231;318973,2185;6494678,62;1;1;6,75434861;-0,761826842;4,271243736;1;2,608450444;base
302;47;2010;5;7;0;1;2,205291429;0;51,4794098;1,090153846;318973,2185;6494678,62;1;0;5,79434513;0,517372638;6,75434861;1;0;base
303;47;2010;6;8;1;1;1,2489825;0;68,61734511;1,741769231;318973,2185;6494678,62;1;1;5,08776899;0,292117465;5,79434513;0;1,2489825;base
304;47;2010;7;4;0;1;1,47586;0;23,9221685;2,170153846;318973,2185;6494678,62;1;0;4,472673124;-0,300856869;5,08776899;1;0;base
305;47;2010;8;13;1;1;2,191369615;0;9,330400885;1,385384615;318973,2185;6494678,62;1;1;5,20069904;-0,988271951;4,472673124;0;2,191369615;base
306;47;2010;9;13;1;1;2,488103077;0;27,01733649;1,251384615;318973,2185;6494678,62;1;1;6,353632323;0,567985702;5,20069904;1;2,488103077;base
307;47;2010;10;6;1;1;129,2322497;1;4,999451749;1,112615385;318973,2185;6494678,62;1;1;5,229612075;0,004951965;6,353632323;1;129,2322497;base
308;47;2010;11;8;0;1;3,489615;1;20,67833516;1,591076923;318973,2185;6494678,62;1;0;4,70152192;1,610237176;5,229612075;1;0;base
309;47;2010;12;3;1;1;8,913333333;1;1,048774529;0,864615385;318973,2185;6494678,62;1;1;4,624997534;0,010009631;4,70152192;0;8,913333333;base
417;48;2010;1;1;1;1;1,2;1;0;0,000666667;279017,7907;6472141,879;1;1;4,602544357;0;4,602544357;0;1,2;base
418;48;2010;2;1;1;1;3;1;0;0,000666667;279017,7907;6472141,879;1;1;4,275203349;0;4,602544357;1;3;base
420;48;2010;4;1;1;1;2;0;4,333864633;0,002666667;279017,7907;6472141,879;1;1;4,960613032;-0,492652381;4,675516784;0;2;base
421;48;2010;5;1;1;1;2;0;64,7050063;0,001666667;279017,7907;6472141,879;1;1;4,959241855;0,514394176;4,960613032;1;2;base
424;48;2010;8;2;1;1;20,15475647;0;15,6342138;0,019666667;279017,7907;6472141,879;1;1;6,929746547;-0,991032635;6,59165336;0;20,15475647;base
427;48;2010;11;2;1;1;75,7;1;22,07953297;0,003333333;279017,7907;6472141,879;1;1;4,55326807;1,723300263;6,001513238;0;75,7;base
428;48;2010;12;1;1;1;0,009512938;1;0;0,001;279017,7907;6472141,879;1;1;9,190085982;0;4,55326807;1;0,009512938;base
537;51;2010;2;1;0;1;1,6;1;0,040746723;0,1044;315654,723;6433715,872;1;0;4,657092865;-1,667519257;4,895290188;0;0;base
540;51;2010;5;1;0;1;1;0;59,40180007;0,096;315654,723;6433715,872;1;0;4,774184992;0,387313728;4,736657302;0;0;base
542;51;2010;7;1;0;1;16;0;34,39685271;0,097;315654,723;6433715,872;1;0;5,238748831;-0,336271937;5,033205197;0;0;base
547;51;2010;12;2;0;1;0,75;1;0,989104712;0,0706;315654,723;6433715,872;1;0;6,886346485;-0,216274206;6,71020861;0;0;base
657;52;2010;3;3;0;1;3,466333333;1;0;0,179;321601,7251;6409548,844;1;0;4,955831732;0;5,327134684;0;0;base
662;52;2010;8;3;0;1;15,3;0;16,48752027;0,13;321601,7251;6409548,844;1;0;3,919853308;-1,077252766;4,077984785;0;0;base
665;52;2010;11;1;0;1;8,75;1;26,70607785;0,118333333;321601,7251;6409548,844;1;0;3,465886714;1,668183732;3,641112432;0;0;base
893;54;2010;1;20;2;1;4,879970168;1;3,144050522;5,072961538;344556,3868;6372956,136;1;1;5,527896614;-0,315895396;5,44391053;1;4,879970168;base
894;54;2010;2;15;2;1;1,719344933;1;1,592342025;2,863730769;344556,3868;6372956,136;1;1;4,547683192;-0,464924083;5,527896614;1;1,719344933;base
896;54;2010;4;11;2;1;1,745974196;0;1,923124738;1,6935;344556,3868;6372956,136;1;1;4,84577646;-0,716678126;4,505159585;1;1,745974196;base
897;54;2010;5;12;2;1;3,34209865;0;36,93731989;1,650115385;344556,3868;6372956,136;1;1;5,614169963;-0,178177087;4,84577646;1;3,34209865;base
898;54;2010;6;22;2;1;1,918418818;0;90,28454345;1,880307692;344556,3868;6372956,136;1;1;5,631404737;0,215061132;5,614169963;1;1,918418818;base
899;54;2010;7;13;2;1;4,088204231;0;31,02671825;1,733192308;344556,3868;6372956,136;1;1;8,002211644;-0,360293201;5,631404737;1;4,088204231;base
900;54;2010;8;26;2;1;3,282568154;0;7,511372132;1,333384615;344556,3868;6372956,136;1;1;4,790346109;-1,346460741;8,002211644;1;3,282568154;base
901;54;2010;9;22;2;1;5,268024545;0;15,78522241;0,885192308;344556,3868;6372956,136;1;1;5,02054237;-0,273175807;4,790346109;1;5,268024545;base
902;54;2010;10;20;2;1;3,0431395;1;11,28434141;1,074230769;344556,3868;6372956,136;1;1;7,199271248;0,448539991;5,02054237;1;3,0431395;base
903;54;2010;11;22;2;1;3,942240091;1;28,58905469;1,936230769;344556,3868;6372956,136;1;1;4,642398176;1,682833882;7,199271248;1;3,942240091;base
904;54;2010;12;24;2;1;4,118576346;1;3,225206541;1,423653846;344556,3868;6372956,136;1;1;4,871875312;0,372178793;4,642398176;1;4,118576346;base
1142;57;2010;12;79;0;1;3,315568678;1;14,02713923;11,37882609;351939,7258;6283636,359;1;0;6,544991439;0,647555264;6,196255284;0;0;base
72;44;2011;1;8;0;0;0,588729508;1;0;0;269252,0606;6645413,775;0;0;6,97806692;0;6,646107252;0;0;base
73;44;2011;2;1;0;0;0,025;1;0;0;269252,0606;6645413,775;0;0;7,527329094;0;6,97806692;0;0;base
74;44;2011;3;5;0;0;0,1304552;1;0;0;269252,0606;6645413,775;0;0;5,694569211;0;7,527329094;0;0;base
75;44;2011;4;4;0;0;16,2;0;0,32902537;0;269252,0606;6645413,775;0;0;5,928579856;-0,952212643;5,694569211;0;0;base
76;44;2011;5;2;0;0;0,1;0;0;0;269252,0606;6645413,775;0;0;5,842858571;0;5,928579856;0;0;base
77;44;2011;6;9;0;0;0,155981785;0;81,7232821;0,507;269252,0606;6645413,775;0;0;6,507341955;1,275383841;5,842858571;0;0;base
78;44;2011;7;3;0;0;3,4;0;25,84781062;0,394;269252,0606;6645413,775;0;0;5,858058418;0,248262222;6,507341955;0;0;base
79;44;2011;8;7;0;0;8,95;0;6,140162065;0,17;269252,0606;6645413,775;0;0;6,454321176;-0,577250866;5,858058418;0;0;base
80;44;2011;9;6;0;0;1,704166667;0;0;0,034;269252,0606;6645413,775;0;0;7,423880544;0;6,454321176;0;0;base
81;44;2011;10;7;0;0;8,975;1;15,84936622;0;269252,0606;6645413,775;0;0;6,506027752;1,472356318;7,423880544;0;0;base
82;44;2011;11;12;0;0;4,739076818;1;0;0;269252,0606;6645413,775;0;0;6,605819969;0;6,506027752;0;0;base
83;44;2011;12;6;0;0;0,295833333;1;0;0,001;269252,0606;6645413,775;0;0;6,975151054;0;6,605819969;0;0;base
429;48;2011;1;0;0;0;0,14131962;1;0;0,000333333;279017,7907;6472141,879;0;0;8,792169007;0;9,190085982;1;0;base
430;48;2011;2;0;0;0;0,273126302;1;2,80346032;0,000666667;279017,7907;6472141,879;0;0;8,121330286;0,471401929;8,792169007;0;0;base
435;48;2011;7;0;0;0;0,34601725;0;71,41397857;0,001;279017,7907;6472141,879;0;0;8,019996426;0,192086755;8,384804003;1;0;base
436;48;2011;8;0;0;0;0,673008625;0;32,1264342;0,001666667;279017,7907;6472141,879;0;0;7,439754899;-0,386594846;8,019996426;0;0;base
439;48;2011;11;0;0;0;1,005152841;1;0;0,008666667;279017,7907;6472141,879;0;0;9,704603369;0;10,39603329;1;0;base
549;51;2011;2;0;0;0;12,30666667;1;7,515477751;0,0418;315654,723;6433715,872;0;0;4,600274196;0,754390773;4,83710219;1;0;base
550;51;2011;3;0;0;0;6,753333333;1;3,616195185;0,0392;315654,723;6433715,872;0;0;4,289360168;-0,33924754;4,600274196;0;0;base
667;52;2011;1;0;0;0;16,4167125;1;3,875924702;0,109;321601,7251;6409548,844;0;0;5,012494601;0,149629243;4,51241863;0;0;base
669;52;2011;3;1;0;0;2;1;5,341775973;0,087;321601,7251;6409548,844;0;0;3,75474709;-0,168218281;5,344324233;0;0;base
670;52;2011;4;2;0;0;4,5;0;1,64514384;0;321601,7251;6409548,844;0;0;4,106735716;-0,910373059;3,75474709;0;0;base
671;52;2011;5;0;0;0;4;0;1,82489486;0;321601,7251;6409548,844;0;0;5,559149147;-1,852213169;4,106735716;0;0;base
673;52;2011;7;1;0;0;10,2;0;66,70942071;0,108666667;321601,7251;6409548,844;0;0;4,493103377;0,103282821;6,127863502;0;0;base
677;52;2011;11;0;0;0;5,057911111;1;0,135306631;0,250333333;321601,7251;6409548,844;0;0;4,928168587;-1,283194572;4,702270125;0;0;base
786;53;2011;1;2;1;0;0,4;1;0;0,003;276406,0805;6383100,075;0;1;8,322133815;0;7,631004654;0;0,4;base
787;53;2011;2;0;0;0;4,940255;1;6,468047;0,003;276406,0805;6383100,075;0;0;7,636660213;0,959582681;8,322133815;1;0;base
788;53;2011;3;2;3;0;9,48051;1;6,156418;0,003;276406,0805;6383100,075;0;1;3,456000834;0,084812817;7,636660213;0;9,48051;base
789;53;2011;4;0;0;0;6,509228889;0;7,14642734;0,003;276406,0805;6383100,075;0;0;6,831613328;-0,156164246;3,456000834;1;0;base
790;53;2011;5;0;0;0;3,537947778;0;0;0,003;276406,0805;6383100,075;0;0;7,507514056;0;6,831613328;0;0;base
791;53;2011;6;3;1;0;0,566666667;0;118,2344731;0,003;276406,0805;6383100,075;0;1;7,90716361;0,427684179;7,507514056;0;0,566666667;base
792;53;2011;7;0;0;0;8,383333333;0;62,51688229;0,003;276406,0805;6383100,075;0;0;7,323539767;-0,175279078;7,90716361;1;0;base
793;53;2011;8;1;1;0;16,2;0;59,5511532;0,003;276406,0805;6383100,075;0;1;5,750807413;-0,046257929;7,323539767;0;16,2;base
794;53;2011;9;1;1;0;0,1;0;0;0,003;276406,0805;6383100,075;0;1;8,342839804;0;5,750807413;1;0,1;base
795;53;2011;10;3;3;0;0,872533333;1;6,07506504;0,008;276406,0805;6383100,075;0;1;7,314382163;0,034357158;8,342839804;1;0,872533333;base
796;53;2011;11;0;0;0;1,686266667;1;0;0,009;276406,0805;6383100,075;0;0;7,09163749;0;7,314382163;1;0;base
797;53;2011;12;2;1;0;2,5;1;0;0;276406,0805;6383100,075;0;1;6,804619863;0;7,09163749;0;2,5;base
1024;55;2011;1;0;0;0;3,340933333;1;12,03788714;11,49408696;269807,3844;6315109,157;0;0;6,622960385;0,792900776;6,942602417;0;0;base
1025;55;2011;2;0;0;0;4,670466667;1;14,0292835;10,25313043;269807,3844;6315109,157;0;0;6,150337511;0,903839065;6,622960385;0;0;base
1026;55;2011;3;2;0;0;6;1;7,898147508;9,664782609;269807,3844;6315109,157;0;0;5,223500653;0,231154703;6,150337511;0;0;base
1027;55;2011;4;1;0;0;6;0;21,42614588;6,72373913;269807,3844;6315109,157;0;0;5,442270419;-0,15682785;5,223500653;0;0;base
1028;55;2011;5;2;0;0;2,5;0;5,563028238;5,766652174;269807,3844;6315109,157;0;0;5,435624399;-1,960791417;5,442270419;0;0;base
1029;55;2011;6;1;0;0;33;0;92,69660213;5,267130435;269807,3844;6315109,157;0;0;4,014102285;-0,152300395;5,435624399;0;0;base
1030;55;2011;7;1;0;0;2;0;67,50537914;8,490130435;269807,3844;6315109,157;0;0;5,42977685;-0,227309769;4,014102285;0;0;base
1031;55;2011;8;1;0;0;53;0;108,4059688;8,433913043;269807,3844;6315109,157;0;0;3,75974977;0,37445473;5,42977685;0;0;base
1032;55;2011;9;2;0;0;2;0;13,4072281;6,718086957;269807,3844;6315109,157;0;0;3,81881283;-1,215131548;3,75974977;0;0;base
1033;55;2011;10;2;0;0;5;1;13,99362968;8,586565217;269807,3844;6315109,157;0;0;5,527073758;-0,306304008;3,81881283;0;0;base
1034;55;2011;11;2;0;0;3,0114;1;9,79654731;8,822347826;269807,3844;6315109,157;0;0;6,983679949;0,014523249;5,527073758;0;0;base
1035;55;2011;12;2;0;0;0,8;1;0,577404111;11,68;269807,3844;6315109,157;0;0;5,810419862;-1,032536024;6,983679949;0;0;base
1143;57;2011;1;61;2;0;1,835468762;1;12,03788714;11,49408696;351939,7258;6283636,359;0;1;6,462936118;0,792900776;6,544991439;0;1,835468762;base
1144;57;2011;2;35;2;0;0,851814969;1;14,0292835;10,25313043;351939,7258;6283636,359;0;1;6,318483123;0,903839065;6,462936118;1;0,851814969;base
1145;57;2011;3;66;2;0;9,033104945;1;7,898147508;9,664782609;351939,7258;6283636,359;0;1;8,467370011;0,231154703;6,318483123;1;9,033104945;base
1146;57;2011;4;48;1;0;2,275480576;0;21,42614588;6,72373913;351939,7258;6283636,359;0;1;6,543449436;-0,15682785;8,467370011;1;2,275480576;base
1147;57;2011;5;71;2;0;3,089330427;0;5,563028238;5,766652174;351939,7258;6283636,359;0;1;7,159611594;-1,960791417;6,543449436;1;3,089330427;base
1148;57;2011;6;62;2;0;1,460393805;0;92,69660213;5,267130435;351939,7258;6283636,359;0;1;6,56713726;-0,152300395;7,159611594;1;1,460393805;base
1149;57;2011;7;65;1;0;2,77928385;0;67,50537914;8,490130435;351939,7258;6283636,359;0;1;6,292254706;-0,227309769;6,56713726;1;2,77928385;base
1151;57;2011;9;87;1;0;2,515128703;0;13,4072281;6,718086957;351939,7258;6283636,359;0;1;6,777336362;-1,215131548;6,388345879;1;2,515128703;base
1152;57;2011;10;69;2;0;1,518210006;1;13,99362968;8,586565217;351939,7258;6283636,359;0;1;6,467448378;-0,306304008;6,777336362;1;1,518210006;base
1153;57;2011;11;77;2;0;1,515520399;1;9,79654731;8,822347826;351939,7258;6283636,359;0;1;6,59922718;0,014523249;6,467448378;1;1,515520399;base
1154;57;2011;12;85;1;0;7,86157592;1;0,577404111;11,68;351939,7258;6283636,359;0;1;6,55441825;-1,032536024;6,59922718;1;7,86157592;base
1262;60;2011;1;4;0;0;3,0800728;1;6,650918782;8,0567;323883,3901;6190201,379;0;0;2,472565751;0,543686676;4,954723802;0;0;base
1263;60;2011;2;3;0;0;5,900906667;1;14,56655914;6,85655;323883,3901;6190201,379;0;0;3,684353374;0,736955833;2,472565751;0;0;base
1264;60;2011;3;5;0;0;8,351744;1;27,24330074;4,696;323883,3901;6190201,379;0;0;4,124007616;0,881943306;3,684353374;0;0;base
1265;60;2011;4;6;0;0;7,4852;0;111,3019215;6,9981;323883,3901;6190201,379;0;0;5,692693564;0,796619109;4,124007616;0;0;base
1266;60;2011;5;5;0;0;11,6956736;0;27,46874573;6,7486;323883,3901;6190201,379;0;0;4,745674275;-1,628146174;5,692693564;0;0;base
1267;60;2011;6;7;0;0;14,6630592;0;161,370818;5,769;323883,3901;6190201,379;0;0;3,67567613;-0,348757867;4,745674275;0;0;base
1268;60;2011;7;10;0;0;9,093767668;0;118,8189756;7,48975;323883,3901;6190201,379;0;0;4,501421418;-0,3909372;3,67567613;0;0;base
1269;60;2011;8;9;0;0;3,271591111;0;216,6256072;15,51935;323883,3901;6190201,379;0;0;5,024761257;0,519878374;4,501421418;0;0;base
1270;60;2011;9;11;0;0;17,813232;0;30,59493868;15,3603;323883,3901;6190201,379;0;0;3,205922724;-0,907733049;5,024761257;0;0;base
1271;60;2011;10;14;0;0;31,08103492;1;22,23325103;8,8328;323883,3901;6190201,379;0;0;5,019450739;-0,38627277;3,205922724;0;0;base
1272;60;2011;11;12;0;0;29,32961333;1;25,89655411;11,85195;323883,3901;6190201,379;0;0;4,413437675;0,311392763;5,019450739;0;0;base
1273;60;2011;12;7;0;0;21,23821714;1;0,053864216;14,02655;323883,3901;6190201,379;0;0;4,430214463;-1,195661507;4,413437675;0;0;base
1381;71;2011;1;0;0;0;2,371428571;1;25,3775564;8,796333333;309426,6977;6110482,181;0;0;4,572915369;1,088789182;4,713495985;0;0;base
1382;71;2011;2;0;0;0;3,642857143;1;29,68062563;7,987333333;309426,6977;6110482,181;0;0;4,409287755;0,775414853;4,572915369;0;0;base
1383;71;2011;3;0;0;0;4,914285714;1;45,21815055;7,702888889;309426,6977;6110482,181;0;0;4,213545771;0,916278287;4,409287755;0;0;base
1384;71;2011;4;0;0;0;6,185714286;0;162,3513763;12,00477778;309426,6977;6110482,181;0;0;3,969927711;0,862979134;4,213545771;0;0;base
1385;71;2011;5;0;0;0;7,457142857;0;45,99223094;11,45466667;309426,6977;6110482,181;0;0;3,647161406;-1,490841723;3,969927711;0;0;base
1386;71;2011;6;0;0;0;8,728571429;0;225,9978699;12,37044444;309426,6977;6110482,181;0;0;3,167604137;-0,421106197;3,647161406;0;0;base
1387;71;2011;7;1;0;0;10;0;182,0606071;16,77233333;309426,6977;6110482,181;0;0;2,212159094;-0,37562835;3,167604137;0;0;base
1388;71;2011;8;2;0;0;38,25;0;328,3003524;33,194;309426,6977;6110482,181;0;0;2,867102075;0,753043455;2,212159094;0;0;base
1389;71;2011;9;0;0;0;46,125;0;51,48478753;31,62977778;309426,6977;6110482,181;0;0;2,286701832;-0,844547576;2,867102075;0;0;base
1390;71;2011;10;1;0;0;54;1;28,60556093;30,83633333;309426,6977;6110482,181;0;0;0,741395683;-0,597080541;2,286701832;0;0;base
1391;71;2011;11;0;0;0;53;1;50,04067458;40,58844444;309426,6977;6110482,181;0;0;2,908524762;0,455266853;0,741395683;0;0;base
1392;71;2011;12;1;0;0;52;1;3,618543888;25,99388889;309426,6977;6110482,181;0;0;3,54271468;-0,576046579;2,908524762;0;0;base
1500;81;2011;1;0;0;0;46,55533333;1;54,81758026;8,950076923;236796,9474;5931893,018;0;0;2,281320555;1,159650633;2,939443004;0;0;base
1501;81;2011;2;1;0;0;69;1;31,24362896;6,472307692;236796,9474;5931893,018;0;0;-0,394694352;0,225819871;2,281320555;0;0;base
1502;81;2011;3;1;0;0;14;1;69,06851382;7,447461538;236796,9474;5931893,018;0;0;1,892111283;0,868270012;-0,394694352;0;0;base
1503;81;2011;4;0;0;0;19,5;0;137,7679597;14,45392308;236796,9474;5931893,018;0;0;1,443243087;0,453113414;1,892111283;0;0;base
1504;81;2011;5;1;0;0;25;0;66,56795351;14,57519231;236796,9474;5931893,018;0;0;0,607291555;-1,293830916;1,443243087;0;0;base
1505;81;2011;6;0;0;0;27,5;0;318,1646026;39,53157692;236796,9474;5931893,018;0;0;2,142074407;-0,132663926;0,607291555;0;0;base
1506;81;2011;7;1;0;0;30;0;255,7756891;55,49076923;236796,9474;5931893,018;0;0;2,72121128;-0,132806423;2,142074407;0;0;base
1507;81;2011;8;1;0;0;14;0;405,5003322;98,14788462;236796,9474;5931893,018;0;0;2,278057112;1,347848065;2,72121128;0;0;base
1508;81;2011;9;0;0;0;20;0;127,7177933;76,57484615;236796,9474;5931893,018;0;0;1,997417724;0,044101436;2,278057112;0;0;base
1509;81;2011;10;0;0;0;26;1;29,65420145;43,97219231;236796,9474;5931893,018;0;0;1,605890909;-0,917703101;1,997417724;0;0;base
1510;81;2011;11;0;0;0;32;1;47,48956967;30,39715385;236796,9474;5931893,018;0;0;0,953429539;0,130896276;1,605890909;0;0;base
1511;81;2011;12;1;0;0;38;1;0,628804558;15,56188462;236796,9474;5931893,018;0;0;-1,575573113;-1,894538353;0,953429539;0;0;base
1619;83;2011;1;0;0;0;33,75868125;1;90,99621598;28,00440541;238842,9699;5819516,108;0;0;1,732908788;1,242396365;2,327386921;0;0;base
1620;83;2011;2;3;0;0;15,8205;1;40,83629154;41,44864865;238842,9699;5819516,108;0;0;0,061143078;0,210610786;1,732908788;0;0;base
1621;83;2011;3;1;0;0;1,113;1;78,52414479;21,06278378;238842,9699;5819516,108;0;0;4,423252281;0,639915511;0,061143078;0;0;base
1622;83;2011;4;0;0;0;14,98575;0;175,9852523;25,96397297;238842,9699;5819516,108;0;0;3,761475226;0,57357708;4,423252281;0;0;base
1623;83;2011;5;2;0;0;28,8585;0;70,67182418;32,055;238842,9699;5819516,108;0;0;0,97707909;-1,373366134;3,761475226;0;0;base
1624;83;2011;6;1;0;0;11,448;0;309,5016372;75,28286486;238842,9699;5819516,108;0;0;0,693429556;-0,33167387;0,97707909;0;0;base
1625;83;2011;7;0;0;0;18,232;0;254,6203438;96,41902703;238842,9699;5819516,108;0;0;0,597403622;-0,211176046;0,693429556;0;0;base
1626;83;2011;8;0;0;0;25,016;0;382,6240481;155,4827027;238842,9699;5819516,108;0;0;0,491167599;1,112102225;0,597403622;0;0;base
1627;83;2011;9;1;0;0;31,8;0;165,3530058;142,9969189;238842,9699;5819516,108;0;0;0,372289101;0,30019056;0,491167599;0;0;base
1628;83;2011;10;1;0;0;24,168;1;35,39670741;130,6667568;238842,9699;5819516,108;0;0;1,359993721;-1,135424166;0,372289101;0;0;base
1629;83;2011;11;1;0;0;3,975;1;71,60550911;111,2099459;238842,9699;5819516,108;0;0;0,819756946;0,144381899;1,359993721;0;0;base
1630;83;2011;12;6;0;0;48,99265;1;3,134382112;63,58421622;238842,9699;5819516,108;0;0;3,692907234;-1,779949123;0,819756946;0;0;base
1738;101;2011;1;1;0;0;0,041958042;1;98,78448762;46,39976923;196471,5747;5594635,437;0;0;0,104875785;0,772807443;0,105844786;0;0;base
1739;101;2011;2;2;0;0;5,5;1;47,3567737;31,16846154;196471,5747;5594635,437;0;0;2,790427974;-0,10391525;0,104875785;0;0;base
1740;101;2011;3;1;0;0;60;1;146,5021078;25,25030769;196471,5747;5594635,437;0;0;3,143437238;1,008954577;2,790427974;0;0;base
1741;101;2011;4;0;0;0;40,13333333;0;196,6732055;42,447;196471,5747;5594635,437;0;0;4,027320305;0,388305067;3,143437238;0;0;base
1742;101;2011;5;0;0;0;20,26666667;0;168,5815634;57,86561538;196471,5747;5594635,437;0;0;4,489055214;-0,886152349;4,027320305;0;0;base
1743;101;2011;6;2;0;0;0,4;0;300,4086714;103,8303077;196471,5747;5594635,437;0;0;4,803727715;-0,562027615;4,489055214;0;0;base
1744;101;2011;7;3;0;0;0,163333333;0;306,5123675;105,3278462;196471,5747;5594635,437;0;0;6,210865845;-0,051036388;4,803727715;0;0;base
1745;101;2011;8;1;0;0;0,1;0;368,7120732;149,6675385;196471,5747;5594635,437;0;0;6,120410355;0,686288541;6,210865845;0;0;base
1746;101;2011;9;0;0;0;13,4;0;264,0743541;142,7977692;196471,5747;5594635,437;0;0;5,722346115;1,010439777;6,120410355;0;0;base
1747;101;2011;10;0;0;0;26,7;1;59,93142215;104,2290769;196471,5747;5594635,437;0;0;5,051078467;-1,166221687;5,722346115;0;0;base
1748;101;2011;11;1;0;0;40;1;104,1436732;72,67;196471,5747;5594635,437;0;0;1,91110217;-0,017777918;5,051078467;0;0;base
1749;101;2011;12;2;0;0;6,147058824;1;35,70701556;47,19507692;196471,5747;5594635,437;0;0;5,141284553;-0,834783686;1,91110217;0;0;base
1857;103;2011;1;0;0;0;29,875;1;126,49129;55,99994444;186695,3928;5505964,756;0;0;3,688583555;0,727731761;3,862731599;0;0;base
1858;103;2011;2;0;0;0;34,83333333;1;62,82815649;42,14433333;186695,3928;5505964,756;0;0;3,47757636;-0,284888192;3,688583555;0;0;base
1859;103;2011;3;0;0;0;39,79166667;1;172,0457355;38,45261111;186695,3928;5505964,756;0;0;3,209799863;0,980365171;3,47757636;0;0;base
1860;103;2011;4;2;0;0;44,75;0;196,8143032;61,57477778;186695,3928;5505964,756;0;0;2,842995249;0,157319548;3,209799863;0;0;base
1861;103;2011;5;0;0;0;41,0625;0;171,0589069;74,17566667;186695,3928;5505964,756;0;0;2,578618136;-0,988576544;2,842995249;0;0;base
1862;103;2011;6;0;0;0;37,375;0;293,9802108;117,5900556;186695,3928;5505964,756;0;0;2,218194261;-0,526815972;2,578618136;0;0;base
1863;103;2011;7;0;0;0;33,6875;0;325,4302061;137,0178333;186695,3928;5505964,756;0;0;1,649144193;0,283734275;2,218194261;0;0;base
1864;103;2011;8;1;0;0;30;0;334,5909745;156,5543333;186695,3928;5505964,756;0;0;0,194193551;0,531150418;1,649144193;0;0;base
1865;103;2011;9;0;0;0;35;0;282,1406712;144,3682222;186695,3928;5505964,756;0;0;0,036025886;1,177482463;0,194193551;0;0;base
1866;103;2011;10;0;0;0;40;1;82,96985461;101,154;186695,3928;5505964,756;0;0;-0,151946696;-1,103770666;0,036025886;0;0;base
1867;103;2011;11;0;0;0;45;1;144,948498;72,07305556;186695,3928;5505964,756;0;0;-0,383627118;0,231352761;-0,151946696;0;0;base
1868;103;2011;12;0;0;0;50;1;56,75649749;53,82972222;186695,3928;5505964,756;0;0;-0,685701283;-0,801921335;-0,383627118;0;0;base
191;45;2011;1;18;0;1;4,28569;1;1,425978469;0,172575758;320756,3223;6594510,657;1;0;5,747871078;-0,671043242;5,865626967;0;0;base
192;45;2011;2;22;0;1;1,567174545;1;6,700446356;0,157848485;320756,3223;6594510,657;1;0;5,646996999;0,491236928;5,747871078;0;0;base
193;45;2011;3;20;0;1;2,387545;1;1,373081031;0,142090909;320756,3223;6594510,657;1;0;5,908100223;-0,423109068;5,646996999;0;0;base
194;45;2011;4;15;0;1;5,864954667;0;2,7318347;0,166484848;320756,3223;6594510,657;1;0;6,421296022;-0,558992444;5,908100223;0;0;base
195;45;2011;5;23;0;1;6,655036957;0;3,280302151;0,224060606;320756,3223;6594510,657;1;0;5,900522976;-1,231929299;6,421296022;0;0;base
196;45;2011;6;23;0;1;4,205252174;0;133,7777236;1,621818182;320756,3223;6594510,657;1;0;5,913027202;1,116308072;5,900522976;0;0;base
197;45;2011;7;20;0;1;12,95349;0;38,55096731;0,619545455;320756,3223;6594510,657;1;0;5,423669484;-0,008764833;5,913027202;0;0;base
198;45;2011;8;32;0;1;5,054621875;0;28,54792582;0,625424242;320756,3223;6594510,657;1;0;5,424581398;-0,034919353;5,423669484;0;0;base
199;45;2011;9;13;0;1;0,860953846;0;0,0141291;0,709939394;320756,3223;6594510,657;1;0;5,873112892;-3,331934697;5,424581398;0;0;base
200;45;2011;10;22;0;1;2,601681091;1;5,977775607;0,898666667;320756,3223;6594510,657;1;0;5,877799575;0,227047261;5,873112892;0;0;base
201;45;2011;11;14;0;1;1,387696929;1;0,333698345;0,573272727;320756,3223;6594510,657;1;0;5,590693333;-0,605635139;5,877799575;0;0;base
202;45;2011;12;18;0;1;4,368755556;1;1,422698833;0,22630303;320756,3223;6594510,657;1;0;5,977865434;0,187128195;5,590693333;0;0;base
310;47;2011;1;9;2;1;2,265921111;1;2,618427472;0,632307692;318973,2185;6494678,62;1;1;6,925162975;-0,116432664;4,624997534;1;2,265921111;base
311;47;2011;2;2;1;1;0,53588;1;3,836907167;0,453;318973,2185;6494678,62;1;1;5,158037829;0,414892511;6,925162975;1;0,53588;base
312;47;2011;3;8;2;1;3,116684;1;1,082604287;0,417384615;318973,2185;6494678,62;1;1;5,848625014;-0,483402905;5,158037829;1;3,116684;base
313;47;2011;4;10;2;1;2,0265992;0;0,415226882;0,385846154;318973,2185;6494678,62;1;1;6,462012765;-0,875568625;5,848625014;1;2,0265992;base
314;47;2011;5;5;2;1;2,036024;0;0,294762766;0,511769231;318973,2185;6494678,62;1;1;4,387524114;-2,017245447;6,462012765;1;2,036024;base
315;47;2011;6;8;2;1;2,30360125;0;116,6607412;0,855307692;318973,2185;6494678,62;1;1;7,042082869;0,802658382;4,387524114;1;2,30360125;base
316;47;2011;7;10;1;1;1,4156246;0;42,96064846;0,755384615;318973,2185;6494678,62;1;1;4,978096671;0,036363635;7,042082869;1;1,4156246;base
317;47;2011;8;11;2;1;5,073107175;0;42,47810527;0,634461538;318973,2185;6494678,62;1;1;7,176224204;0,145561332;4,978096671;1;5,073107175;base
318;47;2011;9;9;1;1;0,528667778;0;0,301037674;0,876307692;318973,2185;6494678,62;1;1;6,238032717;-2,217586269;7,176224204;1;0,528667778;base
319;47;2011;10;6;2;1;2,713666667;1;5,150985005;1,954307692;318973,2185;6494678,62;1;1;3,863305831;0,024989871;6,238032717;1;2,713666667;base
320;47;2011;11;9;1;1;1,609862222;1;0,090433656;2,156461538;318973,2185;6494678,62;1;1;4,618865192;-0,702317235;3,863305831;1;1,609862222;base
321;47;2011;12;10;1;1;4,544076634;1;1,500840694;0,992538462;318973,2185;6494678,62;1;1;5,122989463;0,185249289;4,618865192;1;4,544076634;base
431;48;2011;3;3;2;1;0,404932983;1;0;0,004;279017,7907;6472141,879;1;1;5,000554617;0;8,121330286;0;0,404932983;base
432;48;2011;4;1;2;1;0,019025875;0;0,731264973;0,000666667;279017,7907;6472141,879;1;1;7,87397838;-1,211848668;5,000554617;1;0,019025875;base
433;48;2011;5;3;2;1;0,016489092;0;0,004882186;0,001;279017,7907;6472141,879;1;1;8,822264871;-3,460292517;7,87397838;1;0,016489092;base
434;48;2011;6;3;2;1;0,019025875;0;124,5305575;0,002;279017,7907;6472141,879;1;1;8,384804003;0,790779296;8,822264871;1;0,019025875;base
437;48;2011;9;1;2;1;1;0;0;0,017;279017,7907;6472141,879;1;1;5,89577762;0;7,439754899;0;1;base
438;48;2011;10;2;2;1;0,010305683;1;4,663939518;0,017;279017,7907;6472141,879;1;1;10,39603329;0,166199491;5,89577762;1;0,010305683;base
440;48;2011;12;1;2;1;2;1;0;0,008333333;279017,7907;6472141,879;1;1;4,029869143;0;9,704603369;0;2;base
548;51;2011;1;1;1;1;17,86;1;4,40509002;0,0458;315654,723;6433715,872;1;1;4,83710219;0,169390472;6,886346485;0;17,86;base
551;51;2011;4;1;1;1;1,2;0;1,308602266;0,039;315654,723;6433715,872;1;1;3,835746458;-0,905110385;4,289360168;0;1,2;base
552;51;2011;5;1;1;1;5;0;0,290645751;0,0384;315654,723;6433715,872;1;1;5,213814467;-2,433331247;3,835746458;1;5;base
553;51;2011;6;2;1;1;2;0;116,6722487;0,0472;315654,723;6433715,872;1;1;4,635341891;0,615768894;5,213814467;1;2;base
554;51;2011;7;2;1;1;5,9675;0;63,37057379;0,068;315654,723;6433715,872;1;1;3,580801556;0,088983741;4,635341891;1;5,9675;base
555;51;2011;8;1;1;1;6;0;53,38682208;0,0352;315654,723;6433715,872;1;1;4,607056054;0,045138658;3,580801556;1;6;base
556;51;2011;9;1;1;1;29,7402;0;2,988774545;0,2914;315654,723;6433715,872;1;1;4,022812159;-1,765787739;4,607056054;1;29,7402;base
557;51;2011;10;1;1;1;7;1;14,0449997;0,2856;315654,723;6433715,872;1;1;4,91109272;0,241763353;4,022812159;1;7;base
558;51;2011;11;1;1;1;33;1;0,508131472;0,1784;315654,723;6433715,872;1;1;3,351119584;-0,750251607;4,91109272;1;33;base
559;51;2011;12;2;1;1;2,265;1;0,877306135;0,0646;315654,723;6433715,872;1;1;5,328271595;-0,267118446;3,351119584;1;2,265;base
668;52;2011;2;2;0;1;20,25006875;1;8,698871585;0,092;321601,7251;6409548,844;1;0;5,344324233;0,875479142;5,012494601;0;0;base
672;52;2011;6;2;0;1;3,5;0;107,1708013;0,073333333;321601,7251;6409548,844;1;0;6,127863502;0,528240435;5,559149147;0;0;base
674;52;2011;8;5;0;1;27,94;0;50,38990823;0;321601,7251;6409548,844;1;0;5,686620997;-0,030873482;4,493103377;0;0;base
675;52;2011;9;2;0;1;6,125;0;3,867547227;0,253;321601,7251;6409548,844;1;0;4,377233699;-1,590418945;5,686620997;0;0;base
676;52;2011;10;5;0;1;4,4636;1;15,02062777;0,282;321601,7251;6409548,844;1;0;4,702270125;0,244126258;4,377233699;0;0;base
678;52;2011;12;9;0;1;5,652222222;1;0,950743668;0;321601,7251;6409548,844;1;0;5,112322544;-0,153055424;4,928168587;0;0;base
905;54;2011;1;14;3;1;7,394688571;1;8,069881836;1,532423077;344556,3868;6372956,136;1;1;4,565252967;0,483910987;4,871875312;1;7,394688571;base
906;54;2011;2;20;3;1;3,043655;1;14,30282584;1,683615385;344556,3868;6372956,136;1;1;4,929100852;1,333339931;4,565252967;1;3,043655;base
907;54;2011;3;34;3;1;3,289892379;1;2,149933066;1,157115385;344556,3868;6372956,136;1;1;6,0348266;-0,256904039;4,929100852;1;3,289892379;base
908;54;2011;4;22;3;1;3,794395726;0;1,439463142;0,763807692;344556,3868;6372956,136;1;1;8,200947175;-0,822487395;6,0348266;1;3,794395726;base
909;54;2011;5;27;3;1;3,780064237;0;0,531093443;0,681653846;344556,3868;6372956,136;1;1;8,777652956;-2,425293292;8,200947175;1;3,780064237;base
910;54;2011;6;21;3;1;3,184075714;0;83,33123409;0,776384615;344556,3868;6372956,136;1;1;9,467309672;0,142310002;8,777652956;1;3,184075714;base
911;54;2011;7;22;3;1;3,232687091;0;53,54106639;0,988346154;344556,3868;6372956,136;1;1;6,467964896;-0,008410017;9,467309672;1;3,232687091;base
912;54;2011;8;22;3;1;6,308311994;0;60,83012834;0,444730769;344556,3868;6372956,136;1;1;5,839795362;0,223502416;6,467964896;1;6,308311994;base
913;54;2011;9;22;3;1;2,327072418;0;3,968588719;0,903769231;344556,3868;6372956,136;1;1;5,027823558;-1,178069772;5,839795362;1;2,327072418;base
914;54;2011;10;27;3;1;8,102185333;1;5,83021167;1,302230769;344556,3868;6372956,136;1;1;6,224778105;0,006886402;5,027823558;1;8,102185333;base
915;54;2011;11;29;3;1;6,375473117;1;2,538222936;2,538423077;344556,3868;6372956,136;1;1;6,111366835;-0,032165793;6,224778105;1;6,375473117;base
916;54;2011;12;20;3;1;11,34771123;1;0,918987592;0,761538462;344556,3868;6372956,136;1;1;5,473373723;-0,231014458;6,111366835;1;11,34771123;base
1150;57;2011;8;73;2;1;3,003905668;0;108,4059688;8,433913043;351939,7258;6283636,359;1;1;6,388345879;0,37445473;6,292254706;1;3,003905668;base
84;44;2012;1;6;0;0;0,283333333;1;0;0,001;269252,0606;6645413,775;0;0;7,006322854;0;6,975151054;0;0;base
85;44;2012;2;1;0;0;0,2;1;0;0,015;269252,0606;6645413,775;0;0;6,098755814;0;7,006322854;0;0;base
86;44;2012;3;2;0;0;0,217418033;1;0;0,002;269252,0606;6645413,775;0;0;6,82988213;0;6,098755814;0;0;base
87;44;2012;4;2;0;0;0,021875;0;6,5889346;0,02;269252,0606;6645413,775;0;0;7,63345274;0,379189011;6,82988213;0;0;base
88;44;2012;5;9;0;0;15,97564829;0;8,6824065;0,009;269252,0606;6645413,775;0;0;7,062819673;-0,202627679;7,63345274;0;0;base
89;44;2012;6;4;0;0;0,065625;0;0;0,009;269252,0606;6645413,775;0;0;7,45642153;0;7,062819673;0;0;base
90;44;2012;7;3;0;0;37,50625;0;0;0,017;269252,0606;6645413,775;0;0;6,750576737;0;7,45642153;0;0;base
91;44;2012;8;4;0;0;19,5140625;0;14,70015542;0,049;269252,0606;6645413,775;0;0;7,119098078;0,036680111;6,750576737;0;0;base
92;44;2012;9;5;0;0;0,0525;0;2,478018;0,069;269252,0606;6645413,775;0;0;7,267590138;-0,056424864;7,119098078;0;0;base
93;44;2012;10;7;0;0;1,591071429;1;1,363667273;0,05;269252,0606;6645413,775;0;0;6,763370413;0,282036349;7,267590138;0;0;base
94;44;2012;11;10;0;0;2,273375;1;0,030792179;0,03;269252,0606;6645413,775;0;0;6,481514928;-0,287944373;6,763370413;0;0;base
95;44;2012;12;5;0;0;0,85;1;0,03946611;0,004;269252,0606;6645413,775;0;0;6,7148461;0;6,481514928;0;0;base
442;48;2012;2;0;0;0;4,256341958;1;0;0,002333333;279017,7907;6472141,879;0;0;7,243937102;0;3,617080255;1;0;base
444;48;2012;4;0;0;0;0,515854896;0;17,68886727;0,002666667;279017,7907;6472141,879;0;0;8,217324999;0,32365731;7,923695218;1;0;base
450;48;2012;10;0;0;0;0,019025875;1;17,75682955;0,004333333;279017,7907;6472141,879;0;0;12,14237462;0,941120737;8,959277964;1;0;base
560;51;2012;1;0;0;0;8,6325;1;8,019072397;0,0524;315654,723;6433715,872;0;0;4,865657152;0,708659902;5,328271595;1;0;base
564;51;2012;5;0;0;0;6,45;0;40,4558381;0,0544;315654,723;6433715,872;0;0;4,993492747;0,04599323;4,303113821;1;0;base
566;51;2012;7;0;0;0;4,481787533;0;5,23127152;0,061;315654,723;6433715,872;0;0;5,169149194;-1,308310973;5,398033398;1;0;base
569;51;2012;10;0;0;0;20,53333333;1;29,5022831;0,0636;315654,723;6433715,872;0;0;5,222886242;1,025132093;5,358883787;1;0;base
570;51;2012;11;0;0;0;40,56666667;1;3,733742817;0,0586;315654,723;6433715,872;0;0;5,065437869;0,093151909;5,222886242;0;0;base
679;52;2012;1;1;1;0;2;1;7,06569829;0,101333333;321601,7251;6409548,844;0;1;4,718857271;0,711234839;5,112322544;0;2;base
680;52;2012;2;1;1;0;4,81;1;3,4365411;0,129;321601,7251;6409548,844;0;1;4,477565075;0,136335977;4,718857271;1;4,81;base
682;52;2012;4;2;1;0;27,7;0;19,32602977;0,092333333;321601,7251;6409548,844;0;1;4,07684881;0,421022753;3,925133637;1;27,7;base
683;52;2012;5;1;1;0;2;0;45,09511183;0,100666667;321601,7251;6409548,844;0;1;4,543076416;0,124095144;4,07684881;1;2;base
684;52;2012;6;2;1;0;2,595;0;61,50334587;0,099;321601,7251;6409548,844;0;1;5,48272009;-0,032209161;4,543076416;1;2,595;base
687;52;2012;9;5;1;0;2,408;0;9,186035129;0,097333333;321601,7251;6409548,844;0;1;4,873156776;-0,954227868;4,841422027;1;2,408;base
688;52;2012;10;0;0;0;3,848285714;1;32,7851235;0,093666667;321601,7251;6409548,844;0;0;4,816480411;1,128109115;4,873156776;1;0;base
798;53;2012;1;2;4;0;6,46;1;0;0,004;276406,0805;6383100,075;0;1;3,834721292;0;6,804619863;1;6,46;base
799;53;2012;2;1;1;0;5;1;0;0,003;276406,0805;6383100,075;0;1;6,214608098;0;3,834721292;1;5;base
800;53;2012;3;1;4;0;1,46;1;0;0,003;276406,0805;6383100,075;0;1;2,721425556;0;6,214608098;1;1,46;base
801;53;2012;4;8;1;0;0,038508;0;8,15855972;0,003;276406,0805;6383100,075;0;1;1,749590346;-0,087717098;2,721425556;1;0,038508;base
802;53;2012;5;4;1;0;0,057762;0;97,797113;0,003;276406,0805;6383100,075;0;1;1,747658952;0,586498756;1,749590346;1;0,057762;base
803;53;2012;6;2;4;0;0,3909;0;112,1871173;0,422;276406,0805;6383100,075;0;1;7,704760999;0,367878397;1,747658952;1;0,3909;base
804;53;2012;7;1;1;0;0,6;0;0;0,105;276406,0805;6383100,075;0;1;6,864370467;0;7,704760999;1;0,6;base
805;53;2012;8;1;1;0;0,038508;0;74,8246452;0,044;276406,0805;6383100,075;0;1;5,43827583;0,262168577;6,864370467;1;0,038508;base
806;53;2012;9;0;0;0;0,933004;0;8,7688297;0,032;276406,0805;6383100,075;0;0;5,895576554;-0,746265298;5,43827583;1;0;base
807;53;2012;10;4;1;0;1,8275;1;58,9169144;0,03;276406,0805;6383100,075;0;1;6,208202459;1,552685924;5,895576554;0;1,8275;base
808;53;2012;11;0;0;0;2,41375;1;4,04520349;0,035;276406,0805;6383100,075;0;0;5,529600974;-0,787783953;6,208202459;1;0;base
809;53;2012;12;1;0;0;3;1;17,920032;0;276406,0805;6383100,075;0;0;1,985023978;1,013473421;5,529600974;0;0;base
1036;55;2012;1;4;0;0;5;1;18,41206711;11,82852174;269807,3844;6315109,157;0;0;5,509067293;1,302228236;5,810419862;0;0;base
1037;55;2012;2;2;0;0;2,5;1;2,372932033;9,935608696;269807,3844;6315109,157;0;0;5,405367754;-0,477393956;5,509067293;0;0;base
1038;55;2012;3;0;0;0;8,34;1;1,10530375;8,782217391;269807,3844;6315109,157;0;0;5,16065679;-0,827054592;5,405367754;0;0;base
1039;55;2012;4;3;0;0;14,18;0;30,66917753;8,37826087;269807,3844;6315109,157;0;0;4,835962002;0,156399557;5,16065679;0;0;base
1040;55;2012;5;1;0;0;0,5;0;105,6155874;11,31865217;269807,3844;6315109,157;0;0;6,091792857;0,305711359;4,835962002;0;0;base
1041;55;2012;6;2;0;0;9;0;161,5581821;15,68591304;269807,3844;6315109,157;0;0;4,731237441;0,427357292;6,091792857;0;0;base
1042;55;2012;7;0;0;0;4,64535;0;19,00091861;10,76695652;269807,3844;6315109,157;0;0;5,961456887;-1,104005251;4,731237441;0;0;base
1043;55;2012;8;4;0;0;0,2907;0;52,77367378;8,730521739;269807,3844;6315109,157;0;0;6,496646225;-0,392830313;5,961456887;0;0;base
1044;55;2012;9;0;0;0;0,15675;0;4,601167919;9,157347826;269807,3844;6315109,157;0;0;7,170402472;-1,934616565;6,496646225;0;0;base
1045;55;2012;10;3;0;0;0,0228;1;56,3203861;9,423347826;269807,3844;6315109,157;0;0;7,569319469;1,230916273;7,170402472;0;0;base
1046;55;2012;11;11;0;0;0,293454545;1;10,55158489;16,83373913;269807,3844;6315109,157;0;0;6,801742295;0,070650445;7,569319469;0;0;base
1047;55;2012;12;7;0;0;0,0228;1;55,37330332;18,14643478;269807,3844;6315109,157;0;0;7,115940322;2,075347642;6,801742295;0;0;base
1155;57;2012;1;62;2;0;1,587031112;1;18,41206711;11,82852174;351939,7258;6283636,359;0;1;7,614378518;1,302228236;6,55441825;1;1,587031112;base
1156;57;2012;2;44;2;0;1,63767315;1;2,372932033;9,935608696;351939,7258;6283636,359;0;1;6,702002367;-0,477393956;7,614378518;1;1,63767315;base
1157;57;2012;3;87;2;0;3,467174387;1;1,10530375;8,782217391;351939,7258;6283636,359;0;1;6,069429789;-0,827054592;6,702002367;1;3,467174387;base
1158;57;2012;4;69;3;0;2,453218563;0;30,66917753;8,37826087;351939,7258;6283636,359;0;1;6,58025557;0,156399557;6,069429789;1;2,453218563;base
1159;57;2012;5;61;2;0;3,320385045;0;105,6155874;11,31865217;351939,7258;6283636,359;0;1;7,992333282;0,305711359;6,58025557;1;3,320385045;base
1160;57;2012;6;88;3;0;8,632653218;0;161,5581821;15,68591304;351939,7258;6283636,359;0;1;7,859567247;0,427357292;7,992333282;1;8,632653218;base
1161;57;2012;7;70;2;0;4,507614428;0;19,00091861;10,76695652;351939,7258;6283636,359;0;1;6,547641027;-1,104005251;7,859567247;1;4,507614428;base
1162;57;2012;8;85;2;0;4,000312066;0;52,77367378;8,730521739;351939,7258;6283636,359;0;1;7,450420339;-0,392830313;6,547641027;1;4,000312066;base
1163;57;2012;9;63;3;0;2,391527141;0;4,601167919;9,157347826;351939,7258;6283636,359;0;1;6,396084653;-1,934616565;7,450420339;1;2,391527141;base
1164;57;2012;10;69;2;0;1,711415984;1;56,3203861;9,423347826;351939,7258;6283636,359;0;1;7,103408427;1,230916273;6,396084653;1;1,711415984;base
1165;57;2012;11;57;2;0;4,042277253;1;10,55158489;16,83373913;351939,7258;6283636,359;0;1;6,806859086;0,070650445;7,103408427;1;4,042277253;base
1166;57;2012;12;80;3;0;1,605920033;1;55,37330332;18,14643478;351939,7258;6283636,359;0;1;6,501084917;2,075347642;6,806859086;1;1,605920033;base
1274;60;2012;1;10;0;0;6,535535366;1;9,089424886;9,165;323883,3901;6190201,379;0;0;3,862763966;0,768010075;4,430214463;0;0;base
1275;60;2012;2;8;0;0;12,04963829;1;10,43054539;10,20735;323883,3901;6190201,379;0;0;4,923041931;0,472476424;3,862763966;0;0;base
1276;60;2012;3;4;0;0;5,833444568;1;0,022615964;7,8341;323883,3901;6190201,379;0;0;5,231251928;-2,175067366;4,923041931;0;0;base
1277;60;2012;4;10;0;0;18,2811072;0;44,86259405;8,06545;323883,3901;6190201,379;0;0;4,128259104;-0,115564848;5,231251928;0;0;base
1278;60;2012;5;7;0;0;25,7915904;0;187,4579202;18,8653;323883,3901;6190201,379;0;0;3,98053229;0,160344472;4,128259104;0;0;base
1279;60;2012;6;8;0;0;3,857544;0;342,5228067;22,22945;323883,3901;6190201,379;0;0;4,3586313;0,636622282;3,98053229;0;0;base
1280;60;2012;7;8;0;0;9,362262345;0;30,42236287;18,2394;323883,3901;6190201,379;0;0;6,317116667;-1,575516553;4,3586313;0;0;base
1281;60;2012;8;12;0;0;14,96363267;0;116,568313;14,63765;323883,3901;6190201,379;0;0;3,870875274;-0,255437061;6,317116667;0;0;base
1282;60;2012;9;7;0;0;26,92248199;0;7,436227815;13,2351;323883,3901;6190201,379;0;0;4,14496104;-1,848706126;3,870875274;0;0;base
1283;60;2012;10;8;0;0;12,6478;1;109,2580589;11,50655;323883,3901;6190201,379;0;0;5,224253581;1,372642858;4,14496104;0;0;base
1284;60;2012;11;15;0;0;13,58559804;1;19,24048733;13,5199;323883,3901;6190201,379;0;0;4,64788208;0,03139703;5,224253581;0;0;base
1285;60;2012;12;10;0;0;7,005524497;1;123,4035993;22,50095;323883,3901;6190201,379;0;0;5,631023663;2,304461942;4,64788208;0;0;base
1393;71;2012;1;0;0;0;42,5;1;14,63335013;11,22366667;309426,6977;6110482,181;0;0;2,905387564;0,549974376;3,54271468;0;0;base
1394;71;2012;2;1;0;0;33;1;38,51670551;8,972333333;309426,6977;6110482,181;0;0;0,685132648;1,00349132;2,905387564;0;0;base
1395;71;2012;3;0;0;0;43,25;1;2,041053444;6,994444444;309426,6977;6110482,181;0;0;0,42710771;-1,156486147;0,685132648;0;0;base
1396;71;2012;4;0;0;0;53,5;0;56,62854398;7,165222222;309426,6977;6110482,181;0;0;0,078441897;-0,159555983;0,42710771;0;0;base
1397;71;2012;5;0;0;0;63,75;0;278,285608;23,89355556;309426,6977;6110482,181;0;0;-0,461427287;0,271086175;0,078441897;0;0;base
1398;71;2012;6;1;0;0;74;0;448,5602201;42,05877778;309426,6977;6110482,181;0;0;-1,719442411;0,578454184;-0,461427287;0;0;base
1399;71;2012;7;1;0;0;49;0;41,55330185;29,11077778;309426,6977;6110482,181;0;0;-0,103224812;-1,836532154;-1,719442411;0;0;base
1400;71;2012;8;0;0;0;47,25;0;153,2395694;17,26044444;309426,6977;6110482,181;0;0;2,027025139;-0,297213719;-0,103224812;0;0;base
1401;71;2012;9;2;0;0;45,5;0;20,91159105;18,068;309426,6977;6110482,181;0;0;2,658930974;-1,572848022;2,027025139;0;0;base
1402;71;2012;10;0;0;0;46,75;1;147,0920703;21,77666667;309426,6977;6110482,181;0;0;2,086389152;1,133615821;2,658930974;0;0;base
1403;71;2012;11;1;0;0;48;1;28,69471074;26,43811111;309426,6977;6110482,181;0;0;0,604608091;-0,129217237;2,086389152;0;0;base
1404;71;2012;12;0;0;0;32,79999577;1;203,7609844;27,89266667;309426,6977;6110482,181;0;0;4,129015183;2,277309166;0,604608091;0;0;base
1512;81;2012;1;0;0;0;20,07;1;26,85213509;6,162615385;236796,9474;5931893,018;0;0;3,040084132;0,388613251;-1,575573113;0;0;base
1513;81;2012;2;1;0;0;2,14;1;154,1999706;9,885115385;236796,9474;5931893,018;0;0;3,728271193;1,647032511;3,040084132;0;0;base
1514;81;2012;3;2;0;0;38;1;12,90560213;8,750153846;236796,9474;5931893,018;0;0;0,295106675;-0,711004179;3,728271193;0;0;base
1515;81;2012;4;0;0;0;57,01;0;27,96163794;4,6615;236796,9474;5931893,018;0;0;-0,059725385;-1,09276827;0,295106675;0;0;base
1516;81;2012;5;0;0;0;76,02;0;298,6535598;24,46469231;236796,9474;5931893,018;0;0;-0,614748769;0,250620766;-0,059725385;0;0;base
1517;81;2012;6;1;0;0;95,03;0;387,5407133;75,03223077;236796,9474;5931893,018;0;0;-1,969473605;0,293092154;-0,614748769;0;0;base
1518;81;2012;7;1;0;0;1,81;0;66,3535552;45,64134615;236796,9474;5931893,018;0;0;3,889869543;-2,191461364;-1,969473605;0;0;base
1519;81;2012;8;1;0;0;38;0;168,4925775;38,44361538;236796,9474;5931893,018;0;0;-0,539133438;-0,543915869;3,889869543;0;0;base
1520;81;2012;9;2;0;0;5;0;25,88016149;29,85334615;236796,9474;5931893,018;0;0;0,794868548;-1,787815571;-0,539133438;0;0;base
1521;81;2012;10;0;0;0;12,22;1;85,79516433;22,04965385;236796,9474;5931893,018;0;0;1,7414875;0,162146983;0,794868548;0;0;base
1522;81;2012;11;0;0;0;19,44;1;73,85834629;15,56223077;236796,9474;5931893,018;0;0;2,218931613;0,689755305;1,7414875;0;0;base
1523;81;2012;12;1;0;0;26,66;1;209,6710102;27,07192308;236796,9474;5931893,018;0;0;2,540749168;2,258674861;2,218931613;0;0;base
1631;83;2012;1;0;0;0;27,663;1;73,63585859;41,17667568;238842,9699;5819516,108;0;0;3,112597092;0,947127185;3,692907234;0;0;base
1632;83;2012;2;4;0;0;6,33335;1;175,6562975;38,55678378;238842,9699;5819516,108;0;0;1,568045573;1,809294446;3,112597092;0;0;base
1633;83;2012;3;1;0;0;190,8;1;37,51262046;40,27910811;238842,9699;5819516,108;0;0;5,564354089;-0,454470623;1,568045573;0;0;base
1634;83;2012;4;3;0;0;25,44;0;32,4296698;33,28232432;238842,9699;5819516,108;0;0;0,593632475;-1,348504557;5,564354089;0;0;base
1635;83;2012;5;3;0;0;4,424666667;0;318,249944;83,28767568;238842,9699;5819516,108;0;0;2,093089949;0,240264295;0,593632475;0;0;base
1636;83;2012;6;4;0;0;16,854;0;409,5900113;144,0624324;238842,9699;5819516,108;0;0;1,493890138;0,338740336;2,093089949;0;0;base
1637;83;2012;7;3;0;0;41,91;0;100,5974413;103,2833784;238842,9699;5819516,108;0;0;1,009259773;-1,863148688;1,493890138;0;0;base
1638;83;2012;8;2;0;0;6,6095;0;143,3426304;71,01383784;238842,9699;5819516,108;0;0;1,684089597;-1,094264278;1,009259773;0;0;base
1639;83;2012;9;2;0;0;2,6235;0;69,69619619;70,01651351;238842,9699;5819516,108;0;0;0,587480304;-1,070014531;1,684089597;0;0;base
1640;83;2012;10;2;0;0;1,073;1;79,83200016;58,59118919;238842,9699;5819516,108;0;0;2,106621045;-0,256251947;0,587480304;0;0;base
1641;83;2012;11;3;0;0;4,517333333;1;52,7063312;37,80575676;238842,9699;5819516,108;0;0;2,11804844;-0,237682103;2,106621045;0;0;base
1642;83;2012;12;4;0;0;2,75635;1;229,0260743;46,21132432;238842,9699;5819516,108;0;0;2,082268426;2,026094436;2,11804844;0;0;base
1750;101;2012;1;0;0;0;9,897058824;1;136,2231842;29,71923077;196471,5747;5594635,437;0;0;4,725077416;1,338444923;5,141284553;0;0;base
1751;101;2012;2;4;0;0;13,64705882;1;189,6038994;35,36146154;196471,5747;5594635,437;0;0;3,998993946;1,803531165;4,725077416;0;0;base
1752;101;2012;3;0;0;0;18,19226905;1;59,8482396;44,83269231;196471,5747;5594635,437;0;0;4,803669527;-0,987635107;3,998993946;0;0;base
1753;101;2012;4;0;0;0;22,73747928;0;78,63590285;26,75692308;196471,5747;5594635,437;0;0;5,243708032;-1,167498211;4,803669527;0;0;base
1754;101;2012;5;4;0;0;27,28268951;0;340,3032941;47,77438462;196471,5747;5594635,437;0;0;5,54823865;0,262459035;5,243708032;0;0;base
1755;101;2012;6;0;0;0;29,90183427;0;441,6534092;183,469;196471,5747;5594635,437;0;0;4,86601484;0,483814545;5,54823865;0;0;base
1756;101;2012;7;2;0;0;32,52097902;0;183,7002941;155,6894615;196471,5747;5594635,437;0;0;1,036854596;-1,290108468;4,86601484;0;0;base
1757;101;2012;8;2;0;0;0,326797386;0;249,9516885;92,29492308;196471,5747;5594635,437;0;0;3,891001977;-0,367859496;1,036854596;0;0;base
1758;101;2012;9;2;0;0;2,647058824;0;123,4560181;84,02876923;196471,5747;5594635,437;0;0;6,449526266;-0,800265959;3,891001977;0;0;base
1759;101;2012;10;0;0;0;1,584018922;1;85,30122853;66,79807692;196471,5747;5594635,437;0;0;5,908403266;-0,703909682;6,449526266;0;0;base
1760;101;2012;11;2;0;0;0,520979021;1;44,23573773;45,51384615;196471,5747;5594635,437;0;0;4,642785459;-1,30207847;5,908403266;0;0;base
1761;101;2012;12;2;0;0;0,310457517;1;369,6246255;83,85538462;196471,5747;5594635,437;0;0;3,962635301;2,28999864;4,642785459;0;0;base
1869;103;2012;1;0;0;0;55;1;164,1707365;44,6565;186695,3928;5505964,756;0;0;-1,120587288;1,287367021;-0,685701283;0;0;base
1870;103;2012;2;1;0;0;60;1;236,534087;56,30794444;186695,3928;5505964,756;0;0;-1,907577016;2,005169359;-1,120587288;0;0;base
1871;103;2012;3;0;0;0;63,5;1;68,98786515;54,68783333;186695,3928;5505964,756;0;0;0,546002737;-1,451204517;-1,907577016;0;0;base
1872;103;2012;4;1;0;0;67;0;115,0511164;41,97433333;186695,3928;5505964,756;0;0;1,195205747;-0,960263566;0,546002737;0;0;base
1873;103;2012;5;0;0;0;39,25;0;361,9260631;73,40022222;186695,3928;5505964,756;0;0;3,038407465;0,446524837;1,195205747;0;0;base
1874;103;2012;6;1;0;0;11,5;0;393,6241329;174,4389444;186695,3928;5505964,756;0;0;3,649091229;0,410643684;3,038407465;0;0;base
1875;103;2012;7;0;0;0;10,75;0;214,9330114;149,1881111;186695,3928;5505964,756;0;0;2,967406383;-0,981652664;3,649091229;0;0;base
1876;103;2012;8;1;0;0;10;0;260,3750344;101,6072778;186695,3928;5505964,756;0;0;-0,813861029;-0,270583604;2,967406383;0;0;base
1877;103;2012;9;0;0;0;32,5;0;155,3185257;82,93077778;186695,3928;5505964,756;0;0;1,869706117;-0,539185793;-0,813861029;0;0;base
1878;103;2012;10;2;0;0;55;1;89,05978417;59,33655556;186695,3928;5505964,756;0;0;2,528096717;-0,991798862;1,869706117;0;0;base
1879;103;2012;11;0;0;0;50;1;59,54352486;49,37127778;186695,3928;5505964,756;0;0;2,672433051;-1,478065474;2,528096717;0;0;base
1880;103;2012;12;0;0;0;45;1;384,497685;86,19555556;186695,3928;5505964,756;0;0;2,798539952;2,2379243;2,672433051;0;0;base
203;45;2012;1;18;0;1;4,162026889;1;9,104958756;0,211333333;320756,3223;6594510,657;1;0;5,805548712;1,021971038;5,977865434;0;0;base
204;45;2012;2;20;0;1;2,183345;1;6,736457218;0,180545455;320756,3223;6594510,657;1;0;4,991692991;0,496781044;5,805548712;0;0;base
205;45;2012;3;20;0;1;3,985765;1;0,000539385;0,176848485;320756,3223;6594510,657;1;0;5,423866181;-2,313131994;4,991692991;0;0;base
206;45;2012;4;15;0;1;2,57243;0;24,39967082;0,236969697;320756,3223;6594510,657;1;0;6,207078703;0,734160279;5,423866181;0;0;base
207;45;2012;5;20;0;1;19,5775326;0;32,96825384;0,327090909;320756,3223;6594510,657;1;0;6,191089525;0,177894338;6,207078703;0;0;base
208;45;2012;6;28;0;1;3,672427143;0;25,5594796;0,359878788;320756,3223;6594510,657;1;0;5,893401311;-0,262728575;6,191089525;0;0;base
209;45;2012;7;17;0;1;1,530848824;0;0,310710251;0,331242424;320756,3223;6594510,657;1;0;5,677721542;-1,944503087;5,893401311;0;0;base
210;45;2012;8;37;0;1;4,724858162;0;42,18991138;0,390727273;320756,3223;6594510,657;1;0;5,622928604;0,287993146;5,677721542;0;0;base
211;45;2012;9;24;0;1;2,2314125;0;2,275807507;0,39069697;320756,3223;6594510,657;1;0;5,519754312;-1,298762903;5,622928604;0;0;base
212;45;2012;10;21;0;1;12,48783929;1;7,181975736;0,256878788;320756,3223;6594510,657;1;0;5,398434677;0,353726665;5,519754312;0;0;base
213;45;2012;11;19;0;1;5,211852;1;1,121136652;0,203939394;320756,3223;6594510,657;1;0;6,032792093;-0,14949582;5,398434677;0;0;base
214;45;2012;12;12;0;1;2,091616667;1;2,36516416;0,160575758;320756,3223;6594510,657;1;0;5,476182885;0,533607675;6,032792093;0;0;base
322;47;2012;1;6;2;1;0,68078;1;10,83343854;0,671307692;318973,2185;6494678,62;1;1;6,64300467;0,962120599;5,122989463;1;0,68078;base
323;47;2012;2;5;2;1;2,2674068;1;2,156184263;0,442846154;318973,2185;6494678,62;1;1;6,854218418;0,022155222;6,64300467;1;2,2674068;base
324;47;2012;3;12;2;1;0,619715073;1;0,087275878;0,459538462;318973,2185;6494678,62;1;1;6,71278202;-1,317233114;6,854218418;1;0,619715073;base
325;47;2012;4;5;2;1;0,5100136;0;21,62511087;0,452461538;318973,2185;6494678,62;1;1;7,143641624;0,732580379;6,71278202;1;0,5100136;base
326;47;2012;5;8;2;1;1,345975;0;33,80225748;0,554384615;318973,2185;6494678,62;1;1;6,808685931;0,174798231;7,143641624;1;1,345975;base
327;47;2012;6;13;2;1;1,721808462;0;39,50930664;0,583923077;318973,2185;6494678,62;1;1;5,587853455;-0,153646351;6,808685931;1;1,721808462;base
328;47;2012;7;10;2;1;1,2338328;0;3,448893973;0,556076923;318973,2185;6494678,62;1;1;6,23812126;-1,140827796;5,587853455;1;1,2338328;base
329;47;2012;8;7;1;1;5,335348286;0;42,45364215;0,638461538;318973,2185;6494678,62;1;1;7,140171224;0,145029658;6,23812126;1;5,335348286;base
330;47;2012;9;10;2;1;0,629253;0;4,873120032;0,720461538;318973,2185;6494678,62;1;1;7,126589354;-0,841253076;7,140171224;1;0,629253;base
331;47;2012;10;11;2;1;1,125934;1;10,61023107;0,802307692;318973,2185;6494678,62;1;1;7,265248636;0,570578702;7,126589354;1;1,125934;base
332;47;2012;11;11;2;1;1,973585091;1;0,385203294;0,875846154;318973,2185;6494678,62;1;1;6,084023523;-0,334883529;7,265248636;1;1,973585091;base
333;47;2012;12;6;1;1;2,372070333;1;9,769099154;0,543;318973,2185;6494678,62;1;1;7,551569758;1,507251478;6,084023523;1;2,372070333;base
441;48;2012;1;2;3;1;7,5;1;0;0,003;279017,7907;6472141,879;1;1;3,617080255;0;4,029869143;1;7,5;base
443;48;2012;3;3;3;1;1,012683917;1;0;0,003333333;279017,7907;6472141,879;1;1;7,923695218;0;7,243937102;0;1,012683917;base
445;48;2012;5;1;3;1;0,019025875;0;33,83612033;0,002;279017,7907;6472141,879;1;1;8,444020268;-0,047220275;8,217324999;0;0,019025875;base
446;48;2012;6;1;3;1;0,011415525;0;53,6474999;0,003666667;279017,7907;6472141,879;1;1;7,691656823;-0,094928574;8,444020268;1;0,011415525;base
447;48;2012;7;2;3;1;0,040057763;0;4,927016267;0,003;279017,7907;6472141,879;1;1;9,330078934;-1,419149774;7,691656823;1;0,040057763;base
448;48;2012;8;1;3;1;3;0;74,5040687;0,005333333;279017,7907;6472141,879;1;1;3,385941103;0,502403809;9,330078934;1;3;base
449;48;2012;9;3;3;1;0,019025875;0;3,190670567;0,004333333;279017,7907;6472141,879;1;1;8,959277964;-1,346693135;3,385941103;1;0,019025875;base
451;48;2012;11;1;3;1;0,019025875;1;9,11E-05;0,004;279017,7907;6472141,879;1;1;12,81457541;-2,040464677;12,14237462;0;0,019025875;base
452;48;2012;12;2;3;1;1,005707763;1;4,584382967;0,003;279017,7907;6472141,879;1;1;10,90782888;1,490724363;12,81457541;1;1,005707763;base
561;51;2012;2;2;3;1;15;1;3,26224808;0,0412;315654,723;6433715,872;1;1;3,978388973;0,136805156;4,865657152;0;15;base
562;51;2012;3;3;3;1;2,859965333;1;0,004797934;0,0392;315654,723;6433715,872;1;1;3,845559188;-2,700610753;3,978388973;1;2,859965333;base
563;51;2012;4;3;3;1;10,9;0;22,05806998;0,0416;315654,723;6433715,872;1;1;4,303113821;0,53160496;3,845559188;1;10,9;base
565;51;2012;6;1;3;1;2;0;57,71599044;0,0606;315654,723;6433715,872;1;1;5,398033398;-0,06389914;4,993492747;0;2;base
567;51;2012;8;3;3;1;6,963575067;0;67,63609825;0,0622;315654,723;6433715,872;1;1;4,871825522;0,300674334;5,169149194;0;6,963575067;base
568;51;2012;9;1;3;1;0,5;0;12,01198033;0,0732;315654,723;6433715,872;1;1;5,358883787;-0,737359454;4,871825522;1;0,5;base
571;51;2012;12;1;3;1;60,6;1;18,94062213;0,0376;315654,723;6433715,872;1;1;4,878481195;1,823679064;5,065437869;0;60,6;base
681;52;2012;3;3;1;1;11,93666667;1;0,02612568;0,106;321601,7251;6409548,844;1;1;3,925133637;-2,469701348;4,477565075;1;11,93666667;base
685;52;2012;7;1;1;1;87,5;0;5,309970067;0,099;321601,7251;6409548,844;1;1;-2,984271599;-1,44082656;5,48272009;1;87,5;base
686;52;2012;8;4;1;1;8,2975;0;71,39997169;0,097333333;321601,7251;6409548,844;1;1;4,841422027;0,374300101;-2,984271599;1;8,2975;base
689;52;2012;11;7;1;1;5,288571429;1;5,24199945;0,082;321601,7251;6409548,844;1;1;4,756397817;0,273583505;4,816480411;0;5,288571429;base
690;52;2012;12;2;1;1;2,75;1;17,32204742;0,069333333;321601,7251;6409548,844;1;1;5,127734213;1,772405465;4,756397817;1;2,75;base
917;54;2012;1;19;4;1;4,538049684;1;16,24646397;2,163807692;344556,3868;6372956,136;1;1;5,305666917;1,26324919;5,473373723;1;4,538049684;base
918;54;2012;2;18;4;1;4,474111333;1;1,958991128;1,739576923;344556,3868;6372956,136;1;1;4,706310552;-0,341452084;5,305666917;1;4,474111333;base
919;54;2012;3;21;4;1;1,774849029;1;5,441184199;1,341384615;344556,3868;6372956,136;1;1;5,377110302;0,282945159;4,706310552;1;1,774849029;base
920;54;2012;4;25;4;1;8,16961576;0;21,54248427;0,943730769;344556,3868;6372956,136;1;1;8,393803539;0,497803061;5,377110302;1;8,16961576;base
921;54;2012;5;30;4;1;3,108727712;0;75,64308692;1,1295;344556,3868;6372956,136;1;1;5,195846918;0,481802655;8,393803539;1;3,108727712;base
922;54;2012;6;13;4;1;10,77378879;0;86,35095395;1,711538462;344556,3868;6372956,136;1;1;5,046453299;0,174394318;5,195846918;1;10,77378879;base
923;54;2012;7;25;4;1;5,29475488;0;8,472771262;1,449192308;344556,3868;6372956,136;1;1;4,410000756;-1,029007958;5,046453299;1;5,29475488;base
924;54;2012;8;39;4;1;3,79118259;0;41,72738949;0,840307692;344556,3868;6372956,136;1;1;7,074951457;-0,130301409;4,410000756;1;3,79118259;base
925;54;2012;9;25;4;1;7,15845144;0;2,455838484;0,922307692;344556,3868;6372956,136;1;1;8,428860533;-1,431921856;7,074951457;1;7,15845144;base
926;54;2012;10;22;4;1;2,791307727;1;25,41087944;1,076;344556,3868;6372956,136;1;1;4,567138956;1,14122435;8,428860533;1;2,791307727;base
927;54;2012;11;26;4;1;14,44515712;1;1,681283132;3,461076923;344556,3868;6372956,136;1;1;5,010320297;-0,217655104;4,567138956;1;14,44515712;base
928;54;2012;12;27;4;1;3,546078147;1;19,82176949;2,727423077;344556,3868;6372956,136;1;1;5,122133133;1,808875487;5,010320297;1;3,546078147;base
96;44;2013;1;4;0;0;0,155375;1;0;0;269252,0606;6645413,775;0;0;7,73861021;0;6,7148461;0;0;base
97;44;2013;2;1;0;0;0,08;1;0;0;269252,0606;6645413,775;0;0;5,1020631;0;7,73861021;0;0;base
98;44;2013;3;7;0;0;0,15625;1;0;0;269252,0606;6645413,775;0;0;6,655370693;0;5,1020631;0;0;base
99;44;2013;4;5;0;0;0,06875;0;0;0,025;269252,0606;6645413,775;0;0;6,982744376;0;6,655370693;0;0;base
100;44;2013;5;1;0;0;0,025;0;39,88529798;0,04;269252,0606;6645413,775;0;0;7,464979616;1,029267625;6,982744376;0;0;base
101;44;2013;6;3;0;0;1,066666667;0;1,4339595;0,04;269252,0606;6645413,775;0;0;5,975462655;-0,964482826;7,464979616;0;0;base
102;44;2013;7;2;0;0;0,15;0;19,4050177;0,054;269252,0606;6645413,775;0;0;5,793461706;0,064026279;5,975462655;0;0;base
103;44;2013;8;4;0;0;0,284375;0;0;0,023;269252,0606;6645413,775;0;0;7,288341419;0;5,793461706;0;0;base
104;44;2013;9;2;0;0;1,009375;0;0,10041462;0,017;269252,0606;6645413,775;0;0;7,108464306;-1,248611721;7,288341419;0;0;base
105;44;2013;10;4;0;0;0,30625;1;0,006980133;0,009;269252,0606;6645413,775;0;0;6,748495055;-0,86782943;7,108464306;0;0;base
106;44;2013;11;5;0;0;2,68815;1;0,048429861;0,009;269252,0606;6645413,775;0;0;6,980337613;-0,18910239;6,748495055;0;0;base
107;44;2013;12;5;0;0;2,7844;1;0;0,009;269252,0606;6645413,775;0;0;6,565763;0;6,980337613;0;0;base
459;48;2013;7;0;0;0;0,019025875;0;20,0102419;0,001;279017,7907;6472141,879;0;0;8,418854165;-0,703699895;8,728048264;1;0;base
462;48;2013;10;0;0;0;0,510464231;1;0,58982671;0,003666667;279017,7907;6472141,879;0;0;9,627273905;-0,6058257;10,03477763;1;0;base
572;51;2013;1;0;0;0;41,45555556;1;21,29235596;0,0342;315654,723;6433715,872;0;0;4,983253633;1,87849331;4,878481195;1;0;base
573;51;2013;2;0;0;0;22,31111111;1;7,551992184;0,0312;315654,723;6433715,872;0;0;5,078082402;0,758502457;4,983253633;0;0;base
575;51;2013;4;0;0;0;3,111111111;0;1,90306559;0,028;315654,723;6433715,872;0;0;4,907511535;-0,763685746;5,164692426;1;0;base
576;51;2013;5;0;0;0;3,055555556;0;107,630827;0,0342;315654,723;6433715,872;0;0;4,560392152;1,010406292;4,907511535;0;0;base
580;51;2013;9;0;0;0;2;0;10,30602029;0,056;315654,723;6433715,872;0;0;4,576932881;-0,868389744;3,079751042;1;0;base
693;52;2013;3;3;1;0;7,103333333;1;2,20925516;0,051666667;321601,7251;6409548,844;0;1;4,814791727;-0,727052871;4,651228732;1;7,103333333;base
694;52;2013;4;0;0;0;4,551666667;0;2,737162045;0,046333333;321601,7251;6409548,844;0;0;5,004189886;-0,695342838;4,814791727;1;0;base
696;52;2013;6;0;0;0;2,138;0;34,79980717;0,061333333;321601,7251;6409548,844;0;0;5,136375174;-0,515476845;5,163364797;1;0;base
697;52;2013;7;0;0;0;2,276;0;18,9150256;0,063333333;321601,7251;6409548,844;0;0;5,108636859;-0,781663467;5,136375174;0;0;base
698;52;2013;8;0;0;0;2,414;0;26,86831591;0,071666667;321601,7251;6409548,844;0;0;5,080107124;-0,659912428;5,108636859;0;0;base
699;52;2013;9;0;0;0;2,552;0;9,77052282;0,076;321601,7251;6409548,844;0;0;5,05073948;-0,903570266;5,080107124;0;0;base
701;52;2013;11;0;0;0;2,69;1;7,795304786;0,083;321601,7251;6409548,844;0;0;5,020483215;0,544139084;5,020483215;1;0;base
702;52;2013;12;0;0;0;2,69;1;0,724100458;0,057666667;321601,7251;6409548,844;0;0;5,020483215;-0,262973732;5,020483215;0;0;base
810;53;2013;1;4;1;0;2,66741065;1;0;0,008;276406,0805;6383100,075;0;1;7,639664866;0;1,985023978;0;2,66741065;base
811;53;2013;2;4;1;0;2,425;1;0;0,003;276406,0805;6383100,075;0;1;7,413706766;0;7,639664866;1;2,425;base
812;53;2013;3;2;4;0;0,9344;1;1,7693771;0,002;276406,0805;6383100,075;0;1;3,393532454;-0,910593371;7,413706766;1;0,9344;base
813;53;2013;4;1;1;0;0,07409;0;0;0,002;276406,0805;6383100,075;0;1;1,081984738;0;3,393532454;1;0,07409;base
814;53;2013;5;2;1;0;1,55;0;126,0255657;0,002;276406,0805;6383100,075;0;1;8,821582973;0,910896852;1,081984738;1;1,55;base
815;53;2013;6;0;0;0;2,845016667;0;36,846738;0,002;276406,0805;6383100,075;0;0;8,18608618;-0,69385114;8,821582973;1;0;base
816;53;2013;7;6;4;0;4,140033333;0;25,50336158;0,002;276406,0805;6383100,075;0;1;5,99718834;-0,888154281;8,18608618;0;4,140033333;base
817;53;2013;8;0;0;0;3,66525;0;28,6240989;0,002;276406,0805;6383100,075;0;0;5,761738595;-0,900633711;5,99718834;1;0;base
818;53;2013;9;0;0;0;3,190466667;0;0,00351411;0,002;276406,0805;6383100,075;0;0;5,453203559;-3,820648098;5,761738595;0;0;base
819;53;2013;10;0;0;0;2,715683333;1;0;0,002;276406,0805;6383100,075;0;0;5,004680822;0;5,453203559;0;0;base
820;53;2013;11;2;4;0;2,2409;1;0;0,002;276406,0805;6383100,075;0;1;4,16997679;0;5,004680822;0;2,2409;base
821;53;2013;12;0;0;0;2,2409;1;0;0,002;276406,0805;6383100,075;0;0;4,16997679;0;4,16997679;1;0;base
937;54;2013;9;15;4;0;12,61391333;0;19,86667792;0,778115385;344556,3868;6372956,136;0;1;4,765270594;-0,087650456;5,634363858;1;12,61391333;base
1048;55;2013;1;4;1;0;5,76901;1;11,82836261;18,6456087;269807,3844;6315109,157;0;1;6,422410312;0,77350233;7,115940322;0;5,76901;base
1049;55;2013;2;3;1;0;0,681866667;1;13,4725327;12,44295652;269807,3844;6315109,157;0;1;7,196422026;0,862644863;6,422410312;1;0,681866667;base
1050;55;2013;3;3;1;0;0,0228;1;1,609248481;9,024304348;269807,3844;6315109,157;0;1;7,559450557;-0,66135656;7,196422026;1;0,0228;base
1051;55;2013;4;2;1;0;0,2014;0;8,613548973;8,095347826;269807,3844;6315109,157;0;1;7,079406245;-0,822351258;7,559450557;1;0,2014;base
1052;55;2013;5;2;1;0;0,1864;0;138,2886956;9,868695652;269807,3844;6315109,157;0;1;6,927541672;0,623673979;7,079406245;1;0,1864;base
1053;55;2013;6;2;1;0;2,25;0;58,1675519;10,78486957;269807,3844;6315109,157;0;1;5,48434839;-0,568041806;6,927541672;1;2,25;base
1054;55;2013;7;4;1;0;2,9864;0;22,65150377;9,669173913;269807,3844;6315109,157;0;1;7,467716971;-0,998183708;5,48434839;1;2,9864;base
1055;55;2013;8;12;1;0;7,4519;0;70,08204238;9,945434783;269807,3844;6315109,157;0;1;7,753195342;-0,110923788;7,467716971;1;7,4519;base
1056;55;2013;9;4;1;0;9,58695;0;51,9643053;6,258391304;269807,3844;6315109,157;0;1;7,680801174;0,01569787;7,753195342;1;9,58695;base
1057;55;2013;10;1;1;0;4;1;7,63870372;11,24508696;269807,3844;6315109,157;0;1;5,089600582;-0,793970879;7,680801174;1;4;base
1058;55;2013;11;1;1;0;3;1;4,678230028;16,25182609;269807,3844;6315109,157;0;1;5,266368327;-0,483795423;5,089600582;1;3;base
1059;55;2013;12;0;0;0;3;1;2,876955341;15,5843913;269807,3844;6315109,157;0;0;5,266368327;-0,351069867;5,266368327;1;0;base
1167;57;2013;1;71;4;0;1,78874131;1;11,82836261;18,6456087;351939,7258;6283636,359;0;1;7,42461528;0,77350233;6,501084917;1;1,78874131;base
1168;57;2013;2;57;3;0;1,743923169;1;13,4725327;12,44295652;351939,7258;6283636,359;0;1;6,390959345;0,862644863;7,42461528;1;1,743923169;base
1169;57;2013;3;53;4;0;1,546994714;1;1,609248481;9,024304348;351939,7258;6283636,359;0;1;6,020295034;-0,66135656;6,390959345;1;1,546994714;base
1170;57;2013;4;86;3;0;3,86266338;0;8,613548973;8,095347826;351939,7258;6283636,359;0;1;6,133050909;-0,822351258;6,020295034;1;3,86266338;base
1171;57;2013;5;79;4;0;2,168373399;0;138,2886956;9,868695652;351939,7258;6283636,359;0;1;6,51653508;0,623673979;6,133050909;1;2,168373399;base
1172;57;2013;6;69;4;0;1,921016429;0;58,1675519;10,78486957;351939,7258;6283636,359;0;1;7,398961913;-0,568041806;6,51653508;1;1,921016429;base
1173;57;2013;7;62;4;0;2,081010864;0;22,65150377;9,669173913;351939,7258;6283636,359;0;1;6,328764295;-0,998183708;7,398961913;1;2,081010864;base
1174;57;2013;8;53;2;0;2,780154367;0;70,08204238;9,945434783;351939,7258;6283636,359;0;1;6,293273405;-0,110923788;6,328764295;1;2,780154367;base
1175;57;2013;9;66;2;0;3,270663999;0;51,9643053;6,258391304;351939,7258;6283636,359;0;1;8,497054868;0,01569787;6,293273405;1;3,270663999;base
1176;57;2013;10;57;4;0;2,361986231;1;7,63870372;11,24508696;351939,7258;6283636,359;0;1;6,600483818;-0,793970879;8,497054868;1;2,361986231;base
1177;57;2013;11;28;3;0;1,652633486;1;4,678230028;16,25182609;351939,7258;6283636,359;0;1;6,438037361;-0,483795423;6,600483818;1;1,652633486;base
1178;57;2013;12;13;2;0;1,289054271;1;2,876955341;15,5843913;351939,7258;6283636,359;0;1;6,479648319;-0,351069867;6,438037361;1;1,289054271;base
1286;60;2013;1;7;0;0;10,13384001;1;9,736679947;19,2895;323883,3901;6190201,379;0;0;5,509427651;0,820723121;5,631023663;0;0;base
1287;60;2013;2;5;0;0;10,6626064;1;20,86030761;12,12575;323883,3901;6190201,379;0;0;4,490530402;1,057999223;5,509427651;0;0;base
1288;60;2013;3;9;0;0;20,02691911;1;2,146343051;8,1482;323883,3901;6190201,379;0;0;3,773662179;-0,721321571;4,490530402;0;0;base
1289;60;2013;4;6;0;0;18,90610773;0;5,982093894;9,20825;323883,3901;6190201,379;0;0;4,694550512;-1,468688581;3,773662179;0;0;base
1290;60;2013;5;17;0;0;10,65118588;0;210,9577503;12,1573;323883,3901;6190201,379;0;0;5,30501848;0,306641028;4,694550512;0;0;base
1291;60;2013;6;4;0;0;2,37534112;0;107,0854582;10,32835;323883,3901;6190201,379;0;0;4,366137175;-0,796155209;5,30501848;0;0;base
1292;60;2013;7;4;0;0;15,082018;0;69,6171769;10,27805;323883,3901;6190201,379;0;0;4,316646902;-0,906449686;4,366137175;0;0;base
1293;60;2013;8;9;0;0;29,31707733;0;102,9982511;9,79945;323883,3901;6190201,379;0;0;4,376897842;-0,392880371;4,316646902;0;0;base
1294;60;2013;9;8;0;0;6,0754;0;71,64656843;12,56445;323883,3901;6190201,379;0;0;4,396598351;-0,161497615;4,376897842;0;0;base
1295;60;2013;10;6;0;0;24,06658667;1;18,05852358;7,05625;323883,3901;6190201,379;0;0;4,262798631;-0,557517159;4,396598351;0;0;base
1296;60;2013;11;10;0;0;17,35821487;1;4,440079258;11,8681;323883,3901;6190201,379;0;0;4,826073753;-1,048313031;4,262798631;0;0;base
1297;60;2013;12;7;0;0;4,013787429;1;3,369862415;14,31525;323883,3901;6190201,379;0;0;4,309240082;-0,104001905;4,826073753;0;0;base
1405;71;2013;1;0;0;0;17,59999154;1;17,78466541;9,406888889;309426,6977;6110482,181;0;0;4,807318093;0,728947731;4,129015183;0;0;base
1406;71;2013;2;1;0;0;2,399987316;1;64,21421614;7,690444444;309426,6977;6110482,181;0;0;5,207785736;1,520677447;4,807318093;0;0;base
1407;71;2013;3;1;0;0;20;1;2,635858195;8,316444444;309426,6977;6110482,181;0;0;-1,520167257;-1,039066181;5,207785736;0;0;base
1408;71;2013;4;1;0;0;20;0;11,10536786;6,684666667;309426,6977;6110482,181;0;0;1,473883942;-1,241946099;-1,520167257;0;0;base
1409;71;2013;5;0;0;0;32,62609399;0;265,5757074;8,933;309426,6977;6110482,181;0;0;1,576971577;0,212426804;1,473883942;0;0;base
1410;71;2013;6;4;0;0;45,25218798;0;151,5201589;12,60844444;309426,6977;6110482,181;0;0;1,670418277;-0,912793497;1,576971577;0;0;base
1411;71;2013;7;1;0;0;24;0;148,4189204;24,13733333;309426,6977;6110482,181;0;0;3,59385717;-0,614320371;1,670418277;0;0;base
1412;71;2013;8;2;0;0;32,5;0;131,2637736;16,40944444;309426,6977;6110482,181;0;0;2,725615339;-0,481049755;3,59385717;0;0;base
1413;71;2013;9;0;0;0;31;0;118,7909907;20,266;309426,6977;6110482,181;0;0;3,139660085;0,008906259;2,725615339;0;0;base
1414;71;2013;10;0;0;0;29,5;1;41,14293938;16,98211111;309426,6977;6110482,181;0;0;3,43160453;-0,285813303;3,139660085;0;0;base
1415;71;2013;11;1;0;0;28;1;13,46846139;25,72477778;309426,6977;6110482,181;0;0;3,657296811;-0,781949504;3,43160453;0;0;base
1416;71;2013;12;0;0;0;42,66666667;1;3,20860788;13,31555556;309426,6977;6110482,181;0;0;3,266978925;-0,621264877;3,657296811;0;0;base
1524;81;2013;1;0;0;0;38,201875;1;9,430478823;9,706538462;236796,9474;5931893,018;0;0;2,284538743;-0,462249118;2,540749168;0;0;base
1525;81;2013;2;2;0;0;49,74375;1;58,75350983;6,197153846;236796,9474;5931893,018;0;0;1,939192849;0,694589848;2,284538743;0;0;base
1526;81;2013;3;2;0;0;180;1;8,807828067;5,266961538;236796,9474;5931893,018;0;0;0,22012461;-0,976485077;1,939192849;0;0;base
1527;81;2013;4;1;0;0;1,04;0;31,11439413;6,121846154;236796,9474;5931893,018;0;0;3,737115162;-1,009329339;0,22012461;0;0;base
1528;81;2013;5;0;0;0;1,916;0;342,8286002;16,13523077;236796,9474;5931893,018;0;0;3,643202772;0,431357549;3,737115162;0;0;base
1529;81;2013;6;0;0;0;2,792;0;199,9132245;48,47811538;236796,9474;5931893,018;0;0;3,539548017;-1,035434291;3,643202772;0;0;base
1530;81;2013;7;0;0;0;3,668;0;229,8214941;84,97580769;236796,9474;5931893,018;0;0;3,423893099;-0,327767915;3,539548017;0;0;base
1531;81;2013;8;0;0;0;4,544;0;211,8298081;63,71930769;236796,9474;5931893,018;0;0;3,293091219;-0,102983011;3,423893099;0;0;base
1532;81;2013;9;0;0;0;5,42;0;170,6213525;64,82953846;236796,9474;5931893,018;0;0;3,142568338;0,481538938;3,293091219;0;0;base
1533;81;2013;10;0;0;0;6,296;1;74,38578174;31,7525;236796,9474;5931893,018;0;0;2,965303692;-0,003842767;3,142568338;0;0;base
1534;81;2013;11;0;0;0;7,172;1;27,63109327;22,67788462;236796,9474;5931893,018;0;0;2,749697878;-0,454138129;2,965303692;0;0;base
1535;81;2013;12;0;0;0;8,048;1;0,245196001;11,51469231;236796,9474;5931893,018;0;0;2,4744538;-2,209768546;2,749697878;0;0;base
1643;83;2013;1;5;0;0;110,30384;1;20,79774174;36,72491892;238842,9699;5819516,108;0;0;2,8116873;-0,433001074;2,082268426;0;0;base
1644;83;2013;2;6;0;0;7,610985;1;68,68124254;27,95021622;238842,9699;5819516,108;0;0;2,49899388;0,687348301;2,8116873;0;0;base
1645;83;2013;3;1;0;0;23,85;1;23,95437017;29,53764865;238842,9699;5819516,108;0;0;2,909370054;-1,006258083;2,49899388;0;0;base
1646;83;2013;4;3;0;0;3,827033333;0;69,32933153;25,90062162;238842,9699;5819516,108;0;0;2,724745636;-0,602098092;2,909370054;0;0;base
1647;83;2013;5;3;0;0;2,034883333;0;331,3649524;37,91648649;238842,9699;5819516,108;0;0;3,017028591;0,294548372;2,724745636;0;0;base
1648;83;2013;6;6;0;0;20,91152667;0;218,4866607;89,64581081;238842,9699;5819516,108;0;0;2,889666823;-1,085190539;3,017028591;0;0;base
1649;83;2013;7;6;0;0;22,26820667;0;218,7969303;117,3874324;238842,9699;5819516,108;0;0;2,728544511;-0,513595962;2,889666823;0;0;base
1650;83;2013;8;3;0;0;4,699;0;258,5774407;122,4411892;238842,9699;5819516,108;0;0;2,170757195;0,145145098;2,728544511;0;0;base
1651;83;2013;9;1;0;0;21,46;0;183,7665524;136,9088919;238842,9699;5819516,108;0;0;-1,599266195;0,49532298;2,170757195;0;0;base
1652;83;2013;10;11;0;0;12,73970609;1;70,43149418;79,24245946;238842,9699;5819516,108;0;0;2,79015517;-0,405598002;-1,599266195;0;0;base
1653;83;2013;11;4;0;0;22,583;1;51,56969107;65,19527027;238842,9699;5819516,108;0;0;2,826664791;-0,263485686;2,79015517;0;0;base
1654;83;2013;12;3;0;0;20,696;1;6,231496773;36,41191892;238842,9699;5819516,108;0;0;2,784197244;-1,417213031;2,826664791;0;0;base
1762;101;2013;1;0;0;0;0,176207779;1;29,03140557;66,40846154;196471,5747;5594635,437;0;0;4,36355076;-0,900670046;3,962635301;0;0;base
1763;101;2013;2;1;0;0;0,041958042;1;141,4211862;36,84730769;196471,5747;5594635,437;0;0;4,648950222;1,317333731;4,36355076;0;0;base
1764;101;2013;3;2;0;0;10,125;1;60,61513607;27,42661538;196471,5747;5594635,437;0;0;5,167758327;-0,96305929;4,648950222;0;0;base
1765;101;2013;4;0;0;0;8,108391608;0;151,3205964;24,20338462;196471,5747;5594635,437;0;0;5,790906736;-0,103603548;5,167758327;0;0;base
1766;101;2013;5;0;0;0;6,091783217;0;358,1465329;54,28246154;196471,5747;5594635,437;0;0;6,171906027;0,356636242;5,790906736;0;0;base
1767;101;2013;6;0;0;0;4,075174825;0;272,1446754;134,5446923;196471,5747;5594635,437;0;0;6,447127001;-0,809792108;6,171906027;0;0;base
1768;101;2013;7;0;0;0;2,058566434;0;239,3741066;167,6682308;196471,5747;5594635,437;0;0;6,662718672;-0,674366796;6,447127001;0;0;base
1769;101;2013;8;1;0;0;0,041958042;0;309,3463136;134,5824615;196471,5747;5594635,437;0;0;6,83997377;0,193273077;6,662718672;0;0;base
1770;101;2013;9;1;0;0;0,041958042;0;247,2617101;160,1093077;196471,5747;5594635,437;0;0;6,94066157;0,834806718;6,83997377;0;0;base
1771;101;2013;10;0;0;0;6,020979021;1;82,06748699;73,64384615;196471,5747;5594635,437;0;0;6,249249755;-0,7568649;6,94066157;0;0;base
1772;101;2013;11;1;0;0;12;1;124,4787907;66,67376923;196471,5747;5594635,437;0;0;0,584991998;0,295908291;6,249249755;0;0;base
1773;101;2013;12;0;0;0;6,007246504;1;28,50590532;39,08961538;196471,5747;5594635,437;0;0;5,733248092;-1,031838183;0,584991998;0;0;base
1881;103;2013;1;0;0;0;40;1;49,55743048;63,56072222;186695,3928;5505964,756;0;0;2,910510031;-0,922787478;2,798539952;0;0;base
1882;103;2013;2;0;0;0;35;1;173,4191071;45,72238889;186695,3928;5505964,756;0;0;3,011195728;1,367933265;2,910510031;0;0;base
1883;103;2013;3;0;0;0;30;1;96,02177532;40,57055556;186695,3928;5505964,756;0;0;3,102664735;-0,652699911;3,011195728;0;0;base
1884;103;2013;4;0;0;0;25;0;185,200922;32,42872222;186695,3928;5505964,756;0;0;3,186463825;0,020800378;3,102664735;0;0;base
1885;103;2013;5;1;0;0;20;0;387,7174486;95,61783333;186695,3928;5505964,756;0;0;3,26378036;0,596892594;3,186463825;0;0;base
1886;103;2013;6;0;0;0;16;0;314,3655716;156,51;186695,3928;5505964,756;0;0;3,241303725;-0,319375457;3,26378036;0;0;base
1887;103;2013;7;0;0;0;12;0;217,7756313;147,4002222;186695,3928;5505964,756;0;0;3,218310251;-0,944103543;3,241303725;0;0;base
1888;103;2013;8;0;0;0;8;0;345,7981997;123,2294444;186695,3928;5505964,756;0;0;3,19477561;0,641594314;3,218310251;0;0;base
1889;103;2013;9;1;0;0;4;0;259,7714455;159,6356667;186695,3928;5505964,756;0;0;3,170673712;0,918632116;3,19477561;0;0;base
1890;103;2013;10;0;0;0;4,615384615;1;108,8199647;73,35766667;186695,3928;5505964,756;0;0;3,414502796;-0,661936835;3,170673712;0;0;base
1891;103;2013;11;0;0;0;5,230769231;1;131,4895831;62,02627778;186695,3928;5505964,756;0;0;3,610380751;0,019792363;3,414502796;0;0;base
1892;103;2013;12;0;0;0;5,846153846;1;55,45052592;40,15166667;186695,3928;5505964,756;0;0;3,774103278;-0,828517175;3,610380751;0;0;base
215;45;2013;1;16;0;1;6,8998925;1;18,92871246;0,151060606;320756,3223;6594510,657;1;0;5,58555457;2,054001674;5,476182885;0;0;base
216;45;2013;2;9;0;1;1,904;1;4,878989471;0,146727273;320756,3223;6594510,657;1;0;5,599182456;0,180101636;5,58555457;0;0;base
217;45;2013;3;13;0;1;1,948615385;1;0,007087634;0,133666667;320756,3223;6594510,657;1;0;5,812751371;-1,842469086;5,599182456;0;0;base
218;45;2013;4;14;0;1;3,984192857;0;0,993326183;0,137272727;320756,3223;6594510,657;1;0;5,931653485;-0,960722797;5,812751371;0;0;base
219;45;2013;5;11;0;1;3,064145455;0;78,51664016;0,309272727;320756,3223;6594510,657;1;0;6,556533858;1,00381001;5,931653485;0;0;base
220;45;2013;6;18;0;1;4,2561;0;14,23424096;0,463727273;320756,3223;6594510,657;1;0;5,607464503;-0,609808553;6,556533858;0;0;base
221;45;2013;7;12;0;1;2,270633333;0;11,64394466;0,352;320756,3223;6594510,657;1;0;6,256131229;-0,666298291;5,607464503;0;0;base
222;45;2013;8;27;0;1;5,181513667;0;17,12469209;0,324606061;320756,3223;6594510,657;1;0;5,440308871;-0,404662334;6,256131229;0;0;base
223;45;2013;9;24;0;1;3,763869167;0;4,959338365;0,417060606;320756,3223;6594510,657;1;0;6,032148904;-0,811500285;5,440308871;0;0;base
224;45;2013;10;19;0;1;7,206368421;1;4,731389675;0,356333333;320756,3223;6594510,657;1;0;5,556481379;0,075565815;6,032148904;0;0;base
225;45;2013;11;14;0;1;3,256386171;1;11,11941153;0,342181818;320756,3223;6594510,657;1;0;6,212677042;1,243746892;5,556481379;0;0;base
226;45;2013;12;13;0;1;2,851388462;1;0,846288759;0,211878788;320756,3223;6594510,657;1;0;5,992457911;-0,116609508;6,212677042;0;0;base
334;47;2013;1;9;2;1;3,855321111;1;25,88356392;0,382230769;318973,2185;6494678,62;1;1;5,831141019;1,949862771;7,551569758;1;3,855321111;base
335;47;2013;2;5;1;1;0,316336;1;9,739015765;0,369769231;318973,2185;6494678,62;1;1;7,127599773;1,232242144;5,831141019;1;0,316336;base
336;47;2013;3;9;1;1;2,118677778;1;0,329182358;0,307846154;318973,2185;6494678,62;1;1;5,986070216;-0,92030644;7,127599773;1;2,118677778;base
337;47;2013;4;8;2;1;0,8813995;0;0,099971237;0,265923077;318973,2185;6494678,62;1;1;7,020734758;-1,225338206;5,986070216;1;0,8813995;base
338;47;2013;5;8;2;1;2,0272755;0;91,39091362;0,301615385;318973,2185;6494678,62;1;1;6,327218683;1,071277073;7,020734758;1;2,0272755;base
339;47;2013;6;10;1;1;3,2478618;0;29,8285032;0,482076923;318973,2185;6494678,62;1;1;6,267852738;-0,354206438;6,327218683;1;3,2478618;base
340;47;2013;7;4;1;1;1,47575;0;11,64236831;0,417384615;318973,2185;6494678,62;1;1;7,205968648;-0,653158494;6,267852738;1;1,47575;base
341;47;2013;8;15;1;1;3,253610867;0;24,47289866;0,450384615;318973,2185;6494678,62;1;1;7,095664946;-0,322770009;7,205968648;1;3,253610867;base
342;47;2013;9;9;2;1;3,715835778;0;7,381399821;0,51;318973,2185;6494678,62;1;1;7,081866792;-0,559607366;7,095664946;1;3,715835778;base
343;47;2013;10;11;1;1;0,902788727;1;3,600434381;0,849846154;318973,2185;6494678,62;1;1;7,396323224;-0,204458842;7,081866792;1;0,902788727;base
344;47;2013;11;12;1;1;1,845996667;1;11,32276642;2,247384615;318973,2185;6494678,62;1;1;6,302126472;1,136995278;7,396323224;1;1,845996667;base
345;47;2013;12;12;2;1;1,342062171;1;0,390186236;0,671615385;318973,2185;6494678,62;1;1;7,051408459;-0,40002475;6,302126472;1;1,342062171;base
453;48;2013;1;3;3;1;0,019025875;1;2,78631657;0,005333333;279017,7907;6472141,879;1;1;6,133181558;0,808618104;10,90782888;1;0,019025875;base
454;48;2013;2;1;3;1;1,4;1;0,669234208;0,004333333;279017,7907;6472141,879;1;1;4,54159125;-0,061526773;6,133181558;1;1,4;base
455;48;2013;3;3;3;1;0,512683917;1;2,4892866;0,003333333;279017,7907;6472141,879;1;1;6,875550602;-1,504607391;4,54159125;1;0,512683917;base
456;48;2013;4;1;3;1;0,007001522;0;0,006902789;0,005666667;279017,7907;6472141,879;1;1;8,650507169;-2,446511441;6,875550602;1;0,007001522;base
457;48;2013;5;1;3;1;0,019025875;0;100,7961409;0,001666667;279017,7907;6472141,879;1;1;8,6554782;0,974915615;8,650507169;1;0,019025875;base
458;48;2013;6;3;3;1;0,019025875;0;31,81342733;0,003666667;279017,7907;6472141,879;1;1;8,728048264;-0,538412623;8,6554782;1;0,019025875;base
460;48;2013;8;1;3;1;0,019025875;0;17,313545;0,003333333;279017,7907;6472141,879;1;1;7,968924857;-0,912258293;8,418854165;0;0,019025875;base
461;48;2013;9;2;3;1;1,009512938;0;0;0,005666667;279017,7907;6472141,879;1;1;10,03477763;0;7,968924857;1;1,009512938;base
463;48;2013;11;1;3;1;0,011415525;1;0,600986383;0,004;279017,7907;6472141,879;1;1;8,927985822;-0,283907979;9,627273905;0;0,011415525;base
464;48;2013;12;3;3;1;0,015854896;1;0,240417596;0,003;279017,7907;6472141,879;1;1;9,109085121;-0,050794003;8,927985822;1;0,015854896;base
574;51;2013;3;3;4;1;3,166666667;1;0,906222597;0,0278;315654,723;6433715,872;1;1;5,164692426;-1,051810293;5,078082402;0;3,166666667;base
577;51;2013;6;2;4;1;3;0;36,67000504;0,038;315654,723;6433715,872;1;1;4,024273266;-0,429813448;4,560392152;0;3;base
578;51;2013;7;2;4;1;2,69;0;17,65829993;0,0408;315654,723;6433715,872;1;1;4,877643075;-0,727638893;4,024273266;1;2,69;base
579;51;2013;8;1;4;1;2;0;27,06400941;0,0478;315654,723;6433715,872;1;1;3,079751042;-0,593098702;4,877643075;1;2;base
581;51;2013;10;1;4;1;2;1;3,881550187;0,0482;315654,723;6433715,872;1;1;5,151431728;-0,750646231;4,576932881;0;2;base
582;51;2013;11;1;4;1;3;1;10,11234033;0,0446;315654,723;6433715,872;1;1;5,266401474;0,711857391;5,151431728;1;3;base
583;51;2013;12;2;4;1;1,23;1;0,570683643;0,0336;315654,723;6433715,872;1;1;4,413038278;-0,438613902;5,266401474;1;1,23;base
691;52;2013;1;1;1;1;1;1;15,72381879;0,074;321601,7251;6409548,844;1;1;4,473811276;1,672245569;5,127734213;1;1;base
692;52;2013;2;2;1;1;21;1;5,613110891;0,051;321601,7251;6409548,844;1;1;4,651228732;0,498460275;4,473811276;1;21;base
695;52;2013;5;1;1;1;2;0;104,5847726;0,054333333;321601,7251;6409548,844;1;1;5,163364797;1,003323096;5,004189886;0;2;base
700;52;2013;10;2;1;1;2,69;1;3,339705373;0,083;321601,7251;6409548,844;1;1;5,020483215;-0,955752911;5,05073948;0;2,69;base
929;54;2013;1;21;4;1;3,928982248;1;19,49376326;2,602615385;344556,3868;6372956,136;1;1;8,431207024;1,501479891;5,122133133;1;3,928982248;base
930;54;2013;2;20;4;1;86,95000793;1;6,65701475;2,126923077;344556,3868;6372956,136;1;1;7,059048783;0,556444128;8,431207024;1;86,95000793;base
931;54;2013;3;23;4;1;2,493713043;1;1,642873088;1,279461538;344556,3868;6372956,136;1;1;6,130160625;-0,390045281;7,059048783;1;2,493713043;base
932;54;2013;4;22;4;1;5,143954709;0;2,082765972;0,791961538;344556,3868;6372956,136;1;1;5,656704237;-0,686536115;6,130160625;1;5,143954709;base
933;54;2013;5;28;4;1;2,48682;0;122,0324633;0,987846154;344556,3868;6372956,136;1;1;4,811493777;1,018730936;5,656704237;1;2,48682;base
934;54;2013;6;21;4;1;3,814800952;0;42,07468157;1,532192308;344556,3868;6372956,136;1;1;5,916576962;-0,411081343;4,811493777;1;3,814800952;base
935;54;2013;7;24;4;1;65,576855;0;14,49445286;1,400538462;344556,3868;6372956,136;1;1;6,885209078;-0,775649766;5,916576962;1;65,576855;base
936;54;2013;8;18;4;1;13,40717778;0;39,86964515;1,028192308;344556,3868;6372956,136;1;1;5,634363858;-0,170336278;6,885209078;1;13,40717778;base
938;54;2013;10;12;4;1;1,56275;1;1,899069303;1,270346154;344556,3868;6372956,136;1;1;4,476020079;-0,581450761;4,765270594;1;1,56275;base
939;54;2013;11;14;4;1;34,79300957;1;5,404103159;2,889384615;344556,3868;6372956,136;1;1;5,156164335;0,365656806;4,476020079;1;34,79300957;base
940;54;2013;12;10;4;1;9,882;1;1,894587079;3,161692308;344556,3868;6372956,136;1;1;4,745971899;0,091785604;5,156164335;1;9,882;base
108;44;2014;1;5;1;0;3,1044;1;0;0,009;269252,0606;6645413,775;0;1;7,821845195;0;6,565763;0;3,1044;base
109;44;2014;2;1;1;0;1;1;0;0,009;269252,0606;6645413,775;0;1;5,361574576;0;7,821845195;1;1;base
110;44;2014;3;3;1;0;33,43333333;1;1,9104908;0,009;269252,0606;6645413,775;0;1;6,606784068;0,194667064;5,361574576;1;33,43333333;base
111;44;2014;4;3;1;0;3,894833333;0;0;0,009;269252,0606;6645413,775;0;1;8,213614382;0;6,606784068;1;3,894833333;base
112;44;2014;5;3;1;0;0,10775;0;0,402082347;0,009;269252,0606;6645413,775;0;1;8,292333866;-1,611730269;8,213614382;1;0,10775;base
113;44;2014;6;5;1;0;0,755;0;34,62978052;0,041;269252,0606;6645413,775;0;1;7,096030697;0,559843929;8,292333866;1;0,755;base
114;44;2014;7;2;1;0;2,50225;0;5,911741632;0,066;269252,0606;6645413,775;0;1;8,459954537;-0,563814301;7,096030697;1;2,50225;base
115;44;2014;8;3;1;0;0,1;0;2,57905129;0,069;269252,0606;6645413,775;0;1;6,028674643;-1,066527026;8,459954537;1;0,1;base
116;44;2014;9;9;1;0;7,981111111;0;15,1244724;0,002;269252,0606;6645413,775;0;1;7,263299587;1,18000776;6,028674643;1;7,981111111;base
117;44;2014;10;1;1;0;0,005;1;0,017982774;0,002;269252,0606;6645413,775;0;1;8,323911912;-0,713977266;7,263299587;1;0,005;base
118;44;2014;11;7;1;0;0,721214286;1;0;0,002;269252,0606;6645413,775;0;1;8,070043783;0;8,323911912;1;0,721214286;base
119;44;2014;12;1;1;0;0,02;1;0;0,002;269252,0606;6645413,775;0;1;6,566108697;0;8,070043783;1;0,02;base
472;48;2014;8;0;0;0;17,12912227;0;27,53791997;0,004666667;279017,7907;6472141,879;0;0;9,081176619;-0,526148217;5,673117211;1;0;base
473;48;2014;9;0;0;0;10,25824455;0;25,25169586;0,003333333;279017,7907;6472141,879;0;0;9,757632581;0,233224754;9,081176619;0;0;base
475;48;2014;11;0;0;0;3,387366819;1;0,465463537;0,004666667;279017,7907;6472141,879;0;0;10,15747146;-0,365760242;10,15747146;1;0;base
476;48;2014;12;0;0;0;3,387366819;1;0;0,003666667;279017,7907;6472141,879;0;0;10,15747146;0;10,15747146;0;0;base
584;51;2014;1;0;0;0;1,23;1;6,420213237;0,029;315654,723;6433715,872;0;0;4,413038278;0,495810226;4,413038278;1;0;base
585;51;2014;2;0;0;0;1,23;1;11,92593632;0,0266;315654,723;6433715,872;0;0;4,413038278;1,180200051;4,413038278;0;0;base
586;51;2014;3;0;0;0;1,23;1;8,743936016;0,023;315654,723;6433715,872;0;0;4,413038278;0,26592641;4,413038278;0;0;base
587;51;2014;4;0;0;0;1,23;0;0,670111207;0,0228;315654,723;6433715,872;0;0;4,413038278;-1,13622212;4,413038278;0;0;base
588;51;2014;5;0;0;0;1,23;0;5,828700279;0,0266;315654,723;6433715,872;0;0;4,413038278;-1,214361478;4,413038278;0;0;base
589;51;2014;6;0;0;0;1,23;0;95,9173309;0,0442;315654,723;6433715,872;0;0;4,413038278;0,410595732;4,413038278;0;0;base
590;51;2014;7;0;0;0;1,23;0;14,14858687;0,0396;315654,723;6433715,872;0;0;4,413038278;-0,844543884;4,413038278;0;0;base
591;51;2014;8;0;0;0;1,23;0;37,64350639;0,0424;315654,723;6433715,872;0;0;4,413038278;-0,299126315;4,413038278;0;0;base
592;51;2014;9;0;0;0;1,23;0;33,32393662;0,0492;315654,723;6433715,872;0;0;4,413038278;0,300408589;4,413038278;0;0;base
593;51;2014;10;0;0;0;1,23;1;9,80563048;0,0104;315654,723;6433715,872;0;0;4,413038278;-0,073666453;4,413038278;0;0;base
594;51;2014;11;0;0;0;1,23;1;4,61750628;0,0058;315654,723;6433715,872;0;0;4,413038278;0,209819504;4,413038278;0;0;base
595;51;2014;12;0;0;0;1,23;1;0,784176479;0,03;315654,723;6433715,872;0;0;4,413038278;-0,313443135;4,413038278;0;0;base
703;52;2014;1;0;0;0;2,69;1;4,126398919;0,046;321601,7251;6409548,844;0;0;5,020483215;0,203171469;5,020483215;0;0;base
704;52;2014;2;0;0;0;2,69;1;10,45262798;0,040666667;321601,7251;6409548,844;0;0;5,020483215;1,051805124;5,020483215;0;0;base
705;52;2014;3;0;0;0;2,69;1;6,66661986;0,040666667;321601,7251;6409548,844;0;0;5,020483215;-0,005565812;5,020483215;0;0;base
706;52;2014;4;0;0;0;2,69;0;1,30154859;0,041333333;321601,7251;6409548,844;0;0;5,020483215;-1,002519025;5,020483215;0;0;base
707;52;2014;5;0;0;0;2,69;0;7,948223732;0,048666667;321601,7251;6409548,844;0;0;5,020483215;-1,119031659;5,020483215;0;0;base
708;52;2014;6;0;0;0;2,69;0;97,67098243;0,066333333;321601,7251;6409548,844;0;0;5,020483215;0,427298543;5,020483215;0;0;base
709;52;2014;7;0;0;0;2,69;0;22,6757785;0,07;321601,7251;6409548,844;0;0;5,020483215;-0,671750185;5,020483215;0;0;base
710;52;2014;8;0;0;0;2,69;0;38,72637099;0,066333333;321601,7251;6409548,844;0;0;5,020483215;-0,308605815;5,020483215;0;0;base
711;52;2014;9;0;0;0;2,69;0;36,32374583;0,067;321601,7251;6409548,844;0;0;5,020483215;0,415947761;5,020483215;0;0;base
712;52;2014;10;0;0;0;2,69;1;8,00878005;0,000333333;321601,7251;6409548,844;0;0;5,020483215;-0,320268912;5,020483215;0;0;base
713;52;2014;11;0;0;0;2,69;1;5,0878398;0,000333333;321601,7251;6409548,844;0;0;5,020483215;0,254559384;5,020483215;0;0;base
714;52;2014;12;0;0;0;2,69;1;0,332600675;0,047;321601,7251;6409548,844;0;0;5,020483215;-0,544054038;5,020483215;0;0;base
822;53;2014;1;0;0;0;2,2409;1;0;0,002;276406,0805;6383100,075;0;0;4,16997679;0;4,16997679;0;0;base
823;53;2014;2;0;0;0;2,2409;1;4,3495843;0,002;276406,0805;6383100,075;0;0;4,16997679;0,385229458;4,16997679;0;0;base
824;53;2014;3;0;0;0;2,2409;1;0,029779997;0,002;276406,0805;6383100,075;0;0;4,16997679;-2,84005117;4,16997679;0;0;base
825;53;2014;4;0;0;0;2,2409;0;0;0,002;276406,0805;6383100,075;0;0;4,16997679;0;4,16997679;0;0;base
826;53;2014;5;0;0;0;2,2409;0;22,47150156;0,002;276406,0805;6383100,075;0;0;4,16997679;-0,850952639;4,16997679;0;0;base
827;53;2014;6;0;0;0;2,2409;0;128,7719711;0,003;276406,0805;6383100,075;0;0;4,16997679;0,527231096;4,16997679;0;0;base
828;53;2014;7;0;0;0;2,2409;0;46,2820352;0,005;276406,0805;6383100,075;0;0;4,16997679;-0,434249405;4,16997679;0;0;base
829;53;2014;8;0;0;0;2,2409;0;59,5153983;0,026;276406,0805;6383100,075;0;0;4,16997679;-0,047039544;4,16997679;0;0;base
830;53;2014;9;0;0;0;2,2409;0;56,12662389;0,038;276406,0805;6383100,075;0;0;4,16997679;0,954318608;4,16997679;0;0;base
831;53;2014;10;0;0;0;2,2409;1;0;0,022;276406,0805;6383100,075;0;0;4,16997679;0;4,16997679;0;0;base
832;53;2014;11;0;0;0;2,2409;1;7,0447588;0,022;276406,0805;6383100,075;0;0;4,16997679;0,048265957;4,16997679;0;0;base
833;53;2014;12;0;0;0;2,2409;1;0;0,019;276406,0805;6383100,075;0;0;4,16997679;0;4,16997679;0;0;base
941;54;2014;1;0;0;0;9,882;1;5,180793712;2,930038462;344556,3868;6372956,136;0;0;4,745971899;0,078800181;4,745971899;1;0;base
942;54;2014;2;0;0;0;9,882;1;15,2258681;2,079961538;344556,3868;6372956,136;0;0;4,745971899;1,407182843;4,745971899;0;0;base
943;54;2014;3;0;0;0;9,882;1;4,841644737;1,255730769;344556,3868;6372956,136;0;0;4,745971899;0,206919789;4,745971899;0;0;base
944;54;2014;4;0;0;0;9,882;0;5,724736005;0,830615385;344556,3868;6372956,136;0;0;4,745971899;-0,257833579;4,745971899;0;0;base
945;54;2014;5;0;0;0;9,882;0;25,51672179;0,810230769;344556,3868;6372956,136;0;0;4,745971899;-0,466789438;4,745971899;0;0;base
946;54;2014;6;0;0;0;9,882;0;89,2288806;1,331192308;344556,3868;6372956,136;0;0;4,745971899;0,204267607;4,745971899;0;0;base
947;54;2014;7;0;0;0;9,882;0;29,80443874;1,114269231;344556,3868;6372956,136;0;0;4,745971899;-0,384219761;4,745971899;0;0;base
948;54;2014;8;0;0;0;9,882;0;30,19476979;0,706461538;344556,3868;6372956,136;0;0;4,745971899;-0,403400996;4,745971899;0;0;base
949;54;2014;9;0;0;0;9,882;0;28,11634587;0,794;344556,3868;6372956,136;0;0;4,745971899;0,218186786;4,745971899;0;0;base
950;54;2014;10;0;0;0;9,882;1;3,427147326;2,361461538;344556,3868;6372956,136;0;0;4,745971899;-0,292475944;4,745971899;0;0;base
951;54;2014;11;0;0;0;9,882;1;6,284694499;1,418692308;344556,3868;6372956,136;0;0;4,745971899;0,456222313;4,745971899;0;0;base
952;54;2014;12;0;0;0;9,882;1;2,429241733;1,59;344556,3868;6372956,136;0;0;4,745971899;0,217503171;4,745971899;0;0;base
1060;55;2014;1;0;0;0;3;1;11,25778861;13,50826087;269807,3844;6315109,157;0;0;5,266368327;0,719525334;5,266368327;0;0;base
1061;55;2014;2;0;0;0;3;1;25,990784;10,53404348;269807,3844;6315109,157;0;0;5,266368327;1,614529508;5,266368327;0;0;base
1062;55;2014;3;0;0;0;3;1;5,038392174;8,530173913;269807,3844;6315109,157;0;0;5,266368327;-0,060526397;5,266368327;0;0;base
1063;55;2014;4;0;0;0;3;0;17,10606368;7,984956522;269807,3844;6315109,157;0;0;5,266368327;-0,337015817;5,266368327;0;0;base
1064;55;2014;5;0;0;0;3;0;64,13075264;8,335130435;269807,3844;6315109,157;0;0;5,266368327;-0,213730062;5,266368327;0;0;base
1065;55;2014;6;0;0;0;3;0;111,3454021;9,695782609;269807,3844;6315109,157;0;0;5,266368327;0,027736503;5,266368327;0;0;base
1066;55;2014;7;0;0;0;3;0;68,50451682;8,177826087;269807,3844;6315109,157;0;0;5,266368327;-0,215306508;5,266368327;0;0;base
1067;55;2014;8;0;0;0;3;0;50,11909842;8,290478261;269807,3844;6315109,157;0;0;5,266368327;-0,441617735;5,266368327;0;0;base
1068;55;2014;9;0;0;0;3;0;79,80261627;8,450130435;269807,3844;6315109,157;0;0;5,266368327;0,521946875;5,266368327;0;0;base
1069;55;2014;10;0;0;0;3;1;13,96332869;10,7633913;269807,3844;6315109,157;0;0;5,266368327;-0,308201657;5,266368327;0;0;base
1070;55;2014;11;0;0;0;3;1;16,68122076;12,76230435;269807,3844;6315109,157;0;0;5,266368327;0,447175089;5,266368327;0;0;base
1071;55;2014;12;0;0;0;3;1;8,844284529;12,78965217;269807,3844;6315109,157;0;0;5,266368327;0,306576055;5,266368327;0;0;base
1179;57;2014;1;0;0;0;8,192702847;1;11,25778861;13,50826087;351939,7258;6283636,359;0;0;6,151211898;0,719525334;6,479648319;1;0;base
1180;57;2014;2;0;0;0;15,09635142;1;25,990784;10,53404348;351939,7258;6283636,359;0;0;5,658889136;1,614529508;6,151211898;0;0;base
1181;57;2014;3;1;0;0;22;1;5,038392174;8,530173913;351939,7258;6283636,359;0;0;4,647979686;-0,060526397;5,658889136;0;0;base
1182;57;2014;4;0;0;0;22;0;17,10606368;7,984956522;351939,7258;6283636,359;0;0;4,647979686;-0,337015817;4,647979686;0;0;base
1183;57;2014;5;0;0;0;22;0;64,13075264;8,335130435;351939,7258;6283636,359;0;0;4,647979686;-0,213730062;4,647979686;0;0;base
1184;57;2014;6;0;0;0;22;0;111,3454021;9,695782609;351939,7258;6283636,359;0;0;4,647979686;0,027736503;4,647979686;0;0;base
1185;57;2014;7;0;0;0;22;0;68,50451682;8,177826087;351939,7258;6283636,359;0;0;4,647979686;-0,215306508;4,647979686;0;0;base
1186;57;2014;8;0;0;0;22;0;50,11909842;8,290478261;351939,7258;6283636,359;0;0;4,647979686;-0,441617735;4,647979686;0;0;base
1187;57;2014;9;0;0;0;22;0;79,80261627;8,450130435;351939,7258;6283636,359;0;0;4,647979686;0,521946875;4,647979686;0;0;base
1188;57;2014;10;0;0;0;22;1;13,96332869;10,7633913;351939,7258;6283636,359;0;0;4,647979686;-0,308201657;4,647979686;0;0;base
1189;57;2014;11;0;0;0;22;1;16,68122076;12,76230435;351939,7258;6283636,359;0;0;4,647979686;0,447175089;4,647979686;0;0;base
1190;57;2014;12;0;0;0;22;1;8,844284529;12,78965217;351939,7258;6283636,359;0;0;4,647979686;0,306576055;4,647979686;0;0;base
1298;60;2014;1;3;0;0;7,558252053;1;9,531610648;10,8903;323883,3901;6190201,379;0;0;3,310507398;0,804275141;4,309240082;0;0;base
1299;60;2014;2;5;0;0;8,362453165;1;12,70481281;7,9276;323883,3901;6190201,379;0;0;3,583956696;0,625036681;3,310507398;0;0;base
1300;60;2014;3;6;0;0;10,20063751;1;14,86186712;6,14775;323883,3901;6190201,379;0;0;3,295939605;0,383678564;3,583956696;0;0;base
1301;60;2014;4;13;0;0;2,072822892;0;28,20004409;6,5162;323883,3901;6190201,379;0;0;6,153340143;-0,491277144;3,295939605;0;0;base
1302;60;2014;5;8;0;0;14,1021524;0;163,2970526;10,48175;323883,3901;6190201,379;0;0;4,379313263;-0,003593261;6,153340143;0;0;base
1303;60;2014;6;5;0;0;12,90578634;0;196,9296194;13,1359;323883,3901;6190201,379;0;0;2,92606228;-0,110849008;4,379313263;0;0;base
1304;60;2014;7;7;0;0;9,943715474;0;145,4925297;18,04845;323883,3901;6190201,379;0;0;5,148188442;-0,173748147;2,92606228;0;0;base
1305;60;2014;8;16;0;0;8,16457201;0;135,5373609;17,2126;323883,3901;6190201,379;0;0;5,344063352;-0,080792155;5,148188442;0;0;base
1306;60;2014;9;4;0;0;10,6648;0;167,7960011;23,6617;323883,3901;6190201,379;0;0;2,737633641;0,806902866;5,344063352;0;0;base
1307;60;2014;10;3;0;0;6,337866667;1;18,10440011;12,1815;323883,3901;6190201,379;0;0;4,412528265;-0,555486996;2,737633641;0;0;base
1308;60;2014;11;12;0;0;9,433568204;1;37,58428783;17,6489;323883,3901;6190201,379;0;0;5,088957332;0,703544566;4,412528265;0;0;base
1309;60;2014;12;2;0;0;15,736;1;15,27169089;16,85295;323883,3901;6190201,379;0;0;4,75313945;0,574087219;5,088957332;0;0;base
1417;71;2014;1;0;0;0;57,33333333;1;13,48294758;8,327111111;309426,6977;6110482,181;0;0;2,617943593;0,478316474;3,266978925;0;0;base
1418;71;2014;2;1;0;0;72;1;1,985916563;6,991333333;309426,6977;6110482,181;0;0;0,168089049;-0,774538899;2,617943593;0;0;base
1419;71;2014;3;1;0;0;40;1;30,69007978;6,142666667;309426,6977;6110482,181;0;0;3,23844438;0,542212632;0,168089049;0;0;base
1420;71;2014;4;1;0;0;15;0;44,49950387;6,412222222;309426,6977;6110482,181;0;0;4,994075313;-0,349908759;3,23844438;0;0;base
1421;71;2014;5;0;0;0;10,2;0;239,6959715;14,91022222;309426,6977;6110482,181;0;0;4,351906432;0,086880903;4,994075313;0;0;base
1422;71;2014;6;1;0;0;5,4;0;279,7553592;28,09733333;309426,6977;6110482,181;0;0;2,043317495;-0,133349504;4,351906432;0;0;base
1423;71;2014;7;0;0;0;12,7;0;226,9632847;18,751;309426,6977;6110482,181;0;0;1,389729084;-0,10085775;2,043317495;0;0;base
1424;71;2014;8;1;1;0;20;0;203,0407505;36,08277778;309426,6977;6110482,181;0;1;-1,166805788;0,060452224;1,389729084;0;20;base
1425;71;2014;9;1;1;0;4,5;0;241,263738;36,96233333;309426,6977;6110482,181;0;1;4,640413603;0,931924056;-1,166805788;1;4,5;base
1426;71;2014;10;0;0;0;4,5;1;23,48276798;28,92677778;309426,6977;6110482,181;0;0;4,640413603;-0,753447358;4,640413603;1;0;base
1427;71;2014;11;0;0;0;4,5;1;60,60248569;36,95333333;309426,6977;6110482,181;0;0;4,640413603;0,682820337;4,640413603;0;0;base
1428;71;2014;12;0;0;0;4,5;1;44,14810843;27,63955556;309426,6977;6110482,181;0;0;4,640413603;0,73806716;4,640413603;0;0;base
1536;81;2014;1;0;0;0;8,924;1;22,40247791;5,436653846;236796,9474;5931893,018;0;0;2,093409973;0,221090307;2,4744538;0;0;base
1537;81;2014;2;1;0;0;9,8;1;19,17582136;4,983923077;236796,9474;5931893,018;0;0;1,470139991;-0,078803281;2,093409973;0;0;base
1538;81;2014;3;0;0;0;9,4;1;72,7056346;5,268346154;236796,9474;5931893,018;0;0;1,057757852;0,931635324;1,470139991;0;0;base
1539;81;2014;4;1;0;0;9;0;93,19021737;7,378923077;236796,9474;5931893,018;0;0;0,343567791;0,002983966;1,057757852;0;0;base
1540;81;2014;5;0;0;0;7,42237875;0;211,8522845;23,69896154;236796,9474;5931893,018;0;0;3,50443064;-0,165400941;0,343567791;0;0;base
1541;81;2014;6;0;0;0;5,8447575;0;389,692249;93,25526923;236796,9474;5931893,018;0;0;4,176155416;0,305450246;3,50443064;0;0;base
1542;81;2014;7;0;0;0;4,26713625;0;379,0018592;77,61307692;236796,9474;5931893,018;0;0;4,574376512;0,645725078;4,176155416;0;0;base
1543;81;2014;8;2;0;0;2,689515;0;252,8002731;101,8281923;236796,9474;5931893,018;0;0;4,858416805;0,260782961;4,574376512;0;0;base
1544;81;2014;9;1;0;0;6;0;236,1054787;71,16773077;236796,9474;5931893,018;0;0;1,239979743;1,026698227;4,858416805;0;0;base
1545;81;2014;10;0;0;0;6;1;41,19451016;38,48307692;236796,9474;5931893,018;0;0;1,239979743;-0,61845813;1,239979743;0;0;base
1546;81;2014;11;0;0;0;6;1;12,35315724;11,90019231;236796,9474;5931893,018;0;0;1,239979743;-1,171630758;1,239979743;0;0;base
1547;81;2014;12;0;0;0;6;1;47,12240364;1,427961538;236796,9474;5931893,018;0;0;1,239979743;0,46136292;1,239979743;0;0;base
1655;83;2014;1;1;0;0;31,7608;1;60,4919328;52,27975676;238842,9699;5819516,108;0;0;1,79118413;0,692437636;2,784197244;0;0;base
1656;83;2014;2;1;0;0;2,146;1;39,93224297;42,04802703;238842,9699;5819516,108;0;0;2,070570013;0,191849007;1,79118413;0;0;base
1657;83;2014;3;5;0;0;1,6095;1;111,8989989;47,61535135;238842,9699;5819516,108;0;0;2,329807766;1,270678115;2,070570013;0;0;base
1658;83;2014;4;3;0;0;17,433;0;107,3827817;59,61835135;238842,9699;5819516,108;0;0;2,036957347;-0,093040893;2,329807766;0;0;base
1659;83;2014;5;3;0;0;12,69716667;0;256,7352869;69,01583784;238842,9699;5819516,108;0;0;2,593942674;-0,036682947;2,036957347;0;0;base
1660;83;2014;6;3;0;0;12,4511;0;408,688606;173,222973;238842,9699;5819516,108;0;0;4,225039561;0,333221576;2,593942674;0;0;base
1661;83;2014;7;3;0;0;7,367933333;0;393,6002895;170,2267297;238842,9699;5819516,108;0;0;4,865715579;0,74622834;4,225039561;0;0;base
1662;83;2014;8;6;0;0;73,84516667;0;244,492043;237,8192973;238842,9699;5819516,108;0;0;3,136076657;0,017135974;4,865715579;0;0;base
1663;83;2014;9;4;0;0;80,931;0;281,3048344;173,9699189;238842,9699;5819516,108;0;0;3,267991258;1,359263896;3,136076657;0;0;base
1664;83;2014;10;4;0;0;9,515453125;1;78,99045372;135,2804054;238842,9699;5819516,108;0;0;3,292352789;-0,269107895;3,267991258;0;0;base
1665;83;2014;11;0;0;0;9,515453125;1;28,70511346;19,57413514;238842,9699;5819516,108;0;0;3,292352789;-0,897897934;3,292352789;0;0;base
1666;83;2014;12;0;0;0;9,515453125;1;36,32356986;11,90924324;238842,9699;5819516,108;0;0;3,292352789;-0,191143761;3,292352789;0;0;base
1774;101;2014;1;6;0;0;0,014493007;1;136,8305099;29,96638462;196471,5747;5594635,437;0;0;6,423486282;1,34674898;5,733248092;0;0;base
1775;101;2014;2;3;0;0;0,666666667;1;58,20157553;39,06376923;196471,5747;5594635,437;0;0;4,157354207;0,125428992;6,423486282;0;0;base
1776;101;2014;3;1;0;0;0,009;1;160,6055283;31,83;196471,5747;5594635,437;0;0;5,79973623;1,250279171;4,157354207;0;0;base
1777;101;2014;4;3;0;0;39,18777778;0;137,9195149;42,16438462;196471,5747;5594635,437;0;0;4,137327706;-0,267748904;5,79973623;0;0;base
1778;101;2014;5;0;0;0;59,59388889;0;334,5499413;87,87253846;196471,5747;5594635,437;0;0;3,46420523;0,231394805;4,137327706;0;0;base
1779;101;2014;6;1;0;0;80;0;410,0113461;188,9963846;196471,5747;5594635,437;0;0;0,236568238;0,27152662;3,46420523;0;0;base
1780;101;2014;7;1;0;0;0,041958042;0;404,0725665;119,2105385;196471,5747;5594635,437;0;0;5,290265534;0,708595961;0,236568238;0;0;base
1781;101;2014;8;2;0;0;10,0045;0;250,2773006;212,6056923;196471,5747;5594635,437;0;0;5,097392006;-0,364550175;5,290265534;0;0;base
1782;101;2014;9;3;0;0;0,033972028;0;307,8634171;123,6277692;196471,5747;5594635,437;0;0;6,219539162;1,436302997;5,097392006;0;0;base
1783;101;2014;10;3;0;0;8,080652681;1;153,232781;100,3083846;196471,5747;5594635,437;0;0;5,765378898;0,181092104;6,219539162;0;0;base
1784;101;2014;11;0;0;0;8,080652681;1;72,50123483;70,66992308;196471,5747;5594635,437;0;0;5,765378898;-0,601816954;5,765378898;0;0;base
1785;101;2014;12;0;0;0;8,080652681;1;48,52408529;41,49853846;196471,5747;5594635,437;0;0;5,765378898;-0,546362227;5,765378898;0;0;base
1893;103;2014;1;0;0;0;6,461538462;1;125,6157271;33,44183333;186695,3928;5505964,756;0;0;3,914753905;0,713516775;3,774103278;0;0;base
1894;103;2014;2;0;0;0;7,076923077;1;77,31025721;37,12366667;186695,3928;5505964,756;0;0;4,038039294;0,008532699;3,914753905;0;0;base
1895;103;2014;3;0;0;0;7,692307692;1;175,0238779;34,27761111;186695,3928;5505964,756;0;0;4,147779997;1,033486819;4,038039294;0;0;base
1896;103;2014;4;0;0;0;8,307692308;0;162,310383;47,36677778;186695,3928;5505964,756;0;0;4,24665975;-0,26613086;4,147779997;0;0;base
1897;103;2014;5;0;0;0;8,923076923;0;344,4536063;60,11461111;186695,3928;5505964,756;0;0;4,336636069;0,340598488;4,24665975;0;0;base
1898;103;2014;6;0;0;0;9,538461538;0;391,2629677;131,4894444;186695,3928;5505964,756;0;0;4,419180726;0,39038621;4,336636069;0;0;base
1899;103;2014;7;0;0;0;10,15384615;0;381,7213902;104,0452778;186695,3928;5505964,756;0;0;4,495428255;0,818680946;4,419180726;0;0;base
1900;103;2014;8;0;0;0;10,76923077;0;253,5285806;136,7261667;186695,3928;5505964,756;0;0;4,566271713;-0,351927181;4,495428255;0;0;base
1901;103;2014;9;0;0;0;11,38461538;0;296,4432886;83,9395;186695,3928;5505964,756;0;0;4,632426694;1,336083655;4,566271713;0;0;base
1902;103;2014;10;2;0;0;12;1;180,1030939;54,53311111;186695,3928;5505964,756;0;0;4,694475436;0,264739482;4,632426694;0;0;base
1903;103;2014;11;2;0;0;35,215;1;90,50986673;35,988;186695,3928;5505964,756;0;0;2,782880671;-0,731816319;4,694475436;0;0;base
1904;103;2014;12;0;0;0;35,215;1;74,80264331;31,54833333;186695,3928;5505964,756;0;0;2,782880671;-0,472399124;2,782880671;0;0;base
227;45;2014;1;14;2;1;4,564775;1;4,742754847;0,170545455;320756,3223;6594510,657;1;1;5,666862703;0,310015076;5,992457911;0;4,564775;base
228;45;2014;2;11;2;1;2,165932727;1;3,640333051;0,141727273;320756,3223;6594510,657;1;1;5,345016822;-0,080389539;5,666862703;1;2,165932727;base
229;45;2014;3;16;2;1;3,07675;1;3,682666052;0,135818182;320756,3223;6594510,657;1;1;5,446876441;0,010660357;5,345016822;1;3,07675;base
230;45;2014;4;15;2;1;7,482133333;0;2,70776094;0,172939394;320756,3223;6594510,657;1;1;5,262174908;-0,562872154;5,446876441;1;7,482133333;base
231;45;2014;5;23;2;1;7,159369565;0;2,984190538;0,196939394;320756,3223;6594510,657;1;1;5,12233034;-1,275494571;5,262174908;1;7,159369565;base
232;45;2014;6;22;2;1;2,204864545;0;63,54932507;0,327333333;320756,3223;6594510,657;1;1;5,601926213;0,403834743;5,12233034;1;2,204864545;base
233;45;2014;7;12;2;1;1,517433333;0;8,51945807;0,273090909;320756,3223;6594510,657;1;1;5,445080682;-0,809504982;5,601926213;1;1,517433333;base
234;45;2014;8;16;2;1;5,5659625;0;15,56515081;0,22630303;320756,3223;6594510,657;1;1;5,804763742;-0,468140464;5,445080682;1;5,5659625;base
235;45;2014;9;3;2;1;7,17;0;21,27357737;0,202393939;320756,3223;6594510,657;1;1;5,139797059;0,416597618;5,804763742;1;7,17;base
236;45;2014;10;11;2;1;2,283781818;1;6,712963104;0,133363636;320756,3223;6594510,657;1;1;5,356871275;0,306266167;5,139797059;1;2,283781818;base
237;45;2014;11;13;2;1;3,700846154;1;1,232375036;0,082212121;320756,3223;6594510,657;1;1;5,943226263;-0,108504431;5,356871275;1;3,700846154;base
238;45;2014;12;11;2;1;1,428727273;1;0,777389006;0,071242424;320756,3223;6594510,657;1;1;5,379129525;-0,162266311;5,943226263;1;1,428727273;base
346;47;2014;1;15;4;1;1,970262933;1;11,41134305;0,391153846;318973,2185;6494678,62;1;1;6,670600211;1,012252983;7,051408459;1;1,970262933;base
347;47;2014;2;8;3;1;1,428001586;1;5,769587833;0,348461538;318973,2185;6494678,62;1;1;5,891018441;0,74012619;6,670600211;1;1,428001586;base
348;47;2014;3;9;4;1;1,189348889;1;7,06922862;0,321;318973,2185;6494678,62;1;1;6,559476545;0,500278317;5,891018441;1;1,189348889;base
349;47;2014;4;7;4;1;2,870508571;0;0,532306386;0,257461538;318973,2185;6494678,62;1;1;6,767077052;-0,807599086;6,559476545;1;2,870508571;base
350;47;2014;5;5;3;1;2,108448;0;2,473301406;0,306692308;318973,2185;6494678,62;1;1;5,749939134;-1,267371707;6,767077052;1;2,108448;base
351;47;2014;6;2;3;1;0,611;0;77,53801725;0,476461538;318973,2185;6494678,62;1;1;6,328597055;0,401731885;5,749939134;1;0,611;base
352;47;2014;7;8;4;1;1,641755;0;6,25684902;0,375538462;318973,2185;6494678,62;1;1;6,599546937;-0,915853512;6,328597055;1;1,641755;base
353;47;2014;8;8;3;1;1,63348825;0;20,7440892;0,282846154;318973,2185;6494678,62;1;1;6,616451495;-0,449109747;6,599546937;1;1,63348825;base
354;47;2014;9;14;3;1;2,020469643;0;16,03667381;0,290307692;318973,2185;6494678,62;1;1;4,796670422;0,060189564;6,616451495;1;2,020469643;base
355;47;2014;10;10;4;1;1,04502;1;5,773198822;0,532384615;318973,2185;6494678,62;1;1;6,310362179;0,103160683;4,796670422;1;1,04502;base
356;47;2014;11;6;3;1;1,777997333;1;2,803279692;0,290769231;318973,2185;6494678,62;1;1;7,875747164;0,362795336;6,310362179;1;1,777997333;base
357;47;2014;12;6;3;1;1,09446;1;0,07005618;0,248692308;318973,2185;6494678,62;1;1;6,36675168;-0,946760772;7,875747164;1;1,09446;base
465;48;2014;1;2;5;1;0,509512938;1;0,720488263;0,002666667;279017,7907;6472141,879;1;1;7,080055038;0,119775536;9,109085121;1;0,509512938;base
466;48;2014;2;1;5;1;0,019025875;1;1,073431357;0,004;279017,7907;6472141,879;1;1;8,56712556;0,094361869;7,080055038;1;0,019025875;base
467;48;2014;3;3;5;1;1,003170979;1;2,752020419;0,003333333;279017,7907;6472141,879;1;1;8,861516208;-1,412003331;8,56712556;1;1,003170979;base
468;48;2014;4;1;5;1;0,019025875;0;0;0,01;279017,7907;6472141,879;1;1;9,260272741;0;8,861516208;1;0,019025875;base
469;48;2014;5;3;5;1;0,525367834;0;0,168215119;0,001666667;279017,7907;6472141,879;1;1;8,872734444;-2,516119264;9,260272741;1;0,525367834;base
470;48;2014;6;1;5;1;0,019025875;0;90,84056855;0,004;279017,7907;6472141,879;1;1;8,56712556;0,429648274;8,872734444;1;0,019025875;base
471;48;2014;7;1;5;1;24;0;22,45138891;0,003333333;279017,7907;6472141,879;1;1;5,673117211;-0,634600172;8,56712556;1;24;base
474;48;2014;10;4;5;1;3,387366819;1;0,57834362;0,003;279017,7907;6472141,879;1;1;10,15747146;-0,611746547;9,757632581;0;3,387366819;base
1905;44;2030;1;5;1;0;4,468741005;1;94,2571433;0,019083333;269252,0606;6645413,775;0;1;7,412551568;-0,172342197;7,275798769;1;0,019083333;SSP126
1969;44;2030;1;5;1;0;4,468741005;1;95,05714308;0,019083333;269252,0606;6645413,775;0;1;7,412551568;-0,161672329;7,275798769;1;0,019083333;SSP585
1909;51;2030;1;0;0;0;1,23;1;231,6833318;0,029133333;315654,723;6433715,872;0;0;4,413038278;-0,701425536;4,413038278;1;0;SSP126
1973;51;2030;1;0;0;0;1,23;1;232,1833344;0,029133333;315654,723;6433715,872;0;0;4,413038278;-0,698973285;4,413038278;1;0;SSP585
1910;52;2030;1;0;0;0;2,69;1;260,9285714;0,046;321601,7251;6409548,844;0;0;5,020483215;-0,560793124;5,020483215;0;0;SSP126
1974;52;2030;1;0;0;0;2,69;1;262,0428598;0,046;321601,7251;6409548,844;0;0;5,020483215;-0,555043001;5,020483215;0;0;SSP585
1911;53;2030;1;0;0;0;2,2409;1;298,199997;0,002;276406,0805;6383100,075;0;0;4,16997679;-0,445217274;4,16997679;0;0;SSP126
1975;53;2030;1;0;0;0;2,2409;1;299,25;0,002;276406,0805;6383100,075;0;0;4,16997679;-0,440010614;4,16997679;0;0;SSP585
1912;54;2030;1;0;0;0;9,882;1;317,9807669;2,930038462;344556,3868;6372956,136;0;0;4,745971899;-0,350448612;4,745971899;1;0;SSP126
1976;54;2030;1;0;0;0;9,882;1;319,2076932;2,930038462;344556,3868;6372956,136;0;0;4,745971899;-0,344770376;4,745971899;1;0;SSP585
1913;55;2030;1;0;0;0;3;1;341,4750023;13,50826087;269807,3844;6315109,157;0;0;5,266368327;0;5,266368327;0;0;SSP126
1977;55;2030;1;0;0;0;3;1;384,9875031;13,50826087;269807,3844;6315109,157;0;0;5,266368327;0;5,266368327;0;0;SSP585
1914;57;2030;1;0;0;0;20,27408786;1;425,0538459;9,985177536;351939,7258;6283636,359;0;0;4,857491491;-0,675685005;5,010130544;0;0;SSP126
1978;57;2030;1;0;0;0;20,27408786;1;426,5346134;9,985177536;351939,7258;6283636,359;0;0;4,857491491;-0,670565578;5,010130544;0;0;SSP585
1915;60;2030;1;7;0;0;9,623552226;1;580,0843165;13,39213333;323883,3901;6190201,379;0;0;4,261135822;-1,144691598;4,224144208;0;0;SSP126
1979;60;2030;1;7;0;0;9,623552226;1;594,0470569;13,39213333;323883,3901;6190201,379;0;0;4,261135822;-1,113542187;4,224144208;0;0;SSP585
1916;71;2030;1;0;0;0;20,88611111;1;667,4600037;21,34972222;309426,6977;6110482,181;0;0;3,016529498;-1,526453559;2,902076608;0;0;SSP126
1980;71;2030;1;0;0;0;20,88611111;1;700,4149963;21,34972222;309426,6977;6110482,181;0;0;3,016529498;-1,468024897;2,902076608;0;0;SSP585
1917;81;2030;1;0;0;0;6,778982292;1;1073,842859;36,87019231;236796,9474;5931893,018;0;0;2,253181163;-1,283192876;2,356054001;0;0;SSP126
1981;81;2030;1;0;0;0;6,778982292;1;1076,702375;36,87019231;236796,9474;5931893,018;0;0;2,253181163;-1,277253116;2,356054001;0;0;SSP585
1918;83;2030;1;1;0;0;22,39900217;1;1288,45281;99,38166892;238842,9699;5819516,108;0;0;3,016195279;-1,243936498;2,973848984;0;0;SSP126
1982;83;2030;1;1;0;0;22,39900217;1;1304,386518;99,38166892;238842,9699;5819516,108;0;0;3,016195279;-1,210911191;2,973848984;0;0;SSP585
1919;101;2030;1;2;0;0;17,81618454;1;1934,022237;90,65119231;196471,5747;5594635,437;0;0;4,843500941;-0,661748165;4,840823374;0;0;SSP126
1983;101;2030;1;2;0;0;17,81618454;1;1921,93612;90,65119231;196471,5747;5594635,437;0;0;4,843500941;-0,687029642;4,840823374;0;0;SSP585
1920;103;2030;1;0;0;0;13,56147436;1;1624,772127;65,88286111;186695,3928;5505964,756;0;0;4,088117765;-1,597713721;4,170719649;0;0;SSP126
1984;103;2030;1;0;0;0;13,56147436;1;1643,439345;65,88286111;186695,3928;5505964,756;0;0;4,088117765;-1,556730517;4,170719649;0;0;SSP585
1906;45;2030;1;14;2;1;4,026714687;1;134,7307688;0,177825758;320756,3223;6594510,657;1;1;5,459504664;-0,826388402;5,510615363;1;4,026714687;SSP126
1970;45;2030;1;14;2;1;4,026714687;1;135,361539;0,177825758;320756,3223;6594510,657;1;1;5,459504664;-0,822665537;5,510615363;1;4,026714687;SSP585
1907;47;2030;1;8;3;1;1,615896684;1;197,0185185;0,343480769;318973,2185;6494678,62;1;1;6,377686526;-0,551600946;1,615896684;1;1,615896684;SSP126
1971;47;2030;1;8;3;1;1,615896684;1;197,6296291;0,343480769;318973,2185;6494678,62;1;1;6,377686526;-0,548147403;1,615896684;1;1,615896684;SSP585
1908;48;2030;1;1;3;1;5,303716388;1;191,3500023;0,004027778;279017,7907;6472141,879;1;1;8,849430862;-0,663939817;8,762065334;1;5,303716388;SSP126
1972;48;2030;1;1;3;1;5,303716388;1;191,3499985;0,004027778;279017,7907;6472141,879;1;1;8,849430862;-0,663939837;8,762065334;1;5,303716388;SSP585
1921;44;2050;1;5;1;0;4,468741005;1;91,44285583;0,019083333;269252,0606;6645413,775;0;1;7,412551568;-0,209877302;7,275798769;1;0,019083333;SSP126
1985;44;2050;1;5;1;0;4,468741005;1;84,71428571;0,019083333;269252,0606;6645413,775;0;1;7,412551568;-0,299618518;7,275798769;1;0,019083333;SSP585
1925;51;2050;1;0;0;0;1,23;1;226,0166651;0,029133333;315654,723;6433715,872;0;0;4,413038278;-0,729217559;4,413038278;1;0;SSP126
1989;51;2050;1;0;0;0;1,23;1;210,5166677;0,029133333;315654,723;6433715,872;0;0;4,413038278;-0,805236903;4,413038278;1;0;SSP585
1926;52;2050;1;0;0;0;2,69;1;254,8142875;0,046;321601,7251;6409548,844;0;0;5,020483215;-0,592344995;5,020483215;0;0;SSP126
1990;52;2050;1;0;0;0;2,69;1;237,2714299;0,046;321601,7251;6409548,844;0;0;5,020483215;-0,682872354;5,020483215;0;0;SSP585
1927;53;2050;1;0;0;0;2,2409;1;290,75;0,002;276406,0805;6383100,075;0;0;4,16997679;-0,482159646;4,16997679;0;0;SSP126
1991;53;2050;1;0;0;0;2,2409;1;268,75;0,002;276406,0805;6383100,075;0;0;4,16997679;-0,59125126;4,16997679;0;0;SSP585
1928;54;2050;1;0;0;0;9,882;1;311,2884604;2,930038462;344556,3868;6372956,136;0;0;4,745971899;-0,381420718;4,745971899;1;0;SSP126
1992;54;2050;1;0;0;0;9,882;1;291,4730817;2,930038462;344556,3868;6372956,136;0;0;4,745971899;-0,473126622;4,745971899;1;0;SSP585
1929;55;2050;1;0;0;0;3;1;375,1749992;13,50826087;269807,3844;6315109,157;0;0;5,266368327;0;5,266368327;0;0;SSP126
1993;55;2050;1;0;0;0;3;1;345,8875046;13,50826087;269807,3844;6315109,157;0;0;5,266368327;0;5,266368327;0;0;SSP585
1930;57;2050;1;0;0;0;20,27408786;1;416,7461513;9,985177536;351939,7258;6283636,359;0;0;4,857491491;-0,704407021;5,010130544;0;0;SSP126
1994;57;2050;1;0;0;0;20,27408786;1;392,2403852;9,985177536;351939,7258;6283636,359;0;0;4,857491491;-0,789130286;5,010130544;0;0;SSP585
1931;60;2050;1;7;0;0;9,623552226;1;580,9627458;13,39213333;323883,3901;6190201,379;0;0;4,261135822;-1,142731914;4,224144208;0;0;SSP126
1995;60;2050;1;7;0;0;9,623552226;1;543,639217;13,39213333;323883,3901;6190201,379;0;0;4,261135822;-1,225996794;4,224144208;0;0;SSP585
1932;71;2050;1;0;0;0;20,88611111;1;685,694989;21,34972222;309426,6977;6110482,181;0;0;3,016529498;-1,494123229;2,902076608;0;0;SSP126
1996;71;2050;1;0;0;0;20,88611111;1;641,325;21,34972222;309426,6977;6110482,181;0;0;3,016529498;-1,572790492;2,902076608;0;0;SSP585
1933;81;2050;1;0;0;0;6,778982292;1;1058,569051;36,87019231;236796,9474;5931893,018;0;0;2,253181163;-1,314919492;2,356054001;0;0;SSP126
1997;81;2050;1;0;0;0;6,778982292;1;991,1119065;36,87019231;236796,9474;5931893,018;0;0;2,253181163;-1,45504086;2,356054001;0;0;SSP585
1934;83;2050;1;1;0;0;22,39900217;1;1286,23483;99,38166892;238842,9699;5819516,108;0;0;3,016195279;-1,248533637;2,973848984;0;0;SSP126
1998;83;2050;1;1;0;0;22,39900217;1;1209,396622;99,38166892;238842,9699;5819516,108;0;0;3,016195279;-1,40779383;2,973848984;0;0;SSP585
1935;101;2050;1;2;0;0;17,81618454;1;1907,838888;90,65119231;196471,5747;5594635,437;0;0;4,843500941;-0,716517927;4,840823374;0;0;SSP126
1999;101;2050;1;2;0;0;17,81618454;1;1800,908342;90,65119231;196471,5747;5594635,437;0;0;4,843500941;-0,940192924;4,840823374;0;0;SSP585
1936;103;2050;1;0;0;0;13,56147436;1;1633,386881;65,88286111;186695,3928;5505964,756;0;0;4,088117765;-1,578800339;4,170719649;0;0;SSP126
2000;103;2050;1;0;0;0;13,56147436;1;1546,350822;65,88286111;186695,3928;5505964,756;0;0;4,088117765;-1,769884867;4,170719649;0;0;SSP585
1922;45;2050;1;14;2;1;4,026714687;1;131,3846152;0,177825758;320756,3223;6594510,657;1;1;5,459504664;-0,846137715;5,510615363;1;4,026714687;SSP126
1986;45;2050;1;14;2;1;4,026714687;1;123,5846151;0,177825758;320756,3223;6594510,657;1;1;5,459504664;-0,892174048;5,510615363;1;4,026714687;SSP585
1923;47;2050;1;8;3;1;1,615896684;1;192,4333338;0,343480769;318973,2185;6494678,62;1;1;6,377686526;-0,577512999;1,615896684;1;1,615896684;SSP126
1987;47;2050;1;8;3;1;1,615896684;1;179,6481493;0,343480769;318973,2185;6494678,62;1;1;6,377686526;-0,649765353;1,615896684;1;1,615896684;SSP585
1924;48;2050;1;1;3;1;5,303716388;1;186,3999977;0,004027778;279017,7907;6472141,879;1;1;8,849430862;-0,689736521;8,762065334;1;5,303716388;SSP126
1988;48;2050;1;1;3;1;5,303716388;1;172,0750008;0,004027778;279017,7907;6472141,879;1;1;8,849430862;-0,764390532;8,762065334;1;5,303716388;SSP585
1937;44;2070;1;5;1;0;4,468741005;1;90,90000044;0,019083333;269252,0606;6645413,775;0;1;7,412551568;-0,217117548;7,275798769;1;0,019083333;SSP126
2001;44;2070;1;5;1;0;4,468741005;1;76,07142966;0,019083333;269252,0606;6645413,775;0;1;7,412551568;-0,414891214;7,275798769;1;0,019083333;SSP585
1941;51;2070;1;0;0;0;1,23;1;225,100001;0,029133333;315654,723;6433715,872;0;0;4,413038278;-0,733713315;4,413038278;1;0;SSP126
2005;51;2070;1;0;0;0;1,23;1;192,4333344;0,029133333;315654,723;6433715,872;0;0;4,413038278;-0,893926153;4,413038278;1;0;SSP585
1942;52;2070;1;0;0;0;2,69;1;253,471429;0,046;321601,7251;6409548,844;0;0;5,020483215;-0,599274621;5,020483215;0;0;SSP126
2006;52;2070;1;0;0;0;2,69;1;216,1285706;0,046;321601,7251;6409548,844;0;0;5,020483215;-0,791976998;5,020483215;0;0;SSP585
1943;53;2070;1;0;0;0;2,2409;1;288,25;0,002;276406,0805;6383100,075;0;0;4,16997679;-0,494556421;4,16997679;0;0;SSP126
2007;53;2070;1;0;0;0;2,2409;1;240,2999954;0,002;276406,0805;6383100,075;0;0;4,16997679;-0,732326573;4,16997679;0;0;SSP585
1944;54;2070;1;0;0;0;9,882;1;309,0384604;2,930038462;344556,3868;6372956,136;0;0;4,745971899;-0,391833755;4,745971899;1;0;SSP126
2008;54;2070;1;0;0;0;9,882;1;266,1384577;2,930038462;344556,3868;6372956,136;0;0;4,745971899;-0,590375685;4,745971899;1;0;SSP585
1945;55;2070;1;0;0;0;3;1;373,0000038;13,50826087;269807,3844;6315109,157;0;0;5,266368327;0;5,266368327;0;0;SSP126
2009;55;2070;1;0;0;0;3;1;311,1750031;13,50826087;269807,3844;6315109,157;0;0;5,266368327;0;5,266368327;0;0;SSP585
1946;57;2070;1;0;0;0;20,27408786;1;414,6249988;9,985177536;351939,7258;6283636,359;0;0;4,857491491;-0,711740436;5,010130544;0;0;SSP126
2010;57;2070;1;0;0;0;20,27408786;1;359,1980773;9,985177536;351939,7258;6283636,359;0;0;4,857491491;-0,903366756;5,010130544;0;0;SSP585
1947;60;2070;1;7;0;0;9,623552226;1;578,5941204;13,39213333;323883,3901;6190201,379;0;0;4,261135822;-1,148016069;4,224144208;0;0;SSP126
2011;60;2070;1;7;0;0;9,623552226;1;494,8411752;13,39213333;323883,3901;6190201,379;0;0;4,261135822;-1,334860111;4,224144208;0;0;SSP585
1948;71;2070;1;0;0;0;20,88611111;1;683,1899994;21,34972222;309426,6977;6110482,181;0;0;3,016529498;-1,498564535;2,902076608;0;0;SSP126
2012;71;2070;1;0;0;0;20,88611111;1;585,6700043;21,34972222;309426,6977;6110482,181;0;0;3,016529498;-1,671465888;2,902076608;0;0;SSP585
1949;81;2070;1;0;0;0;6,778982292;1;1054,378573;36,87019231;236796,9474;5931893,018;0;0;2,253181163;-1,323623915;2,356054001;0;0;SSP126
2013;81;2070;1;0;0;0;6,778982292;1;907,1595285;36,87019231;236796,9474;5931893,018;0;0;2,253181163;-1,629425978;2,356054001;0;0;SSP585
1950;83;2070;1;1;0;0;22,39900217;1;1279,232582;99,38166892;238842,9699;5819516,108;0;0;3,016195279;-1,263046982;2,973848984;0;0;SSP126
2014;83;2070;1;1;0;0;22,39900217;1;1112,133708;99,38166892;238842,9699;5819516,108;0;0;3,016195279;-1,609387683;2,973848984;0;0;SSP585
1951;101;2070;1;2;0;0;17,81618454;1;1900,322211;90,65119231;196471,5747;5594635,437;0;0;4,843500941;-0,732241149;4,840823374;0;0;SSP126
2015;101;2070;1;2;0;0;17,81618454;1;1667,841668;90,65119231;196471,5747;5594635,437;0;0;4,843500941;-1,218538908;4,840823374;0;0;SSP585
1952;103;2070;1;0;0;0;13,56147436;1;1628,629503;65,88286111;186695,3928;5505964,756;0;0;4,088117765;-1,589244991;4,170719649;0;0;SSP126
2016;103;2070;1;0;0;0;13,56147436;1;1437,927866;65,88286111;186695,3928;5505964,756;0;0;4,088117765;-2,007923557;4,170719649;0;0;SSP585
1938;45;2070;1;14;2;1;4,026714687;1;130,6000024;0,177825758;320756,3223;6594510,657;1;1;5,459504664;-0,850768573;5,510615363;1;4,026714687;SSP126
2002;45;2070;1;14;2;1;4,026714687;1;113,4717951;0,177825758;320756,3223;6594510,657;1;1;5,459504664;-0,951860861;5,510615363;1;4,026714687;SSP585
1939;47;2070;1;8;3;1;1,615896684;1;190,8629625;0,343480769;318973,2185;6494678,62;1;1;6,377686526;-0,58638757;1,615896684;1;1,615896684;SSP126
2003;47;2070;1;8;3;1;1,615896684;1;164,1000005;0,343480769;318973,2185;6494678,62;1;1;6,377686526;-0,737631925;1,615896684;1;1,615896684;SSP585
1940;48;2070;1;1;3;1;5,303716388;1;185,0750008;0,004027778;279017,7907;6472141,879;1;1;8,849430862;-0,696641676;8,762065334;1;5,303716388;SSP126
2004;48;2070;1;1;3;1;5,303716388;1;154,6000023;0,004027778;279017,7907;6472141,879;1;1;8,849430862;-0,855460622;8,762065334;1;5,303716388;SSP585
1953;44;2090;1;5;1;0;4,468741005;1;94,32857186;0,019083333;269252,0606;6645413,775;0;1;7,412551568;-0,17138953;7,275798769;1;0,019083333;SSP126
2017;44;2090;1;5;1;0;4,468741005;1;67,48571396;0,019083333;269252,0606;6645413,775;0;1;7,412551568;-0,52940181;7,275798769;1;0,019083333;SSP585
1957;51;2090;1;0;0;0;1,23;1;230,8166682;0,029133333;315654,723;6433715,872;0;0;4,413038278;-0,705676065;4,413038278;1;0;SSP126
2021;51;2090;1;0;0;0;1,23;1;170,6833318;0,029133333;315654,723;6433715,872;0;0;4,413038278;-1,000598489;4,413038278;1;0;SSP585
1958;52;2090;1;0;0;0;2,69;1;260,0285754;0,046;321601,7251;6409548,844;0;0;5,020483215;-0,565437422;5,020483215;0;0;SSP126
2022;52;2090;1;0;0;0;2,69;1;191,6285727;0,046;321601,7251;6409548,844;0;0;5,020483215;-0,918405666;5,020483215;0;0;SSP585
1959;53;2090;1;0;0;0;2,2409;1;297,3999939;0,002;276406,0805;6383100,075;0;0;4,16997679;-0,449184257;4,16997679;0;0;SSP126
2023;53;2090;1;0;0;0;2,2409;1;211,1500015;0,002;276406,0805;6383100,075;0;0;4,16997679;-0,87687293;4,16997679;0;0;SSP585
1960;54;2090;1;0;0;0;9,882;1;316,0807712;2,930038462;344556,3868;6372956,136;0;0;4,745971899;-0,359241823;4,745971899;1;0;SSP126
2024;54;2090;1;0;0;0;9,882;1;238,0346157;2,930038462;344556,3868;6372956,136;0;0;4,745971899;-0,720440735;4,745971899;1;0;SSP585
1961;55;2090;1;0;0;0;3;1;383,0874977;13,50826087;269807,3844;6315109,157;0;0;5,266368327;0;5,266368327;0;0;SSP126
2025;55;2090;1;0;0;0;3;1;272,9750004;13,50826087;269807,3844;6315109,157;0;0;5,266368327;0;5,266368327;0;0;SSP585
1962;57;2090;1;0;0;0;20,27408786;1;422,4288418;9,985177536;351939,7258;6283636,359;0;0;4,857491491;-0,684760375;5,010130544;0;0;SSP126
2026;57;2090;1;0;0;0;20,27408786;1;322,1826908;9,985177536;351939,7258;6283636,359;0;0;4,857491491;-1,031339267;5,010130544;0;0;SSP585
1963;60;2090;1;7;0;0;9,623552226;1;589,2725519;13,39213333;323883,3901;6190201,379;0;0;4,261135822;-1,124193607;4,224144208;0;0;SSP126
2027;60;2090;1;7;0;0;9,623552226;1;440,1098052;13,39213333;323883,3901;6190201,379;0;0;4,261135822;-1,456960061;4,224144208;0;0;SSP585
1964;71;2090;1;0;0;0;20,88611111;1;693,7450012;21,34972222;309426,6977;6110482,181;0;0;3,016529498;-1,479850689;2,902076608;0;0;SSP126
2028;71;2090;1;0;0;0;20,88611111;1;522,7849991;21,34972222;309426,6977;6110482,181;0;0;3,016529498;-1,782959971;2,902076608;0;0;SSP585
1965;81;2090;1;0;0;0;6,778982292;1;1068,066672;36,87019231;236796,9474;5931893,018;0;0;2,253181163;-1,29519112;2,356054001;0;0;SSP126
2029;81;2090;1;0;0;0;6,778982292;1;815,8452381;36,87019231;236796,9474;5931893,018;0;0;2,253181163;-1,819103194;2,356054001;0;0;SSP585
1966;83;2090;1;1;0;0;22,39900217;1;1296,268536;99,38166892;238842,9699;5819516,108;0;0;3,016195279;-1,227737083;2,973848984;0;0;SSP126
2030;83;2090;1;1;0;0;22,39900217;1;1006,971911;99,38166892;238842,9699;5819516,108;0;0;3,016195279;-1,827353309;2,973848984;0;0;SSP585
1967;101;2090;1;2;0;0;17,81618454;1;1931,202776;90,65119231;196471,5747;5594635,437;0;0;4,843500941;-0,667645852;4,840823374;0;0;SSP126
2031;101;2090;1;2;0;0;17,81618454;1;1525,39723;90,65119231;196471,5747;5594635,437;0;0;4,843500941;-1,516501095;4,840823374;0;0;SSP585
1968;103;2090;1;0;0;0;13,56147436;1;1655,524592;65,88286111;186695,3928;5505964,756;0;0;4,088117765;-1,530197793;4,170719649;0;0;SSP126
2032;103;2090;1;0;0;0;13,56147436;1;1321,69344;65,88286111;186695,3928;5505964,756;0;0;4,088117765;-2,263112048;4,170719649;0;0;SSP585
1954;45;2090;1;14;2;1;4,026714687;1;134,3769222;0,177825758;320756,3223;6594510,657;1;1;5,459504664;-0,828476838;5,510615363;1;4,026714687;SSP126
2018;45;2090;1;14;2;1;4,026714687;1;102,8487178;0,177825758;320756,3223;6594510,657;1;1;5,459504664;-1,014559261;5,510615363;1;4,026714687;SSP585
1955;47;2090;1;8;3;1;1,615896684;1;196,1629639;0,343480769;318973,2185;6494678,62;1;1;6,377686526;-0,556435904;1,615896684;1;1,615896684;SSP126
2019;47;2090;1;8;3;1;1,615896684;1;147,1851852;0,343480769;318973,2185;6494678,62;1;1;6,377686526;-0,83322188;1,615896684;1;1,615896684;SSP585
1956;48;2090;1;1;3;1;5,303716388;1;191,2500038;0,004027778;279017,7907;6472141,879;1;1;8,849430862;-0,664460954;8,762065334;1;5,303716388;SSP126
2020;48;2090;1;1;3;1;5,303716388;1;136,4750023;0,004027778;279017,7907;6472141,879;1;1;8,849430862;-0,949918161;8,762065334;1;5,303716388;SSP585
