Unnamed: 0;cuenca;year;month;n_transacciones;dec_esc;c_minera;caudal_transado;estival;pp_max;qm3_max;lon;lat;dummy_mina;dummy_escasez;log_puf_mean;spi
361;43;2005;1;0;0;0;93;1;15,17755009;2,235181818;351644,3397;6683980,629;0;0;3,94571911;-1,26522563
362;43;2005;2;0;0;0;93;1;5,513312685;2,226545455;351644,3397;6683980,629;0;0;3,94571911;-1,26522563
363;43;2005;3;0;0;0;93;1;12,59056678;2,266272727;351644,3397;6683980,629;0;0;3,94571911;-1,26522563
364;43;2005;4;0;0;0;93;0;14,31237952;2,275818182;351644,3397;6683980,629;0;0;3,94571911;-1,26522563
365;43;2005;5;1;0;1;93;0;41,22708255;2,424;351644,3397;6683980,629;1;0;3,94571911;-1,26522563
366;43;2005;6;0;0;0;77,4;0;56,1673144;2,238181818;351644,3397;6683980,629;0;0;4,005437536;-1,26522563
367;43;2005;7;0;0;0;61,8;0;2,29110257;2,224181818;351644,3397;6683980,629;0;0;4,061789752;-1,169773714
368;43;2005;8;0;0;0;46,2;0;33,5478689;1,945090909;351644,3397;6683980,629;0;0;4,115135087;-1,26522563
369;43;2005;9;0;0;0;30,6;0;22,9456293;2,178090909;351644,3397;6683980,629;0;0;4,165778238;-1,26522563
370;43;2005;10;1;0;0;15;1;0,539688417;2,711454545;351644,3397;6683980,629;0;0;4,213979812;-1,26522563
371;43;2005;11;0;0;0;56,66666667;1;0,03244106;4,304545455;351644,3397;6683980,629;0;0;3,840368263;-1,26522563
372;43;2005;12;0;0;0;98,33333333;1;0,062332232;6,369727273;351644,3397;6683980,629;0;0;3,237111817;-1,26522563
373;43;2006;1;1;0;1;140;1;13,86079334;6,773181818;351644,3397;6683980,629;1;0;1,476489883;-0,948630325
374;43;2006;2;1;0;1;0,104;1;23,01915677;6,293545455;351644,3397;6683980,629;1;0;7,383703497;-0,948630325
375;43;2006;3;0;0;0;0,104;1;0,091232515;4,939363636;351644,3397;6683980,629;0;0;7,072802258;-0,948630325
376;43;2006;4;2;0;1;0,104;0;0,946992062;3,334272727;351644,3397;6683980,629;1;0;6,619216017;-0,948630325
377;43;2006;5;1;0;1;0,208;0;19,12035183;3,781181818;351644,3397;6683980,629;1;0;6,968654946;-0,948630325
378;43;2006;6;1;0;1;0,104;0;17,03020462;4,411636364;351644,3397;6683980,629;1;0;7,371983575;-0,948630325
379;43;2006;7;1;0;1;56;0;86,14246552;4,378363636;351644,3397;6683980,629;1;0;4,076629603;-0,853334878
380;43;2006;8;0;0;0;57;0;4,685844564;4,025181818;351644,3397;6683980,629;0;0;4,002240685;-0,948630325
381;43;2006;9;0;0;0;58;0;0,64219931;3,287636364;351644,3397;6683980,629;0;0;3,921870108;-0,948630325
382;43;2006;10;0;0;0;59;1;4,356350559;3,198;351644,3397;6683980,629;0;0;3,83447111;-0,948630325
383;43;2006;11;0;0;0;60;1;0,562637696;3,239090909;351644,3397;6683980,629;0;0;3,738695586;-0,948630325
384;43;2006;12;0;0;0;61;1;0,785041505;3,375;351644,3397;6683980,629;0;0;3,632766023;-0,948630325
385;43;2007;1;0;0;0;62;1;12,34760045;3,490454545;351644,3397;6683980,629;0;0;3,514271222;-0,632140232
386;43;2007;2;0;0;0;63;1;4,60842323;3,067272727;351644,3397;6683980,629;0;0;3,379823958;-0,632140232
387;43;2007;3;0;0;0;64;1;1,063081811;2,581272727;351644,3397;6683980,629;0;0;3,22445081;-0,632140232
388;43;2007;4;2;0;1;65;0;8,796247125;2,079454545;351644,3397;6683980,629;1;0;3,040415283;-0,632140232
389;43;2007;5;0;0;0;51,4845;0;15,76615558;2,114272727;351644,3397;6683980,629;0;0;3,68954363;-0,632140232
390;43;2007;6;0;0;0;37,969;0;97,012805;2,335727273;351644,3397;6683980,629;0;0;4,079894412;-0,632140232
391;43;2007;7;0;0;0;24,4535;0;68,38674296;2,524636364;351644,3397;6683980,629;0;0;4,359932783;-0,537001201
392;43;2007;8;2;0;1;10,938;0;7,270307037;2,365272727;351644,3397;6683980,629;1;0;4,57846191;-0,632140232
393;43;2007;9;0;0;0;56,3285;0;1,13729414;2,697909091;351644,3397;6683980,629;0;0;4,515646642;-0,632140232
394;43;2007;10;0;0;0;101,719;1;0,686523182;3,585636364;351644,3397;6683980,629;0;0;4,448619573;-0,632140232
395;43;2007;11;0;0;0;147,1095;1;0,251067755;4,101545455;351644,3397;6683980,629;0;0;4,376775043;-0,632140232
396;43;2007;12;1;0;1;192,5;1;2,019378097;4,386454545;351644,3397;6683980,629;1;0;4,299366559;-0,632140232
397;43;2008;1;0;0;0;173;1;4,112638394;3,913;351644,3397;6683980,629;0;0;4,257905425;-0,315755259
398;43;2008;2;0;0;0;153,5;1;6,424524989;3,317545455;351644,3397;6683980,629;0;0;4,21465063;-0,315755259
399;43;2008;3;0;0;0;134;1;2,763048431;2,771181818;351644,3397;6683980,629;0;0;4,169439937;-0,315755259
400;43;2008;4;0;0;0;114,5;0;0,873594591;2,534363636;351644,3397;6683980,629;0;0;4,12208805;-0,315755259
401;43;2008;5;0;0;0;95;0;40,22146374;2,322090909;351644,3397;6683980,629;0;0;4,072382028;-0,315755259
402;43;2008;6;0;0;0;75,5;0;29,98851323;2,968818182;351644,3397;6683980,629;0;0;4,020075493;-0,315755259
403;43;2008;7;1;0;1;56;0;10,80982229;3,445727273;351644,3397;6683980,629;1;0;3,964881243;-0,22077259
404;43;2008;8;0;0;0;73,71428571;0;47,69691881;3,929181818;351644,3397;6683980,629;0;0;3,882837758;-0,315755259
405;43;2008;9;0;0;0;91,42857143;0;21,22298007;4,517727273;351644,3397;6683980,629;0;0;3,793456654;-0,315755259
406;43;2008;10;0;0;0;109,1428571;1;0,07222911;4,897636364;351644,3397;6683980,629;0;0;3,695295368;-0,315755259
407;43;2008;11;0;0;0;126,8571429;1;0,096704899;6,646818182;351644,3397;6683980,629;0;0;3,586439092;-0,315755259
408;43;2008;12;0;0;0;144,5714286;1;2,314081697;6,111272727;351644,3397;6683980,629;0;0;3,464269102;-0,315755259
409;43;2009;1;0;0;0;162,2857143;1;17,37324726;4,195727273;351644,3397;6683980,629;0;0;3,32506891;0,000524686
410;43;2009;2;1;0;1;180;1;7,03048682;3,394363636;351644,3397;6683980,629;1;0;3,163309495;0,000524686
411;43;2009;3;0;0;0;120,2;1;0,585863873;3,206636364;351644,3397;6683980,629;0;0;3,367239811;0,000524686
412;43;2009;4;0;0;0;60,4;0;0,001552836;2,758727273;351644,3397;6683980,629;0;0;3,536544347;0,000524686
413;43;2009;5;1;0;0;0,6;0;0,784340419;2,593545455;351644,3397;6683980,629;0;0;3,681292309;0,000524686
414;43;2009;6;1;0;1;19,50152207;0;16,77954115;2,608;351644,3397;6683980,629;1;0;5,600332554;0,000524686
415;43;2009;7;0;0;0;15,12614155;0;13,67310719;2,688;351644,3397;6683980,629;0;0;5,691073145;0,095351045
416;43;2009;8;0;0;0;10,75076104;0;21,87793799;2,507818182;351644,3397;6683980,629;0;0;5,774260515;0,000524686
417;43;2009;9;0;0;0;6,375380518;0;0,125557528;2,352545455;351644,3397;6683980,629;0;0;5,851056063;0,000524686
418;43;2009;10;2;0;0;2;1;0,001411973;2,030727273;351644,3397;6683980,629;0;0;5,922372339;0,000524686
419;43;2009;11;1;0;1;1,876;1;0,547590332;1,769090909;351644,3397;6683980,629;1;0;3,876394978;0,000524686
420;43;2009;12;0;0;0;2,540375;1;0,09730693;1,994454545;351644,3397;6683980,629;0;0;4,482210822;0,000524686
421;43;2010;1;20;0;1;3,20475;1;19,3434493;1,901;351644,3397;6683980,629;1;0;4,85678426;0,316699693
422;43;2010;2;35;0;1;5,844457143;1;2,61805875;1,875818182;351644,3397;6683980,629;1;0;4,796533425;0,316699693
423;43;2010;3;39;0;1;1,606884615;1;0,001056276;1,944727273;351644,3397;6683980,629;1;0;5,021529394;0,316699693
424;43;2010;4;24;0;1;2,198677083;0;1,399697033;1,801454545;351644,3397;6683980,629;1;0;4,702572016;0,316699693
425;43;2010;5;41;0;1;2,4819;0;47,33721735;1,635454545;351644,3397;6683980,629;1;0;5,016908256;0,316699693
426;43;2010;6;26;0;1;0,545653846;0;29,65002436;1,499272727;351644,3397;6683980,629;1;0;5,40528492;0,316699693
427;43;2010;7;27;0;1;2,394573118;0;1,914810255;1,560090909;351644,3397;6683980,629;1;0;5,403493944;0,411369796
428;43;2010;8;18;0;1;1,222513889;0;2,712651725;1,509;351644,3397;6683980,629;1;0;5,447613291;0,316699693
429;43;2010;9;22;0;1;1,435954545;0;16,28259871;1,315363636;351644,3397;6683980,629;1;0;5,50528093;0,316699693
430;43;2010;10;27;0;1;4,361148148;1;0,002017127;1,207;351644,3397;6683980,629;1;0;5,415222603;0,316699693
431;43;2010;11;34;0;1;0,874321553;1;3,288333971;1,211454545;351644,3397;6683980,629;1;0;5,619748016;0,316699693
432;43;2010;12;36;0;1;5,806897363;1;2,040913775;1,166454545;351644,3397;6683980,629;1;0;5,47249369;0,316699693
433;43;2011;1;31;0;1;1,607054839;1;4,47900174;1,307;351644,3397;6683980,629;1;0;5,480308933;0,632769855
434;43;2011;2;28;0;1;1,736071429;1;7,038682462;1,267181818;351644,3397;6683980,629;1;0;4,65614423;0,632769855
435;43;2011;3;35;0;1;4,341954286;1;6,669823868;1,160181818;351644,3397;6683980,629;1;0;5,058067781;0,632769855
436;43;2011;4;18;0;1;0,749722222;0;1,172094178;1,089909091;351644,3397;6683980,629;1;0;5,740089493;0,632769855
437;43;2011;5;29;0;1;1,781093103;0;4,019357481;1,216;351644,3397;6683980,629;1;0;4,817233798;0,632769855
438;43;2011;6;36;0;1;2,257754444;0;54,00062714;1,201818182;351644,3397;6683980,629;1;0;5,225567609;0,632769855
439;43;2011;7;30;0;1;3,72679;0;18,04765025;1,306090909;351644,3397;6683980,629;1;0;5,19456915;0,727283755
440;43;2011;8;36;0;1;6,000969444;0;13,13240859;1,221272727;351644,3397;6683980,629;1;0;4,954576945;0,632769855
441;43;2011;9;26;0;1;10,49224038;0;0,039475282;1,141818182;351644,3397;6683980,629;1;0;5,41133177;0,632769855
442;43;2011;10;30;0;1;2,035123333;1;1,775926441;0,961545455;351644,3397;6683980,629;1;0;5,687365618;0,632769855
443;43;2011;11;32;0;1;1,3521875;1;0,002360604;0,898272727;351644,3397;6683980,629;1;0;5,395938934;0,632769855
444;43;2011;12;34;0;1;24,81025882;1;6,110718897;0,898727273;351644,3397;6683980,629;1;0;5,805897981;0,632769855
445;43;2012;1;21;0;1;1,267387143;1;17,3516865;1,453454545;351644,3397;6683980,629;1;0;5,529727168;0,948735263
446;43;2012;2;28;0;1;0,830728571;1;11,58421138;1,170818182;351644,3397;6683980,629;1;0;5,377639871;0,948735263
447;43;2012;3;39;0;1;1,698752564;1;1,059964773;1,074454545;351644,3397;6683980,629;1;0;5,514153655;0,948735263
448;43;2012;4;31;0;1;2,104822742;0;11,76151276;1,117545455;351644,3397;6683980,629;1;0;4,982576056;0,948735263
449;43;2012;5;28;0;1;7,643732143;0;38,58942699;1,177272727;351644,3397;6683980,629;1;0;5,403639889;0,948735263
450;43;2012;6;33;0;1;2,76791437;0;6,323073568;1,182090909;351644,3397;6683980,629;1;0;5,120377524;0,948735263
451;43;2012;7;36;0;1;0,668185394;0;0;1,172727273;351644,3397;6683980,629;1;0;5,687061531;0
452;43;2012;8;42;0;1;1,319690476;0;25,50873129;1,068454545;351644,3397;6683980,629;1;0;5,90594106;0,948735263
453;43;2012;9;30;0;1;1,125733333;0;0,593469187;1,269545455;351644,3397;6683980,629;1;0;5,104948974;0,948735263
454;43;2012;10;43;0;1;1,197760465;1;0,219556321;1,316090909;351644,3397;6683980,629;1;0;5,626650066;0,948735263
455;43;2012;11;33;0;1;0,984140606;1;0,06248421;1,287636364;351644,3397;6683980,629;1;0;5,708476584;0,948735263
456;43;2012;12;36;0;1;0,730075;1;0,156184459;1,150181818;351644,3397;6683980,629;1;0;5,273485931;0,948735263
457;43;2013;1;41;0;1;3,157282927;1;25,20486007;1,142363636;351644,3397;6683980,629;1;0;5,428167424;1,264596008
458;43;2013;2;27;0;1;1,018042593;1;4,873138557;1,184;351644,3397;6683980,629;1;0;5,475517303;1,264596008
459;43;2013;3;38;0;1;1,377842703;1;0,071874847;1,165727273;351644,3397;6683980,629;1;0;5,19195164;1,264596008
460;43;2013;4;41;0;1;1,945988114;0;0,005231501;1,144454545;351644,3397;6683980,629;1;0;5,309825669;1,264596008
461;43;2013;5;23;0;1;0,490652174;0;42,80034389;0,922454545;351644,3397;6683980,629;1;0;5,126895819;1,264596008
462;43;2013;6;35;0;1;1,278142857;0;4,615620176;1,048636364;351644,3397;6683980,629;1;0;5,657489251;1,264596008
463;43;2013;7;43;0;1;1,42364066;0;5,290351726;0,788636364;351644,3397;6683980,629;1;0;5,451645103;1,358797661
464;43;2013;8;32;0;1;1,21890625;0;16,63598787;1,011181818;351644,3397;6683980,629;1;0;5,642089774;1,264596008
465;43;2013;9;34;0;1;1,834357647;0;3,021150836;0,968545455;351644,3397;6683980,629;1;0;5,550879951;1,264596008
466;43;2013;10;43;0;1;1,758821395;1;1,21557751;0,890272727;351644,3397;6683980,629;1;0;5,583282348;1,264596008
467;43;2013;11;32;0;1;0,959114375;1;2,975491806;1,003181818;351644,3397;6683980,629;1;0;5,858061219;1,264596008
468;43;2013;12;42;0;1;2,240422619;1;2,416733018;1,023090909;351644,3397;6683980,629;1;0;5,569527596;1,264596008
469;43;2014;1;34;2;1;4,587426471;1;9,768421483;1,305545455;351644,3397;6683980,629;1;1;5,553666565;1,58035218
470;43;2014;2;35;2;1;0,957192857;1;2,898458932;1,549454545;351644,3397;6683980,629;1;1;5,493179827;1,58035218
471;43;2014;3;38;2;1;1,936370093;1;2,357910537;1,364090909;351644,3397;6683980,629;1;1;5,90360834;1,58035218
472;43;2014;4;30;2;1;1,612196667;0;2,670277321;1,037090909;351644,3397;6683980,629;1;1;5,771446477;1,58035218
473;43;2014;5;33;2;1;1,980151515;0;2,660798781;0,757727273;351644,3397;6683980,629;1;1;5,476388453;1,58035218
474;43;2014;6;28;2;1;0,482607143;0;23,21676524;0,761636364;351644,3397;6683980,629;1;1;5,31784843;1,58035218
475;43;2014;7;33;2;1;0,837272727;0;1,552629525;0,706181818;351644,3397;6683980,629;1;1;5,432631519;1,674397789
476;43;2014;8;36;2;1;1,372;0;0,861403404;0,873545455;351644,3397;6683980,629;1;1;5,627221935;1,58035218
477;43;2014;9;16;2;1;0,762;0;16,37091243;0,830818182;351644,3397;6683980,629;1;1;5,545960928;1,58035218
478;43;2014;10;35;2;1;1,019254286;1;4,712922688;0,802727273;351644,3397;6683980,629;1;1;5,607898721;1,58035218
479;43;2014;11;18;2;1;0,909722222;1;0,461959179;0,924636364;351644,3397;6683980,629;1;1;5,761257583;1,58035218
480;43;2014;12;3;2;1;0,355233333;1;0,277035921;0,917818182;351644,3397;6683980,629;1;1;5,755171212;1,58035218
481;44;2005;1;0;0;0;0,1;1;0;0,446;269252,0606;6645413,775;0;0;4,560947102;0
482;44;2005;2;0;0;0;0,1;1;0;0,352;269252,0606;6645413,775;0;0;4,560947102;0
483;44;2005;3;0;0;0;0,1;1;1,73730083;0,274;269252,0606;6645413,775;0;0;4,560947102;0
484;44;2005;4;0;0;0;0,1;0;0;0,257;269252,0606;6645413,775;0;0;4,560947102;0
485;44;2005;5;0;0;0;0,1;0;36,4376557;0,419;269252,0606;6645413,775;0;0;4,560947102;0
486;44;2005;6;0;0;0;0,1;0;0,16542565;0,441;269252,0606;6645413,775;0;0;4,560947102;-1,169773714
487;44;2005;7;0;0;0;0,1;0;2,21945263;0,393;269252,0606;6645413,775;0;0;4,560947102;-1,169773714
488;44;2005;8;0;0;0;0,1;0;27,79208578;0,395;269252,0606;6645413,775;0;0;4,560947102;-1,184616886
489;44;2005;9;0;0;0;0,1;0;6,746267117;0,372;269252,0606;6645413,775;0;0;4,560947102;0
490;44;2005;10;0;0;0;0,1;1;2,241666094;0,372;269252,0606;6645413,775;0;0;4,560947102;0
491;44;2005;11;0;0;0;0,1;1;0,032852258;0,33;269252,0606;6645413,775;0;0;4,560947102;0
492;44;2005;12;0;0;0;0,1;1;0;0,202;269252,0606;6645413,775;0;0;4,560947102;0
493;44;2006;1;0;0;0;0,1;1;0;0,164;269252,0606;6645413,775;0;0;4,560947102;0
494;44;2006;2;0;0;0;0,1;1;0;0,125;269252,0606;6645413,775;0;0;4,560947102;0
495;44;2006;3;0;0;0;0,1;1;0;0,121;269252,0606;6645413,775;0;0;4,560947102;0
496;44;2006;4;0;0;0;0,1;0;0;0,158;269252,0606;6645413,775;0;0;4,560947102;0
497;44;2006;5;0;0;0;0,1;0;0;0,28;269252,0606;6645413,775;0;0;4,560947102;0
498;44;2006;6;0;0;0;0,1;0;25,62041796;0,343;269252,0606;6645413,775;0;0;4,560947102;-0,853334878
499;44;2006;7;0;0;0;0,1;0;51,10302426;0,447;269252,0606;6645413,775;0;0;4,560947102;-0,853334878
500;44;2006;8;0;0;0;0,1;0;0,045275715;0,378;269252,0606;6645413,775;0;0;4,560947102;-0,855274312
501;44;2006;9;0;0;0;0,1;0;0,31662887;0,351;269252,0606;6645413,775;0;0;4,560947102;0
502;44;2006;10;0;0;0;0,1;1;11,0577554;0,47;269252,0606;6645413,775;0;0;4,560947102;0
503;44;2006;11;0;0;0;0,1;1;0,014320828;0,41;269252,0606;6645413,775;0;0;4,560947102;0
504;44;2006;12;0;0;0;0,1;1;0;0,388;269252,0606;6645413,775;0;0;4,560947102;0
505;44;2007;1;0;0;0;0,1;1;0;0,183;269252,0606;6645413,775;0;0;4,560947102;0
506;44;2007;2;0;0;0;0,1;1;0;0,064;269252,0606;6645413,775;0;0;4,560947102;0
507;44;2007;3;0;0;0;0,1;1;0,80404076;0,086;269252,0606;6645413,775;0;0;4,560947102;0
508;44;2007;4;0;0;0;0,1;0;0;0;269252,0606;6645413,775;0;0;4,560947102;0
509;44;2007;5;0;0;0;0,1;0;4,074451732;0,238;269252,0606;6645413,775;0;0;4,560947102;0
510;44;2007;6;0;0;0;0,1;0;26,78418272;0,552;269252,0606;6645413,775;0;0;4,560947102;-0,537001201
511;44;2007;7;0;0;0;0,1;0;2,68987813;0,538;269252,0606;6645413,775;0;0;4,560947102;-0,537001201
512;44;2007;8;0;0;0;0,1;0;15,07670342;0,873;269252,0606;6645413,775;0;0;4,560947102;-0,526041184
513;44;2007;9;0;0;0;0,1;0;0;0,382;269252,0606;6645413,775;0;0;4,560947102;0
514;44;2007;10;0;0;0;0,1;1;0,44244402;0,33;269252,0606;6645413,775;0;0;4,560947102;0
515;44;2007;11;0;0;0;0,1;1;0,08550538;0,507;269252,0606;6645413,775;0;0;4,560947102;0
516;44;2007;12;0;0;0;0,1;1;0;0,407;269252,0606;6645413,775;0;0;4,560947102;0
517;44;2008;1;0;0;0;0,1;1;0;0,248;269252,0606;6645413,775;0;0;4,560947102;0
518;44;2008;2;0;0;0;0,1;1;0;0,149;269252,0606;6645413,775;0;0;4,560947102;0
519;44;2008;3;0;0;0;0,1;1;0,718882972;0,156;269252,0606;6645413,775;0;0;4,560947102;0
520;44;2008;4;0;0;0;0,1;0;0,11563803;0;269252,0606;6645413,775;0;0;4,560947102;0
521;44;2008;5;0;0;0;0,1;0;20,62686363;0,519;269252,0606;6645413,775;0;0;4,560947102;0
522;44;2008;6;0;0;0;0,1;0;12,71575;0,714;269252,0606;6645413,775;0;0;4,560947102;-0,22077259
523;44;2008;7;0;0;0;0,1;0;30,3712995;1,474;269252,0606;6645413,775;0;0;4,560947102;-0,22077259
524;44;2008;8;0;0;0;0,1;0;42,4306732;0,874;269252,0606;6645413,775;0;0;4,560947102;-0,196917407
525;44;2008;9;0;0;0;0,1;0;5,17463263;0,658;269252,0606;6645413,775;0;0;4,560947102;0
526;44;2008;10;0;0;0;0,1;1;0,007814823;0,602;269252,0606;6645413,775;0;0;4,560947102;0
527;44;2008;11;0;0;0;0,1;1;3,3703288;0,528;269252,0606;6645413,775;0;0;4,560947102;0
528;44;2008;12;0;0;0;0,1;1;0;0,35;269252,0606;6645413,775;0;0;4,560947102;0
529;44;2009;1;0;0;0;0,1;1;0;0,368;269252,0606;6645413,775;0;0;4,560947102;0
530;44;2009;2;0;0;0;0,1;1;0;0,244;269252,0606;6645413,775;0;0;4,560947102;0
531;44;2009;3;0;0;0;0,1;1;0;0,392;269252,0606;6645413,775;0;0;4,560947102;0
532;44;2009;4;0;0;0;0,1;0;0;0,47;269252,0606;6645413,775;0;0;4,560947102;0
533;44;2009;5;0;0;0;0,1;0;7,69659669;0,463;269252,0606;6645413,775;0;0;4,560947102;0
534;44;2009;6;0;0;0;0,1;0;22,569339;0,593;269252,0606;6645413,775;0;0;4,560947102;0,095351045
535;44;2009;7;0;0;0;0,1;0;7,4570386;0,548;269252,0606;6645413,775;0;0;4,560947102;0,095351045
536;44;2009;8;0;0;0;0,1;0;40,7926031;0,851;269252,0606;6645413,775;0;0;4,560947102;0,132097115
537;44;2009;9;0;0;0;0,1;0;0,071093747;0,376;269252,0606;6645413,775;0;0;4,560947102;0
538;44;2009;10;0;0;0;0,1;1;0;0,127;269252,0606;6645413,775;0;0;4,560947102;0
539;44;2009;11;0;0;0;0,1;1;0;0,085;269252,0606;6645413,775;0;0;4,560947102;0
540;44;2009;12;0;0;0;0,1;1;0;0,067;269252,0606;6645413,775;0;0;4,560947102;0
541;44;2010;1;1;0;0;0,1;1;0;0,054;269252,0606;6645413,775;0;0;4,560947102;0
542;44;2010;2;2;0;0;0,1125;1;0;0,035;269252,0606;6645413,775;0;0;6,983572175;0
543;44;2010;3;3;0;0;32,00166667;1;0;0,023;269252,0606;6645413,775;0;0;6,596845103;0
544;44;2010;4;5;0;0;0,04;0;0;0,019;269252,0606;6645413,775;0;0;7,340254763;0
545;44;2010;5;6;0;0;0,710649667;0;85,83055096;0,018;269252,0606;6645413,775;0;0;6,622902911;0
546;44;2010;6;3;0;0;2,608333333;0;35,20243878;0,112;269252,0606;6645413,775;0;0;6,787780401;0,411369796
547;44;2010;7;3;0;0;0,025;0;4,952213784;0;269252,0606;6645413,775;0;0;7,826262209;0,411369796
548;44;2010;8;5;0;0;22,6694;0;17,0243559;0,36;269252,0606;6645413,775;0;0;6,692076291;0,461002477
549;44;2010;9;8;0;0;4,590625;0;12,5144345;0,182;269252,0606;6645413,775;0;0;6,914020104;0
550;44;2010;10;2;0;0;5,55;1;0;0,073;269252,0606;6645413,775;0;0;5,725748036;0
551;44;2010;11;1;0;0;0,1;1;0,98353048;0,043;269252,0606;6645413,775;0;0;6,145732434;0
552;44;2010;12;0;0;0;0,344364754;1;0;0,027;269252,0606;6645413,775;0;0;6,646107252;0
553;44;2011;1;8;0;0;0,588729508;1;0;0;269252,0606;6645413,775;0;0;6,97806692;0
554;44;2011;2;1;0;0;0,025;1;0;0;269252,0606;6645413,775;0;0;7,527329094;0
555;44;2011;3;5;0;0;0,1304552;1;0;0;269252,0606;6645413,775;0;0;5,694569211;0
556;44;2011;4;4;0;0;16,2;0;0,32902537;0;269252,0606;6645413,775;0;0;5,928579856;0
557;44;2011;5;2;0;0;0,1;0;0;0;269252,0606;6645413,775;0;0;5,842858571;0
558;44;2011;6;9;0;0;0,155981785;0;81,7232821;0,507;269252,0606;6645413,775;0;0;6,507341955;0,727283755
559;44;2011;7;3;0;0;3,4;0;25,84781062;0,394;269252,0606;6645413,775;0;0;5,858058418;0,727283755
560;44;2011;8;7;0;0;8,95;0;6,140162065;0,17;269252,0606;6645413,775;0;0;6,454321176;0,789798773
561;44;2011;9;6;0;0;1,704166667;0;0;0,034;269252,0606;6645413,775;0;0;7,423880544;0
562;44;2011;10;7;0;0;8,975;1;15,84936622;0;269252,0606;6645413,775;0;0;6,506027752;0
563;44;2011;11;12;0;0;4,739076818;1;0;0;269252,0606;6645413,775;0;0;6,605819969;0
564;44;2011;12;6;0;0;0,295833333;1;0;0,001;269252,0606;6645413,775;0;0;6,975151054;0
565;44;2012;1;6;0;0;0,283333333;1;0;0,001;269252,0606;6645413,775;0;0;7,006322854;0
566;44;2012;2;1;0;0;0,2;1;0;0,015;269252,0606;6645413,775;0;0;6,098755814;0
567;44;2012;3;2;0;0;0,217418033;1;0;0,002;269252,0606;6645413,775;0;0;6,82988213;0
568;44;2012;4;2;0;0;0,021875;0;6,5889346;0,02;269252,0606;6645413,775;0;0;7,63345274;0
569;44;2012;5;9;0;0;15,97564829;0;8,6824065;0,009;269252,0606;6645413,775;0;0;7,062819673;0
570;44;2012;6;4;0;0;0,065625;0;0;0,009;269252,0606;6645413,775;0;0;7,45642153;0
571;44;2012;7;3;0;0;37,50625;0;0;0,017;269252,0606;6645413,775;0;0;6,750576737;0
572;44;2012;8;4;0;0;19,5140625;0;14,70015542;0,049;269252,0606;6645413,775;0;0;7,119098078;1,118486099
573;44;2012;9;5;0;0;0,0525;0;2,478018;0,069;269252,0606;6645413,775;0;0;7,267590138;0
574;44;2012;10;7;0;0;1,591071429;1;1,363667273;0,05;269252,0606;6645413,775;0;0;6,763370413;0
575;44;2012;11;10;0;0;2,273375;1;0,030792179;0,03;269252,0606;6645413,775;0;0;6,481514928;0
576;44;2012;12;5;0;0;0,85;1;0,03946611;0,004;269252,0606;6645413,775;0;0;6,7148461;0
577;44;2013;1;4;0;0;0,155375;1;0;0;269252,0606;6645413,775;0;0;7,73861021;0
578;44;2013;2;1;0;0;0,08;1;0;0;269252,0606;6645413,775;0;0;5,1020631;0
579;44;2013;3;7;0;0;0,15625;1;0;0;269252,0606;6645413,775;0;0;6,655370693;0
580;44;2013;4;5;0;0;0,06875;0;0;0,025;269252,0606;6645413,775;0;0;6,982744376;0
581;44;2013;5;1;0;0;0,025;0;39,88529798;0,04;269252,0606;6645413,775;0;0;7,464979616;0
582;44;2013;6;3;0;0;1,066666667;0;1,4339595;0,04;269252,0606;6645413,775;0;0;5,975462655;1,358797661
583;44;2013;7;2;0;0;0,15;0;19,4050177;0,054;269252,0606;6645413,775;0;0;5,793461706;1,358797661
584;44;2013;8;4;0;0;0,284375;0;0;0,023;269252,0606;6645413,775;0;0;7,288341419;0
585;44;2013;9;2;0;0;1,009375;0;0,10041462;0,017;269252,0606;6645413,775;0;0;7,108464306;0
586;44;2013;10;4;0;0;0,30625;1;0,006980133;0,009;269252,0606;6645413,775;0;0;6,748495055;0
587;44;2013;11;5;0;0;2,68815;1;0,048429861;0,009;269252,0606;6645413,775;0;0;6,980337613;0
588;44;2013;12;5;0;0;2,7844;1;0;0,009;269252,0606;6645413,775;0;0;6,565763;0
589;44;2014;1;5;1;0;3,1044;1;0;0,009;269252,0606;6645413,775;0;1;7,821845195;0
590;44;2014;2;1;1;0;1;1;0;0,009;269252,0606;6645413,775;0;1;5,361574576;0
591;44;2014;3;3;1;0;33,43333333;1;1,9104908;0,009;269252,0606;6645413,775;0;1;6,606784068;0
592;44;2014;4;3;1;0;3,894833333;0;0;0,009;269252,0606;6645413,775;0;1;8,213614382;0
593;44;2014;5;3;1;0;0,10775;0;0,402082347;0,009;269252,0606;6645413,775;0;1;8,292333866;0
594;44;2014;6;5;1;0;0,755;0;34,62978052;0,041;269252,0606;6645413,775;0;1;7,096030697;1,674397789
595;44;2014;7;2;1;0;2,50225;0;5,911741632;0,066;269252,0606;6645413,775;0;1;8,459954537;1,674397789
596;44;2014;8;3;1;0;0,1;0;2,57905129;0,069;269252,0606;6645413,775;0;1;6,028674643;1,775534219
597;44;2014;9;9;1;0;7,981111111;0;15,1244724;0,002;269252,0606;6645413,775;0;1;7,263299587;0
598;44;2014;10;1;1;0;0,005;1;0,017982774;0,002;269252,0606;6645413,775;0;1;8,323911912;0
599;44;2014;11;7;1;0;0,721214286;1;0;0,002;269252,0606;6645413,775;0;1;8,070043783;0
600;44;2014;12;1;1;0;0,02;1;0;0,002;269252,0606;6645413,775;0;1;6,566108697;0
601;45;2005;1;0;0;0;4,1;1;5,41260258;0,27130303;320756,3223;6594510,657;0;0;4,910546583;-1,26522563
602;45;2005;2;0;0;0;4,1;1;1,242798243;0,224787879;320756,3223;6594510,657;0;0;4,910546583;-1,26522563
603;45;2005;3;0;0;0;4,1;1;35,34997552;0,264818182;320756,3223;6594510,657;0;0;4,910546583;-1,182092235
604;45;2005;4;0;0;0;4,1;0;10,85628744;0,257909091;320756,3223;6594510,657;0;0;4,910546583;-1,26522563
605;45;2005;5;0;0;0;4,1;0;71,00194827;0,728939394;320756,3223;6594510,657;0;0;4,910546583;-1,26522563
606;45;2005;6;2;0;1;4,1;0;84,34929817;0,993787879;320756,3223;6594510,657;1;0;4,910546583;-1,26522563
607;45;2005;7;0;0;0;4,720833333;0;10,32831849;0,794272727;320756,3223;6594510,657;0;0;4,871162686;-1,26522563
608;45;2005;8;0;0;0;5,341666667;0;76,1756241;0,837393939;320756,3223;6594510,657;0;0;4,830163879;-1,26522563
609;45;2005;9;0;0;0;5,9625;0;29,78750122;1,644909091;320756,3223;6594510,657;0;0;4,787412041;-1,26522563
610;45;2005;10;0;0;0;6,583333333;1;13,34663362;2,129454545;320756,3223;6594510,657;0;0;4,742750539;-1,26522563
611;45;2005;11;0;0;0;7,204166667;1;0,601442281;3,739666667;320756,3223;6594510,657;0;0;4,696000757;-1,26522563
612;45;2005;12;0;0;0;7,825;1;0,004236537;2,623848485;320756,3223;6594510,657;0;0;4,64695779;-1,26522563
613;45;2006;1;0;0;0;8,445833333;1;4,105718373;1,281181818;320756,3223;6594510,657;0;0;4,595385007;-0,948630325
614;45;2006;2;0;0;0;9,066666667;1;10,47295338;0,825454545;320756,3223;6594510,657;0;0;4,541007151;-0,948630325
615;45;2006;3;0;0;0;9,6875;1;0,839476249;0,663272727;320756,3223;6594510,657;0;0;4,483501443;-0,878705157
616;45;2006;4;0;0;0;10,30833333;0;1,455409043;0,617454545;320756,3223;6594510,657;0;0;4,422485971;-0,948630325
617;45;2006;5;0;0;0;10,92916667;0;6,845709957;0,668515152;320756,3223;6594510,657;0;0;4,357504302;-0,948630325
618;45;2006;6;0;0;0;11,55;0;43,74788708;0,790121212;320756,3223;6594510,657;0;0;4,288004735;-0,948630325
619;45;2006;7;0;0;0;12,17083333;0;164,0056237;1,189060606;320756,3223;6594510,657;0;0;4,213311795;-0,948630325
620;45;2006;8;0;0;0;12,79166667;0;4,150886692;1,061757576;320756,3223;6594510,657;0;0;4,132586192;-0,948630325
621;45;2006;9;0;0;0;13,4125;0;0,291981196;0,87030303;320756,3223;6594510,657;0;0;4,044767155;-0,948630325
622;45;2006;10;0;0;0;14,03333333;1;19,26787946;1,094242424;320756,3223;6594510,657;0;0;3,948486921;-0,948630325
623;45;2006;11;0;0;0;14,65416667;1;2,323713009;0,901636364;320756,3223;6594510,657;0;0;3,841939505;-0,948630325
624;45;2006;12;0;0;0;15,275;1;0,752592105;0,50830303;320756,3223;6594510,657;0;0;3,72267086;-0,948630325
625;45;2007;1;0;0;0;15,89583333;1;7,505552275;0,332545455;320756,3223;6594510,657;0;0;3,587226149;-0,632140232
626;45;2007;2;0;0;0;16,51666667;1;10,27212875;0,276878788;320756,3223;6594510,657;0;0;3,430518671;-0,632140232
627;45;2007;3;0;0;0;17,1375;1;12,37618647;0,270181818;320756,3223;6594510,657;0;0;3,244606578;-0,5754189
628;45;2007;4;0;0;0;17,75833333;0;13,41161706;0,346727273;320756,3223;6594510,657;0;0;3,016052934;-0,632140232
629;45;2007;5;0;0;0;18,37916667;0;24,8955192;0,448787879;320756,3223;6594510,657;0;0;2,719288484;-0,632140232
630;45;2007;6;1;0;1;19;0;98,44703609;0,746636364;320756,3223;6594510,657;1;0;2,295407343;-0,632140232
631;45;2007;7;0;0;0;18,69230769;0;48,76417312;0,711606061;320756,3223;6594510,657;0;0;2,344034242;-0,632140232
632;45;2007;8;0;0;0;18,38461538;0;18,69103489;0,616757576;320756,3223;6594510,657;0;0;2,390405812;-0,632140232
633;45;2007;9;0;0;0;18,07692308;0;0,345152119;0,728030303;320756,3223;6594510,657;0;0;2,434722018;-0,632140232
634;45;2007;10;0;0;0;17,76923077;1;4,172447986;1,087333333;320756,3223;6594510,657;0;0;2,477157356;-0,632140232
635;45;2007;11;0;0;0;17,46153846;1;3,205868475;1,006242424;320756,3223;6594510,657;0;0;2,517865002;-0,632140232
636;45;2007;12;0;0;0;17,15384615;1;1,707401425;0,582060606;320756,3223;6594510,657;0;0;2,556980152;-0,632140232
637;45;2008;1;0;0;0;16,84615385;1;3,284625668;0,256424242;320756,3223;6594510,657;0;0;2,594622726;-0,315755259
638;45;2008;2;0;0;0;16,53846154;1;3,168826768;0,299969697;320756,3223;6594510,657;0;0;2,63089959;-0,315755259
639;45;2008;3;0;0;0;16,23076923;1;12,25195045;0,317606061;320756,3223;6594510,657;0;0;2,665906382;-0,272233378
640;45;2008;4;0;0;0;15,92307692;0;4,590104164;0,361333333;320756,3223;6594510,657;0;0;2,699729036;-0,315755259
641;45;2008;5;0;0;0;15,61538462;0;79,67464191;0,436393939;320756,3223;6594510,657;0;0;2,732445045;-0,315755259
642;45;2008;6;0;0;0;15,30769231;0;53,28200314;0,801212121;320756,3223;6594510,657;0;0;2,764124538;-0,315755259
643;45;2008;7;1;0;1;15;0;28,23609729;0,795181818;320756,3223;6594510,657;1;0;2,794831181;-0,315755259
644;45;2008;8;0;0;0;15;0;114,3481871;1,535545455;320756,3223;6594510,657;0;0;3,074376739;-0,315755259
645;45;2008;9;0;0;0;15;0;17,49568895;1,394424242;320756,3223;6594510,657;0;0;3,292606414;-0,315755259
646;45;2008;10;0;0;0;15;1;0,739638341;2,211515152;320756,3223;6594510,657;0;0;3,471638586;-0,315755259
647;45;2008;11;1;0;1;15;1;1,047719099;3,084030303;320756,3223;6594510,657;1;0;3,623433064;-0,315755259
648;45;2008;12;0;0;0;14,27138705;1;1,105705963;1,079121212;320756,3223;6594510,657;0;0;3,983900706;-0,315755259
649;45;2009;1;0;0;0;13,5427741;1;4,700205793;0,659909091;320756,3223;6594510,657;0;0;4,248301251;0,000524686
650;45;2009;2;0;0;0;12,81416114;1;4,652376062;0,453606061;320756,3223;6594510,657;0;0;4,457211188;0,000524686
651;45;2009;3;0;0;0;12,08554819;1;1,201393133;0,418484848;320756,3223;6594510,657;0;0;4,629929855;0,030851498
652;45;2009;4;0;0;0;11,35693524;0;0,054345181;0,406424242;320756,3223;6594510,657;0;0;4,777164426;0,000524686
653;45;2009;5;0;0;0;10,62832229;0;5,723720591;0,518333333;320756,3223;6594510,657;0;0;4,905477166;0,000524686
654;45;2009;6;0;0;0;9,899709333;0;44,93304209;0,628454545;320756,3223;6594510,657;0;0;5,019182336;0,000524686
655;45;2009;7;0;0;0;9,171096381;0;20,323478;0,806848485;320756,3223;6594510,657;0;0;5,121268544;0,000524686
656;45;2009;8;0;0;0;8,442483429;0;53,80139737;0,96930303;320756,3223;6594510,657;0;0;5,213891747;0,000524686
657;45;2009;9;0;0;0;7,713870476;0;6,549478286;0,863787879;320756,3223;6594510,657;0;0;5,298658449;0,000524686
658;45;2009;10;0;0;0;6,985257524;1;0,202036759;0,676090909;320756,3223;6594510,657;0;0;5,376797873;0,000524686
659;45;2009;11;0;0;0;6,256644571;1;1,224326778;0,741242424;320756,3223;6594510,657;0;0;5,44927157;0,000524686
660;45;2009;12;0;0;0;5,528031619;1;0,023841955;0,428454545;320756,3223;6594510,657;0;0;5,516845907;0,000524686
661;45;2010;1;18;0;1;4,799418667;1;5,716933867;0,285363636;320756,3223;6594510,657;1;0;5,580141557;0,316699693
662;45;2010;2;21;0;1;3,10637619;1;3,576226364;0,258606061;320756,3223;6594510,657;1;0;6,049103768;0,316699693
663;45;2010;3;20;0;1;2,09224;1;0;0,240545455;320756,3223;6594510,657;1;0;6,16634133;0
664;45;2010;4;19;0;1;6,710491789;0;3,848659368;0,308060606;320756,3223;6594510,657;1;0;5,588340743;0,316699693
665;45;2010;5;29;0;1;2,928650345;0;73,06239051;0,509515152;320756,3223;6594510,657;1;0;5,853303971;0,316699693
666;45;2010;6;24;0;1;1,7073375;0;61,19012703;0,897757576;320756,3223;6594510,657;1;0;5,918719103;0,316699693
667;45;2010;7;23;0;1;3,09896;0;19,76570429;0,564878788;320756,3223;6594510,657;1;0;5,786317502;0,316699693
668;45;2010;8;30;0;1;7,289175;0;10,70893286;0,41030303;320756,3223;6594510,657;1;0;5,704415159;0,316699693
669;45;2010;9;20;0;1;2,530675;0;29,20984671;0,58630303;320756,3223;6594510,657;1;0;5,639512015;0,316699693
670;45;2010;10;33;0;1;2,011975758;1;2,860312989;0,472909091;320756,3223;6594510,657;1;0;5,679993939;0,316699693
671;45;2010;11;21;0;1;1,2438946;1;12,38625712;0,286393939;320756,3223;6594510,657;1;0;5,836576015;0,316699693
672;45;2010;12;25;0;1;3,139756;1;0,673900464;0,216333333;320756,3223;6594510,657;1;0;5,865626967;0,316699693
673;45;2011;1;18;0;1;4,28569;1;1,425978469;0,172575758;320756,3223;6594510,657;1;0;5,747871078;0,632769855
674;45;2011;2;22;0;1;1,567174545;1;6,700446356;0,157848485;320756,3223;6594510,657;1;0;5,646996999;0,632769855
675;45;2011;3;20;0;1;2,387545;1;1,373081031;0,142090909;320756,3223;6594510,657;1;0;5,908100223;0,636719663
676;45;2011;4;15;0;1;5,864954667;0;2,7318347;0,166484848;320756,3223;6594510,657;1;0;6,421296022;0,632769855
677;45;2011;5;23;0;1;6,655036957;0;3,280302151;0,224060606;320756,3223;6594510,657;1;0;5,900522976;0,632769855
678;45;2011;6;23;0;1;4,205252174;0;133,7777236;1,621818182;320756,3223;6594510,657;1;0;5,913027202;0,632769855
679;45;2011;7;20;0;1;12,95349;0;38,55096731;0,619545455;320756,3223;6594510,657;1;0;5,423669484;0,632769855
680;45;2011;8;32;0;1;5,054621875;0;28,54792582;0,625424242;320756,3223;6594510,657;1;0;5,424581398;0,632769855
681;45;2011;9;13;0;1;0,860953846;0;0,0141291;0,709939394;320756,3223;6594510,657;1;0;5,873112892;0,632769855
682;45;2011;10;22;0;1;2,601681091;1;5,977775607;0,898666667;320756,3223;6594510,657;1;0;5,877799575;0,632769855
683;45;2011;11;14;0;1;1,387696929;1;0,333698345;0,573272727;320756,3223;6594510,657;1;0;5,590693333;0,632769855
684;45;2011;12;18;0;1;4,368755556;1;1,422698833;0,22630303;320756,3223;6594510,657;1;0;5,977865434;0,632769855
685;45;2012;1;18;0;1;4,162026889;1;9,104958756;0,211333333;320756,3223;6594510,657;1;0;5,805548712;0,948735263
686;45;2012;2;20;0;1;2,183345;1;6,736457218;0,180545455;320756,3223;6594510,657;1;0;4,991692991;0,948735263
687;45;2012;3;20;0;1;3,985765;1;0,000539385;0,176848485;320756,3223;6594510,657;1;0;5,423866181;0,939503126
688;45;2012;4;15;0;1;2,57243;0;24,39967082;0,236969697;320756,3223;6594510,657;1;0;6,207078703;0,948735263
689;45;2012;5;20;0;1;19,5775326;0;32,96825384;0,327090909;320756,3223;6594510,657;1;0;6,191089525;0,948735263
690;45;2012;6;28;0;1;3,672427143;0;25,5594796;0,359878788;320756,3223;6594510,657;1;0;5,893401311;0,948735263
691;45;2012;7;17;0;1;1,530848824;0;0,310710251;0,331242424;320756,3223;6594510,657;1;0;5,677721542;0,948735263
692;45;2012;8;37;0;1;4,724858162;0;42,18991138;0,390727273;320756,3223;6594510,657;1;0;5,622928604;0,948735263
693;45;2012;9;24;0;1;2,2314125;0;2,275807507;0,39069697;320756,3223;6594510,657;1;0;5,519754312;0,948735263
694;45;2012;10;21;0;1;12,48783929;1;7,181975736;0,256878788;320756,3223;6594510,657;1;0;5,398434677;0,948735263
695;45;2012;11;19;0;1;5,211852;1;1,121136652;0,203939394;320756,3223;6594510,657;1;0;6,032792093;0,948735263
696;45;2012;12;12;0;1;2,091616667;1;2,36516416;0,160575758;320756,3223;6594510,657;1;0;5,476182885;0,948735263
697;45;2013;1;16;0;1;6,8998925;1;18,92871246;0,151060606;320756,3223;6594510,657;1;0;5,58555457;1,264596008
698;45;2013;2;9;0;1;1,904;1;4,878989471;0,146727273;320756,3223;6594510,657;1;0;5,599182456;1,264596008
699;45;2013;3;13;0;1;1,948615385;1;0,007087634;0,133666667;320756,3223;6594510,657;1;0;5,812751371;1,242186292
700;45;2013;4;14;0;1;3,984192857;0;0,993326183;0,137272727;320756,3223;6594510,657;1;0;5,931653485;1,264596008
701;45;2013;5;11;0;1;3,064145455;0;78,51664016;0,309272727;320756,3223;6594510,657;1;0;6,556533858;1,264596008
702;45;2013;6;18;0;1;4,2561;0;14,23424096;0,463727273;320756,3223;6594510,657;1;0;5,607464503;1,264596008
703;45;2013;7;12;0;1;2,270633333;0;11,64394466;0,352;320756,3223;6594510,657;1;0;6,256131229;1,264596008
704;45;2013;8;27;0;1;5,181513667;0;17,12469209;0,324606061;320756,3223;6594510,657;1;0;5,440308871;1,264596008
705;45;2013;9;24;0;1;3,763869167;0;4,959338365;0,417060606;320756,3223;6594510,657;1;0;6,032148904;1,264596008
706;45;2013;10;19;0;1;7,206368421;1;4,731389675;0,356333333;320756,3223;6594510,657;1;0;5,556481379;1,264596008
707;45;2013;11;14;0;1;3,256386171;1;11,11941153;0,342181818;320756,3223;6594510,657;1;0;6,212677042;1,264596008
708;45;2013;12;13;0;1;2,851388462;1;0,846288759;0,211878788;320756,3223;6594510,657;1;0;5,992457911;1,264596008
709;45;2014;1;14;2;1;4,564775;1;4,742754847;0,170545455;320756,3223;6594510,657;1;1;5,666862703;1,58035218
710;45;2014;2;11;2;1;2,165932727;1;3,640333051;0,141727273;320756,3223;6594510,657;1;1;5,345016822;1,58035218
711;45;2014;3;16;2;1;3,07675;1;3,682666052;0,135818182;320756,3223;6594510,657;1;1;5,446876441;1,54476925
712;45;2014;4;15;2;1;7,482133333;0;2,70776094;0,172939394;320756,3223;6594510,657;1;1;5,262174908;1,58035218
713;45;2014;5;23;2;1;7,159369565;0;2,984190538;0,196939394;320756,3223;6594510,657;1;1;5,12233034;1,58035218
714;45;2014;6;22;2;1;2,204864545;0;63,54932507;0,327333333;320756,3223;6594510,657;1;1;5,601926213;1,58035218
715;45;2014;7;12;2;1;1,517433333;0;8,51945807;0,273090909;320756,3223;6594510,657;1;1;5,445080682;1,58035218
716;45;2014;8;16;2;1;5,5659625;0;15,56515081;0,22630303;320756,3223;6594510,657;1;1;5,804763742;1,58035218
717;45;2014;9;3;2;1;7,17;0;21,27357737;0,202393939;320756,3223;6594510,657;1;1;5,139797059;1,58035218
718;45;2014;10;11;2;1;2,283781818;1;6,712963104;0,133363636;320756,3223;6594510,657;1;1;5,356871275;1,58035218
719;45;2014;11;13;2;1;3,700846154;1;1,232375036;0,082212121;320756,3223;6594510,657;1;1;5,943226263;1,58035218
720;45;2014;12;11;2;1;1,428727273;1;0,777389006;0,071242424;320756,3223;6594510,657;1;1;5,379129525;1,58035218
721;47;2005;1;0;0;0;1,0102156;1;10,53436685;0,870692308;318973,2185;6494678,62;0;0;5,379284593;-1,26522563
722;47;2005;2;0;0;0;1,0102156;1;0,02052736;0,549230769;318973,2185;6494678,62;0;0;5,379284593;-1,26522563
723;47;2005;3;0;0;0;1,0102156;1;29,14720746;0,618;318973,2185;6494678,62;0;0;5,379284593;-1,182092235
724;47;2005;4;0;0;0;1,0102156;0;6,672504657;0,649153846;318973,2185;6494678,62;0;0;5,379284593;-1,206295294
725;47;2005;5;0;0;0;1,0102156;0;53,54616871;1,548384615;318973,2185;6494678,62;0;0;5,379284593;-1,26522563
726;47;2005;6;0;0;0;1,0102156;0;124,0966765;3,499230769;318973,2185;6494678,62;0;0;5,379284593;-1,26522563
727;47;2005;7;0;0;0;1,0102156;0;11,76392595;2,489384615;318973,2185;6494678,62;0;0;5,379284593;-1,26522563
728;47;2005;8;0;0;0;1,0102156;0;127,1898377;3,146846154;318973,2185;6494678,62;0;0;5,379284593;-1,26522563
729;47;2005;9;0;0;0;1,0102156;0;30,25616509;5,708923077;318973,2185;6494678,62;0;0;5,379284593;-1,26522563
730;47;2005;10;0;0;0;1,0102156;1;11,45295708;9,408769231;318973,2185;6494678,62;0;0;5,379284593;-1,26522563
731;47;2005;11;0;0;0;1,0102156;1;4,302867364;22,94084615;318973,2185;6494678,62;0;0;5,379284593;-1,359401611
732;47;2005;12;0;0;0;1,0102156;1;0,00010082;17,89907692;318973,2185;6494678,62;0;0;5,379284593;0
733;47;2006;1;0;0;0;1,0102156;1;9,372605944;5,685615385;318973,2185;6494678,62;0;0;5,379284593;-0,948630325
734;47;2006;2;0;0;0;1,0102156;1;3,435895411;2,545846154;318973,2185;6494678,62;0;0;5,379284593;-0,948630325
735;47;2006;3;0;0;0;1,0102156;1;0,051369856;1,734692308;318973,2185;6494678,62;0;0;5,379284593;-0,878705157
736;47;2006;4;0;0;0;1,0102156;0;0,436685916;1,418;318973,2185;6494678,62;0;0;5,379284593;-0,904433511
737;47;2006;5;0;0;0;1,0102156;0;1,756127276;1,458076923;318973,2185;6494678,62;0;0;5,379284593;-0,948630325
738;47;2006;6;0;0;0;1,0102156;0;48,92217972;2,336384615;318973,2185;6494678,62;0;0;5,379284593;-0,948630325
739;47;2006;7;0;0;0;1,0102156;0;206,3193555;3,648538462;318973,2185;6494678,62;0;0;5,379284593;-0,948630325
740;47;2006;8;0;0;0;1,0102156;0;9,052586827;2,881;318973,2185;6494678,62;0;0;5,379284593;-0,948630325
741;47;2006;9;0;0;0;1,0102156;0;0,205715963;2,704769231;318973,2185;6494678,62;0;0;5,379284593;-0,948630325
742;47;2006;10;0;0;0;1,0102156;1;30,49265034;7,762615385;318973,2185;6494678,62;0;0;5,379284593;-0,948630325
743;47;2006;11;0;0;0;1,0102156;1;0;11,62007692;318973,2185;6494678,62;0;0;5,379284593;0
744;47;2006;12;0;0;0;1,0102156;1;0;5,353538462;318973,2185;6494678,62;0;0;5,379284593;0
745;47;2007;1;0;0;0;1,0102156;1;3,063999945;1,982923077;318973,2185;6494678,62;0;0;5,379284593;-0,632140232
746;47;2007;2;0;0;0;1,0102156;1;4,938764939;1,124846154;318973,2185;6494678,62;0;0;5,379284593;-0,632140232
747;47;2007;3;0;0;0;1,0102156;1;16,43439059;0,934923077;318973,2185;6494678,62;0;0;5,379284593;-0,5754189
748;47;2007;4;0;0;0;1,0102156;0;3,12865228;1,035153846;318973,2185;6494678,62;0;0;5,379284593;-0,602672044
749;47;2007;5;0;0;0;1,0102156;0;17,08056138;1,049230769;318973,2185;6494678,62;0;0;5,379284593;-0,632140232
750;47;2007;6;0;0;0;1,0102156;0;122,2314022;2,253692308;318973,2185;6494678,62;0;0;5,379284593;-0,632140232
751;47;2007;7;0;0;0;1,0102156;0;36,15753861;2,039384615;318973,2185;6494678,62;0;0;5,379284593;-0,632140232
752;47;2007;8;0;0;0;1,0102156;0;23,77146652;1,935307692;318973,2185;6494678,62;0;0;5,379284593;-0,632140232
753;47;2007;9;0;0;0;1,0102156;0;2,56E-06;2,058307692;318973,2185;6494678,62;0;0;5,379284593;-0,632140232
754;47;2007;10;0;0;0;1,0102156;1;1,749753197;4,899230769;318973,2185;6494678,62;0;0;5,379284593;-0,632140232
755;47;2007;11;0;0;0;1,0102156;1;3,424807672;4,746923077;318973,2185;6494678,62;0;0;5,379284593;-0,726636005
756;47;2007;12;0;0;0;1,0102156;1;2,860849363;1,970846154;318973,2185;6494678,62;0;0;5,379284593;0
757;47;2008;1;0;0;0;1,0102156;1;1,044669797;0,917615385;318973,2185;6494678,62;0;0;5,379284593;-0,315755259
758;47;2008;2;0;0;0;1,0102156;1;1,55123813;1,699923077;318973,2185;6494678,62;0;0;5,379284593;-0,315755259
759;47;2008;3;0;0;0;1,0102156;1;9,921139228;1,283923077;318973,2185;6494678,62;0;0;5,379284593;-0,272233378
760;47;2008;4;0;0;0;1,0102156;0;6,299667733;1,293923077;318973,2185;6494678,62;0;0;5,379284593;-0,301010804
761;47;2008;5;0;0;0;1,0102156;0;94,27897817;1,843153846;318973,2185;6494678,62;0;0;5,379284593;-0,315755259
762;47;2008;6;0;0;0;1,0102156;0;69,68645671;1,733846154;318973,2185;6494678,62;0;0;5,379284593;-0,315755259
763;47;2008;7;0;0;0;1,0102156;0;38,8546378;1,452;318973,2185;6494678,62;0;0;5,379284593;-0,315755259
764;47;2008;8;0;0;0;1,0102156;0;119,9247429;4,070384615;318973,2185;6494678,62;0;0;5,379284593;-0,315755259
765;47;2008;9;0;0;0;1,0102156;0;12,2142675;1,595615385;318973,2185;6494678,62;0;0;5,379284593;-0,315755259
766;47;2008;10;0;0;0;1,0102156;1;2,226478652;5,425461538;318973,2185;6494678,62;0;0;5,379284593;-0,315755259
767;47;2008;11;0;0;0;1,0102156;1;0,041674782;11,51961538;318973,2185;6494678,62;0;0;5,379284593;-0,41041085
768;47;2008;12;0;0;0;1,0102156;1;1,414816575;3,982307692;318973,2185;6494678,62;0;0;5,379284593;0
769;47;2009;1;0;0;0;1,0102156;1;9,016743705;1,222230769;318973,2185;6494678,62;0;0;5,379284593;0,000524686
770;47;2009;2;0;0;0;1,0102156;1;5,119841111;0,751384615;318973,2185;6494678,62;0;0;5,379284593;0,000524686
771;47;2009;3;0;0;0;1,0102156;1;0,673113168;0,594692308;318973,2185;6494678,62;0;0;5,379284593;0,030851498
772;47;2009;4;0;0;0;1,0102156;0;0;0,426307692;318973,2185;6494678,62;0;0;5,379284593;0
773;47;2009;5;0;0;0;1,0102156;0;6,041815502;0,741538462;318973,2185;6494678,62;0;0;5,379284593;0,000524686
774;47;2009;6;0;0;0;1,0102156;0;65,31135849;1,150461538;318973,2185;6494678,62;0;0;5,379284593;0,000524686
775;47;2009;7;0;0;0;1,0102156;0;20,8963517;1,413615385;318973,2185;6494678,62;0;0;5,379284593;0,000524686
776;47;2009;8;0;0;0;1,0102156;0;81,57309243;2,448692308;318973,2185;6494678,62;0;0;5,379284593;0,000524686
777;47;2009;9;0;0;0;1,0102156;0;23,46136305;2,407076923;318973,2185;6494678,62;0;0;5,379284593;0,000524686
778;47;2009;10;0;0;0;1,0102156;1;1,977609279;4,301615385;318973,2185;6494678,62;0;0;5,379284593;0,000524686
779;47;2009;11;0;0;0;1,0102156;1;0,372028122;8,3;318973,2185;6494678,62;0;0;5,379284593;-0,094290672
780;47;2009;12;0;0;0;1,0102156;1;0;3,524538462;318973,2185;6494678,62;0;0;5,379284593;0
781;47;2010;1;5;0;1;1,0102156;1;4,218004623;1,106769231;318973,2185;6494678,62;1;0;5,379284593;0,316699693
782;47;2010;2;6;0;1;0,932173333;1;0,075115617;0,770076923;318973,2185;6494678,62;1;0;4,825226951;0,316699693
783;47;2010;3;10;1;1;1,404048;1;0;0,797538462;318973,2185;6494678,62;1;1;4,271243736;0
784;47;2010;4;9;1;1;2,608450444;0;0,626101398;0,854769231;318973,2185;6494678,62;1;1;6,75434861;0,302011341
785;47;2010;5;7;0;1;2,205291429;0;51,4794098;1,090153846;318973,2185;6494678,62;1;0;5,79434513;0,316699693
786;47;2010;6;8;1;1;1,2489825;0;68,61734511;1,741769231;318973,2185;6494678,62;1;1;5,08776899;0,316699693
787;47;2010;7;4;0;1;1,47586;0;23,9221685;2,170153846;318973,2185;6494678,62;1;0;4,472673124;0,316699693
788;47;2010;8;13;1;1;2,191369615;0;9,330400885;1,385384615;318973,2185;6494678,62;1;1;5,20069904;0,316699693
789;47;2010;9;13;1;1;2,488103077;0;27,01733649;1,251384615;318973,2185;6494678,62;1;1;6,353632323;0,316699693
790;47;2010;10;6;1;1;129,2322497;1;4,999451749;1,112615385;318973,2185;6494678,62;1;1;5,229612075;0,316699693
791;47;2010;11;8;0;1;3,489615;1;20,67833516;1,591076923;318973,2185;6494678,62;1;0;4,70152192;0,221724621
792;47;2010;12;3;1;1;8,913333333;1;1,048774529;0,864615385;318973,2185;6494678,62;1;1;4,624997534;0
793;47;2011;1;9;2;1;2,265921111;1;2,618427472;0,632307692;318973,2185;6494678,62;1;1;6,925162975;0,632769855
794;47;2011;2;2;1;1;0,53588;1;3,836907167;0,453;318973,2185;6494678,62;1;1;5,158037829;0,632769855
795;47;2011;3;8;2;1;3,116684;1;1,082604287;0,417384615;318973,2185;6494678,62;1;1;5,848625014;0,636719663
796;47;2011;4;10;2;1;2,0265992;0;0,415226882;0,385846154;318973,2185;6494678,62;1;1;6,462012765;0,60337242
797;47;2011;5;5;2;1;2,036024;0;0,294762766;0,511769231;318973,2185;6494678,62;1;1;4,387524114;0,632769855
798;47;2011;6;8;2;1;2,30360125;0;116,6607412;0,855307692;318973,2185;6494678,62;1;1;7,042082869;0,632769855
799;47;2011;7;10;1;1;1,4156246;0;42,96064846;0,755384615;318973,2185;6494678,62;1;1;4,978096671;0,632769855
800;47;2011;8;11;2;1;5,073107175;0;42,47810527;0,634461538;318973,2185;6494678,62;1;1;7,176224204;0,632769855
801;47;2011;9;9;1;1;0,528667778;0;0,301037674;0,876307692;318973,2185;6494678,62;1;1;6,238032717;0,632769855
802;47;2011;10;6;2;1;2,713666667;1;5,150985005;1,954307692;318973,2185;6494678,62;1;1;3,863305831;0,632769855
803;47;2011;11;9;1;1;1,609862222;1;0,090433656;2,156461538;318973,2185;6494678,62;1;1;4,618865192;0,53763512
804;47;2011;12;10;1;1;4,544076634;1;1,500840694;0,992538462;318973,2185;6494678,62;1;1;5,122989463;0
805;47;2012;1;6;2;1;0,68078;1;10,83343854;0,671307692;318973,2185;6494678,62;1;1;6,64300467;0,948735263
806;47;2012;2;5;2;1;2,2674068;1;2,156184263;0,442846154;318973,2185;6494678,62;1;1;6,854218418;0,948735263
807;47;2012;3;12;2;1;0,619715073;1;0,087275878;0,459538462;318973,2185;6494678,62;1;1;6,71278202;0,939503126
808;47;2012;4;5;2;1;0,5100136;0;21,62511087;0,452461538;318973,2185;6494678,62;1;1;7,143641624;0,90463362
809;47;2012;5;8;2;1;1,345975;0;33,80225748;0,554384615;318973,2185;6494678,62;1;1;6,808685931;0,948735263
810;47;2012;6;13;2;1;1,721808462;0;39,50930664;0,583923077;318973,2185;6494678,62;1;1;5,587853455;0,948735263
811;47;2012;7;10;2;1;1,2338328;0;3,448893973;0,556076923;318973,2185;6494678,62;1;1;6,23812126;0,948735263
812;47;2012;8;7;1;1;5,335348286;0;42,45364215;0,638461538;318973,2185;6494678,62;1;1;7,140171224;0,948735263
813;47;2012;9;10;2;1;0,629253;0;4,873120032;0,720461538;318973,2185;6494678,62;1;1;7,126589354;0,948735263
814;47;2012;10;11;2;1;1,125934;1;10,61023107;0,802307692;318973,2185;6494678,62;1;1;7,265248636;0,948735263
815;47;2012;11;11;2;1;1,973585091;1;0,385203294;0,875846154;318973,2185;6494678,62;1;1;6,084023523;0,853440916
816;47;2012;12;6;1;1;2,372070333;1;9,769099154;0,543;318973,2185;6494678,62;1;1;7,551569758;0
817;47;2013;1;9;2;1;3,855321111;1;25,88356392;0,382230769;318973,2185;6494678,62;1;1;5,831141019;1,264596008
818;47;2013;2;5;1;1;0,316336;1;9,739015765;0,369769231;318973,2185;6494678,62;1;1;7,127599773;1,264596008
819;47;2013;3;9;1;1;2,118677778;1;0,329182358;0,307846154;318973,2185;6494678,62;1;1;5,986070216;1,242186292
820;47;2013;4;8;2;1;0,8813995;0;0,099971237;0,265923077;318973,2185;6494678,62;1;1;7,020734758;1,205795027
821;47;2013;5;8;2;1;2,0272755;0;91,39091362;0,301615385;318973,2185;6494678,62;1;1;6,327218683;1,264596008
822;47;2013;6;10;1;1;3,2478618;0;29,8285032;0,482076923;318973,2185;6494678,62;1;1;6,267852738;1,264596008
823;47;2013;7;4;1;1;1,47575;0;11,64236831;0,417384615;318973,2185;6494678,62;1;1;7,205968648;1,264596008
824;47;2013;8;15;1;1;3,253610867;0;24,47289866;0,450384615;318973,2185;6494678,62;1;1;7,095664946;1,264596008
825;47;2013;9;9;2;1;3,715835778;0;7,381399821;0,51;318973,2185;6494678,62;1;1;7,081866792;1,264596008
826;47;2013;10;11;1;1;0,902788727;1;3,600434381;0,849846154;318973,2185;6494678,62;1;1;7,396323224;1,264596008
827;47;2013;11;12;1;1;1,845996667;1;11,32276642;2,247384615;318973,2185;6494678,62;1;1;6,302126472;1,1691421
828;47;2013;12;12;2;1;1,342062171;1;0,390186236;0,671615385;318973,2185;6494678,62;1;1;7,051408459;0
829;47;2014;1;15;4;1;1,970262933;1;11,41134305;0,391153846;318973,2185;6494678,62;1;1;6,670600211;1,58035218
830;47;2014;2;8;3;1;1,428001586;1;5,769587833;0,348461538;318973,2185;6494678,62;1;1;5,891018441;1,58035218
831;47;2014;3;9;4;1;1,189348889;1;7,06922862;0,321;318973,2185;6494678,62;1;1;6,559476545;1,54476925
832;47;2014;4;7;4;1;2,870508571;0;0,532306386;0,257461538;318973,2185;6494678,62;1;1;6,767077052;1,506856728
833;47;2014;5;5;3;1;2,108448;0;2,473301406;0,306692308;318973,2185;6494678,62;1;1;5,749939134;1,58035218
834;47;2014;6;2;3;1;0,611;0;77,53801725;0,476461538;318973,2185;6494678,62;1;1;6,328597055;1,58035218
835;47;2014;7;8;4;1;1,641755;0;6,25684902;0,375538462;318973,2185;6494678,62;1;1;6,599546937;1,58035218
836;47;2014;8;8;3;1;1,63348825;0;20,7440892;0,282846154;318973,2185;6494678,62;1;1;6,616451495;1,58035218
837;47;2014;9;14;3;1;2,020469643;0;16,03667381;0,290307692;318973,2185;6494678,62;1;1;4,796670422;1,58035218
838;47;2014;10;10;4;1;1,04502;1;5,773198822;0,532384615;318973,2185;6494678,62;1;1;6,310362179;1,58035218
839;47;2014;11;6;3;1;1,777997333;1;2,803279692;0,290769231;318973,2185;6494678,62;1;1;7,875747164;1,484738764
840;47;2014;12;6;3;1;1,09446;1;0,07005618;0,248692308;318973,2185;6494678,62;1;1;6,36675168;0
841;48;2005;1;0;0;0;1,2;1;3,271457867;0,003333333;279017,7907;6472141,879;0;0;4,602544357;0
842;48;2005;2;0;0;0;1,2;1;0;0,003;279017,7907;6472141,879;0;0;4,602544357;0
843;48;2005;3;0;0;0;1,2;1;12,62969857;0,006333333;279017,7907;6472141,879;0;0;4,602544357;0
844;48;2005;4;0;0;0;1,2;0;1,64685204;0,010666667;279017,7907;6472141,879;0;0;4,602544357;0
845;48;2005;5;0;0;0;1,2;0;50,61277033;0,028666667;279017,7907;6472141,879;0;0;4,602544357;-1,359401611
846;48;2005;6;0;0;0;1,2;0;82,67997094;0,018333333;279017,7907;6472141,879;0;0;4,602544357;-1,26522563
847;48;2005;7;0;0;0;1,2;0;24,89861056;0,015666667;279017,7907;6472141,879;0;0;4,602544357;-1,26522563
848;48;2005;8;0;0;0;1,2;0;126,7139913;0,041666667;279017,7907;6472141,879;0;0;4,602544357;-1,26522563
849;48;2005;9;0;0;0;1,2;0;31,32325075;0,070666667;279017,7907;6472141,879;0;0;4,602544357;0
850;48;2005;10;0;0;0;1,2;1;15,01541306;0,041;279017,7907;6472141,879;0;0;4,602544357;-1,26522563
851;48;2005;11;0;0;0;1,2;1;2,490477809;0,014666667;279017,7907;6472141,879;0;0;4,602544357;0
852;48;2005;12;0;0;0;1,2;1;0;0,009666667;279017,7907;6472141,879;0;0;4,602544357;0
853;48;2006;1;0;0;0;1,2;1;0;0,002666667;279017,7907;6472141,879;0;0;4,602544357;0
854;48;2006;2;0;0;0;1,2;1;0;0,002666667;279017,7907;6472141,879;0;0;4,602544357;0
855;48;2006;3;0;0;0;1,2;1;0;0,003333333;279017,7907;6472141,879;0;0;4,602544357;0
856;48;2006;4;0;0;0;1,2;0;0;0,011333333;279017,7907;6472141,879;0;0;4,602544357;0
857;48;2006;5;0;0;0;1,2;0;0;0,013666667;279017,7907;6472141,879;0;0;4,602544357;0
858;48;2006;6;0;0;0;1,2;0;58,4481926;0,019;279017,7907;6472141,879;0;0;4,602544357;-0,948630325
859;48;2006;7;0;0;0;1,2;0;184,6193365;0,023333333;279017,7907;6472141,879;0;0;4,602544357;-0,948630325
860;48;2006;8;0;0;0;1,2;0;16,7793295;0,042666667;279017,7907;6472141,879;0;0;4,602544357;-0,948630325
861;48;2006;9;0;0;0;1,2;0;0,018247805;0;279017,7907;6472141,879;0;0;4,602544357;0
862;48;2006;10;0;0;0;1,2;1;40,65807783;0,021666667;279017,7907;6472141,879;0;0;4,602544357;-0,948630325
863;48;2006;11;0;0;0;1,2;1;0;0,015;279017,7907;6472141,879;0;0;4,602544357;0
864;48;2006;12;0;0;0;1,2;1;0;0,011;279017,7907;6472141,879;0;0;4,602544357;0
865;48;2007;1;0;0;0;1,2;1;0;0,005666667;279017,7907;6472141,879;0;0;4,602544357;0
866;48;2007;2;0;0;0;1,2;1;0,202054427;0,005666667;279017,7907;6472141,879;0;0;4,602544357;0
867;48;2007;3;0;0;0;1,2;1;17,63629123;0,006333333;279017,7907;6472141,879;0;0;4,602544357;0
868;48;2007;4;0;0;0;1,2;0;0;0,014;279017,7907;6472141,879;0;0;4,602544357;0
869;48;2007;5;0;0;0;1,2;0;9,726547933;0,019666667;279017,7907;6472141,879;0;0;4,602544357;-0,726636005
870;48;2007;6;0;0;0;1,2;0;128,935999;0,032666667;279017,7907;6472141,879;0;0;4,602544357;-0,632140232
871;48;2007;7;0;0;0;1,2;0;11,96491248;0,016666667;279017,7907;6472141,879;0;0;4,602544357;-0,632140232
872;48;2007;8;0;0;0;1,2;0;29,99617808;0,013666667;279017,7907;6472141,879;0;0;4,602544357;-0,632140232
873;48;2007;9;0;0;0;1,2;0;0;0,010666667;279017,7907;6472141,879;0;0;4,602544357;0
874;48;2007;10;0;0;0;1,2;1;1,4818892;0,007666667;279017,7907;6472141,879;0;0;4,602544357;-0,632140232
875;48;2007;11;0;0;0;1,2;1;2,878925267;0,006;279017,7907;6472141,879;0;0;4,602544357;0
876;48;2007;12;0;0;0;1,2;1;0;0,005;279017,7907;6472141,879;0;0;4,602544357;0
877;48;2008;1;0;0;0;1,2;1;0;0,004666667;279017,7907;6472141,879;0;0;4,602544357;0
878;48;2008;2;0;0;0;1,2;1;0;0,003666667;279017,7907;6472141,879;0;0;4,602544357;0
879;48;2008;3;0;0;0;1,2;1;18,64857873;0,004333333;279017,7907;6472141,879;0;0;4,602544357;0
880;48;2008;4;0;0;0;1,2;0;21,23535525;0,009333333;279017,7907;6472141,879;0;0;4,602544357;0
881;48;2008;5;0;0;0;1,2;0;98,8265566;0,015333333;279017,7907;6472141,879;0;0;4,602544357;-0,41041085
882;48;2008;6;0;0;0;1,2;0;85,0004236;0,013333333;279017,7907;6472141,879;0;0;4,602544357;-0,315755259
883;48;2008;7;0;0;0;1,2;0;69,08881533;0,013666667;279017,7907;6472141,879;0;0;4,602544357;-0,315755259
884;48;2008;8;0;0;0;1,2;0;103,1336956;0,057;279017,7907;6472141,879;0;0;4,602544357;-0,315755259
885;48;2008;9;0;0;0;1,2;0;14,08183059;0,033333333;279017,7907;6472141,879;0;0;4,602544357;0
886;48;2008;10;0;0;0;1,2;1;0,000934409;0,017666667;279017,7907;6472141,879;0;0;4,602544357;-0,315755259
887;48;2008;11;0;0;0;1,2;1;0;0,014333333;279017,7907;6472141,879;0;0;4,602544357;0
888;48;2008;12;0;0;0;1,2;1;0;0,022;279017,7907;6472141,879;0;0;4,602544357;0
889;48;2009;1;0;0;0;1,2;1;2,84E-15;0,006333333;279017,7907;6472141,879;0;0;4,602544357;0
890;48;2009;2;0;0;0;1,2;1;0,26196832;0,001666667;279017,7907;6472141,879;0;0;4,602544357;0
891;48;2009;3;0;0;0;1,2;1;0;0,002;279017,7907;6472141,879;0;0;4,602544357;0
892;48;2009;4;0;0;0;1,2;0;0;0,003;279017,7907;6472141,879;0;0;4,602544357;0
893;48;2009;5;0;0;0;1,2;0;8,1437253;0,002666667;279017,7907;6472141,879;0;0;4,602544357;-0,094290672
894;48;2009;6;0;0;0;1,2;0;82,26630735;0,002333333;279017,7907;6472141,879;0;0;4,602544357;0,000524686
895;48;2009;7;0;0;0;1,2;0;24,89997601;0,003;279017,7907;6472141,879;0;0;4,602544357;0,000524686
896;48;2009;8;0;0;0;1,2;0;95,34139403;0,01;279017,7907;6472141,879;0;0;4,602544357;0,000524686
897;48;2009;9;0;0;0;1,2;0;16,31292297;0,011;279017,7907;6472141,879;0;0;4,602544357;0
898;48;2009;10;0;0;0;1,2;1;0,134604665;0,005;279017,7907;6472141,879;0;0;4,602544357;0,000524686
899;48;2009;11;0;0;0;1,2;1;0,001931781;0,002;279017,7907;6472141,879;0;0;4,602544357;0
900;48;2009;12;0;0;0;1,2;1;0;0,001;279017,7907;6472141,879;0;0;4,602544357;0
901;48;2010;1;1;1;1;1,2;1;0;0,000666667;279017,7907;6472141,879;1;1;4,602544357;0
902;48;2010;2;1;1;1;3;1;0;0,000666667;279017,7907;6472141,879;1;1;4,275203349;0
903;48;2010;3;0;0;0;2,5;1;0;0,004;279017,7907;6472141,879;0;0;4,675516784;0
904;48;2010;4;1;1;1;2;0;4,333864633;0,002666667;279017,7907;6472141,879;1;1;4,960613032;0
905;48;2010;5;1;1;1;2;0;64,7050063;0,001666667;279017,7907;6472141,879;1;1;4,959241855;0,221724621
906;48;2010;6;0;0;0;8,05158549;0;86,71003353;0,003666667;279017,7907;6472141,879;0;0;6,077035269;0,316699693
907;48;2010;7;0;0;0;14,10317098;0;35,98579289;0,002666667;279017,7907;6472141,879;0;0;6,59165336;0,316699693
908;48;2010;8;2;1;1;20,15475647;0;15,6342138;0,019666667;279017,7907;6472141,879;1;1;6,929746547;0,316699693
909;48;2010;9;0;0;0;38,66983765;0;38,05346563;0,002;279017,7907;6472141,879;0;0;6,569673967;0
910;48;2010;10;0;0;0;57,18491882;1;3,924951486;0,001666667;279017,7907;6472141,879;0;0;6,001513238;0,316699693
911;48;2010;11;2;1;1;75,7;1;22,07953297;0,003333333;279017,7907;6472141,879;1;1;4,55326807;0
912;48;2010;12;1;1;1;0,009512938;1;0;0,001;279017,7907;6472141,879;1;1;9,190085982;0
913;48;2011;1;0;0;0;0,14131962;1;0;0,000333333;279017,7907;6472141,879;0;0;8,792169007;0
914;48;2011;2;0;0;0;0,273126302;1;2,80346032;0,000666667;279017,7907;6472141,879;0;0;8,121330286;0
915;48;2011;3;3;2;1;0,404932983;1;0;0,004;279017,7907;6472141,879;1;1;5,000554617;0
916;48;2011;4;1;2;1;0,019025875;0;0,731264973;0,000666667;279017,7907;6472141,879;1;1;7,87397838;0
917;48;2011;5;3;2;1;0,016489092;0;0,004882186;0,001;279017,7907;6472141,879;1;1;8,822264871;0,53763512
918;48;2011;6;3;2;1;0,019025875;0;124,5305575;0,002;279017,7907;6472141,879;1;1;8,384804003;0,632769855
919;48;2011;7;0;0;0;0,34601725;0;71,41397857;0,001;279017,7907;6472141,879;0;0;8,019996426;0,632769855
920;48;2011;8;0;0;0;0,673008625;0;32,1264342;0,001666667;279017,7907;6472141,879;0;0;7,439754899;0,632769855
921;48;2011;9;1;2;1;1;0;0;0,017;279017,7907;6472141,879;1;1;5,89577762;0
922;48;2011;10;2;2;1;0,010305683;1;4,663939518;0,017;279017,7907;6472141,879;1;1;10,39603329;0,632769855
923;48;2011;11;0;0;0;1,005152841;1;0;0,008666667;279017,7907;6472141,879;0;0;9,704603369;0
924;48;2011;12;1;2;1;2;1;0;0,008333333;279017,7907;6472141,879;1;1;4,029869143;0
925;48;2012;1;2;3;1;7,5;1;0;0,003;279017,7907;6472141,879;1;1;3,617080255;0
926;48;2012;2;0;0;0;4,256341958;1;0;0,002333333;279017,7907;6472141,879;0;0;7,243937102;0
927;48;2012;3;3;3;1;1,012683917;1;0;0,003333333;279017,7907;6472141,879;1;1;7,923695218;0
928;48;2012;4;0;0;0;0,515854896;0;17,68886727;0,002666667;279017,7907;6472141,879;0;0;8,217324999;0
929;48;2012;5;1;3;1;0,019025875;0;33,83612033;0,002;279017,7907;6472141,879;1;1;8,444020268;0,853440916
930;48;2012;6;1;3;1;0,011415525;0;53,6474999;0,003666667;279017,7907;6472141,879;1;1;7,691656823;0,948735263
931;48;2012;7;2;3;1;0,040057763;0;4,927016267;0,003;279017,7907;6472141,879;1;1;9,330078934;0,948735263
932;48;2012;8;1;3;1;3;0;74,5040687;0,005333333;279017,7907;6472141,879;1;1;3,385941103;0,948735263
933;48;2012;9;3;3;1;0,019025875;0;3,190670567;0,004333333;279017,7907;6472141,879;1;1;8,959277964;0
934;48;2012;10;0;0;0;0,019025875;1;17,75682955;0,004333333;279017,7907;6472141,879;0;0;12,14237462;0,948735263
935;48;2012;11;1;3;1;0,019025875;1;9,11E-05;0,004;279017,7907;6472141,879;1;1;12,81457541;0
936;48;2012;12;2;3;1;1,005707763;1;4,584382967;0,003;279017,7907;6472141,879;1;1;10,90782888;0
937;48;2013;1;3;3;1;0,019025875;1;2,78631657;0,005333333;279017,7907;6472141,879;1;1;6,133181558;0
938;48;2013;2;1;3;1;1,4;1;0,669234208;0,004333333;279017,7907;6472141,879;1;1;4,54159125;0
939;48;2013;3;3;3;1;0,512683917;1;2,4892866;0,003333333;279017,7907;6472141,879;1;1;6,875550602;0
940;48;2013;4;1;3;1;0,007001522;0;0,006902789;0,005666667;279017,7907;6472141,879;1;1;8,650507169;0
941;48;2013;5;1;3;1;0,019025875;0;100,7961409;0,001666667;279017,7907;6472141,879;1;1;8,6554782;1,1691421
942;48;2013;6;3;3;1;0,019025875;0;31,81342733;0,003666667;279017,7907;6472141,879;1;1;8,728048264;1,264596008
943;48;2013;7;0;0;0;0,019025875;0;20,0102419;0,001;279017,7907;6472141,879;0;0;8,418854165;1,264596008
944;48;2013;8;1;3;1;0,019025875;0;17,313545;0,003333333;279017,7907;6472141,879;1;1;7,968924857;1,264596008
945;48;2013;9;2;3;1;1,009512938;0;0;0,005666667;279017,7907;6472141,879;1;1;10,03477763;0
946;48;2013;10;0;0;0;0,510464231;1;0,58982671;0,003666667;279017,7907;6472141,879;0;0;9,627273905;1,264596008
947;48;2013;11;1;3;1;0,011415525;1;0,600986383;0,004;279017,7907;6472141,879;1;1;8,927985822;0
948;48;2013;12;3;3;1;0,015854896;1;0,240417596;0,003;279017,7907;6472141,879;1;1;9,109085121;0
949;48;2014;1;2;5;1;0,509512938;1;0,720488263;0,002666667;279017,7907;6472141,879;1;1;7,080055038;0
950;48;2014;2;1;5;1;0,019025875;1;1,073431357;0,004;279017,7907;6472141,879;1;1;8,56712556;0
951;48;2014;3;3;5;1;1,003170979;1;2,752020419;0,003333333;279017,7907;6472141,879;1;1;8,861516208;0
952;48;2014;4;1;5;1;0,019025875;0;0;0,01;279017,7907;6472141,879;1;1;9,260272741;0
953;48;2014;5;3;5;1;0,525367834;0;0,168215119;0,001666667;279017,7907;6472141,879;1;1;8,872734444;1,484738764
954;48;2014;6;1;5;1;0,019025875;0;90,84056855;0,004;279017,7907;6472141,879;1;1;8,56712556;1,58035218
955;48;2014;7;1;5;1;24;0;22,45138891;0,003333333;279017,7907;6472141,879;1;1;5,673117211;1,58035218
956;48;2014;8;0;0;0;17,12912227;0;27,53791997;0,004666667;279017,7907;6472141,879;0;0;9,081176619;1,58035218
957;48;2014;9;0;0;0;10,25824455;0;25,25169586;0,003333333;279017,7907;6472141,879;0;0;9,757632581;0
958;48;2014;10;4;5;1;3,387366819;1;0,57834362;0,003;279017,7907;6472141,879;1;1;10,15747146;1,58035218
959;48;2014;11;0;0;0;3,387366819;1;0,465463537;0,004666667;279017,7907;6472141,879;0;0;10,15747146;0
960;48;2014;12;0;0;0;3,387366819;1;0;0,003666667;279017,7907;6472141,879;0;0;10,15747146;0
961;51;2005;1;0;0;0;2,5;1;12,88960288;0,194;315654,723;6433715,872;0;0;4,668043666;-1,26522563
962;51;2005;2;0;0;0;2,5;1;0,000647497;0,1434;315654,723;6433715,872;0;0;4,668043666;-1,26522563
963;51;2005;3;0;0;0;2,5;1;30,97018267;0,15;315654,723;6433715,872;0;0;4,668043666;0
964;51;2005;4;0;0;0;2,5;0;4,74602211;0,098;315654,723;6433715,872;0;0;4,668043666;-1,206295294
965;51;2005;5;0;0;0;2,5;0;58,34892216;0,2254;315654,723;6433715,872;0;0;4,668043666;-1,26522563
966;51;2005;6;0;0;0;2,5;0;136,7747416;0,4998;315654,723;6433715,872;0;0;4,668043666;-1,26522563
967;51;2005;7;0;0;0;2,5;0;25,23195024;0,3538;315654,723;6433715,872;0;0;4,668043666;-1,26522563
968;51;2005;8;0;0;0;2,5;0;159,7493037;3,0986;315654,723;6433715,872;0;0;4,668043666;-1,26522563
969;51;2005;9;0;0;0;2,5;0;44,51216734;3,5678;315654,723;6433715,872;0;0;4,668043666;-1,26522563
970;51;2005;10;0;0;0;2,5;1;26,26230759;3,01;315654,723;6433715,872;0;0;4,668043666;-1,26522563
971;51;2005;11;0;0;0;2,5;1;6,649456613;2,1672;315654,723;6433715,872;0;0;4,668043666;-1,242661655
972;51;2005;12;0;0;0;2,5;1;0;0,9754;315654,723;6433715,872;0;0;4,668043666;0
973;51;2006;1;0;0;0;2,5;1;6,064609148;0,538;315654,723;6433715,872;0;0;4,668043666;-0,948630325
974;51;2006;2;0;0;0;2,5;1;2,753031648;0,3786;315654,723;6433715,872;0;0;4,668043666;-0,948630325
975;51;2006;3;0;0;0;2,5;1;0;0,3948;315654,723;6433715,872;0;0;4,668043666;0
976;51;2006;4;0;0;0;2,5;0;4,064537091;0,2588;315654,723;6433715,872;0;0;4,668043666;-0,904433511
977;51;2006;5;0;0;0;2,5;0;0,863738124;0,2966;315654,723;6433715,872;0;0;4,668043666;-0,948630325
978;51;2006;6;0;0;0;2,5;0;61,91854403;0,3058;315654,723;6433715,872;0;0;4,668043666;-0,948630325
979;51;2006;7;0;0;0;2,5;0;252,7555974;2,0366;315654,723;6433715,872;0;0;4,668043666;-0,948630325
980;51;2006;8;0;0;0;2,5;0;20,60200331;0,8302;315654,723;6433715,872;0;0;4,668043666;-0,948630325
981;51;2006;9;0;0;0;2,5;0;0,676429455;0,3578;315654,723;6433715,872;0;0;4,668043666;-0,948630325
982;51;2006;10;0;0;0;2,5;1;50,64038473;0,8522;315654,723;6433715,872;0;0;4,668043666;-0,948630325
983;51;2006;11;0;0;0;2,5;1;0,011377308;0,6248;315654,723;6433715,872;0;0;4,668043666;-0,939283726
984;51;2006;12;0;0;0;2,5;1;0;0,2638;315654,723;6433715,872;0;0;4,668043666;0
985;51;2007;1;0;0;0;2,5;1;5,358985003;0,177;315654,723;6433715,872;0;0;4,668043666;-0,632140232
986;51;2007;2;0;0;0;2,5;1;5,849477903;0,1964;315654,723;6433715,872;0;0;4,668043666;-0,632140232
987;51;2007;3;0;0;0;2,5;1;26,11573055;0,1188;315654,723;6433715,872;0;0;4,668043666;0
988;51;2007;4;0;0;0;2,5;0;2,614247704;0,1058;315654,723;6433715,872;0;0;4,668043666;-0,602672044
989;51;2007;5;0;0;0;2,5;0;17,70681312;0,1098;315654,723;6433715,872;0;0;4,668043666;-0,632140232
990;51;2007;6;0;0;0;2,5;0;135,3805065;0,176;315654,723;6433715,872;0;0;4,668043666;-0,632140232
991;51;2007;7;0;0;0;2,5;0;38,89564513;0,199;315654,723;6433715,872;0;0;4,668043666;-0,632140232
992;51;2007;8;0;0;0;2,5;0;34,3230645;0;315654,723;6433715,872;0;0;4,668043666;-0,632140232
993;51;2007;9;0;0;0;2,5;0;0,178074838;0;315654,723;6433715,872;0;0;4,668043666;-0,632140232
994;51;2007;10;0;0;0;2,5;1;3,55698626;0;315654,723;6433715,872;0;0;4,668043666;-0,632140232
995;51;2007;11;0;0;0;2,5;1;7,13271556;0,0014;315654,723;6433715,872;0;0;4,668043666;-0,636006616
996;51;2007;12;0;0;0;2,5;1;2,107864249;0,0014;315654,723;6433715,872;0;0;4,668043666;0
997;51;2008;1;0;0;0;2,5;1;2,103346512;0,0672;315654,723;6433715,872;0;0;4,668043666;-0,315755259
998;51;2008;2;0;0;0;2,5;1;2,502239295;0,0622;315654,723;6433715,872;0;0;4,668043666;-0,315755259
999;51;2008;3;0;0;0;2,5;1;17,20976865;0,0546;315654,723;6433715,872;0;0;4,668043666;0
1000;51;2008;4;0;0;0;2,5;0;14,98569325;0,0498;315654,723;6433715,872;0;0;4,668043666;-0,301010804
1001;51;2008;5;0;0;0;2,5;0;113,4957734;0,055;315654,723;6433715,872;0;0;4,668043666;-0,315755259
1002;51;2008;6;0;0;0;2,5;0;84,40837534;0,0374;315654,723;6433715,872;0;0;4,668043666;-0,315755259
1003;51;2008;7;0;0;0;2,5;0;53,60788273;0,121;315654,723;6433715,872;0;0;4,668043666;-0,315755259
1004;51;2008;8;0;0;0;2,5;0;129,7947888;0,669;315654,723;6433715,872;0;0;4,668043666;-0,315755259
1005;51;2008;9;0;0;0;2,5;0;18,91915356;0,588;315654,723;6433715,872;0;0;4,668043666;-0,315755259
1006;51;2008;10;0;0;0;2,5;1;2,323122878;0,7842;315654,723;6433715,872;0;0;4,668043666;-0,315755259
1007;51;2008;11;0;0;0;2,5;1;0;0,9542;315654,723;6433715,872;0;0;4,668043666;0
1008;51;2008;12;0;0;0;2,5;1;0,460988325;0,241;315654,723;6433715,872;0;0;4,668043666;0
1009;51;2009;1;0;0;0;2,5;1;8,727409248;0,1186;315654,723;6433715,872;0;0;4,668043666;0,000524686
1010;51;2009;2;2;0;1;2,5;1;5,405202227;0,0692;315654,723;6433715,872;1;0;4,668043666;0,000524686
1011;51;2009;3;1;0;1;3;1;4,262028695;0,093;315654,723;6433715,872;1;0;4,777449535;0
1012;51;2009;4;0;0;0;2,615;0;0;0,0792;315654,723;6433715,872;0;0;4,577644526;0
1013;51;2009;5;0;0;0;2,23;0;9,902706183;0,091;315654,723;6433715,872;0;0;4,327688951;0,000524686
1014;51;2009;6;0;0;0;1,845;0;94,00003894;0,0968;315654,723;6433715,872;0;0;3,993658005;0,000524686
1015;51;2009;7;1;0;1;1,46;0;28,26308549;0,1414;315654,723;6433715,872;1;0;3,488505657;0,000524686
1016;51;2009;8;0;0;0;2,23;0;104,8309022;0,3408;315654,723;6433715,872;0;0;4,47897553;0,000524686
1017;51;2009;9;1;0;1;3;0;45,04809218;0,3536;315654,723;6433715,872;1;0;4,966694967;0,000524686
1018;51;2009;10;0;0;0;2,125;1;2,753468118;0,3844;315654,723;6433715,872;0;0;5,117602003;0,000524686
1019;51;2009;11;2;0;1;1,25;1;1,005260336;0,372;315654,723;6433715,872;1;0;5,24869374;-0,029754506
1020;51;2009;12;0;0;0;1,366666667;1;0;0,2028;315654,723;6433715,872;0;0;5,087523151;0
1021;51;2010;1;0;0;0;1,483333333;1;2,340514193;0,129;315654,723;6433715,872;0;0;4,895290188;0,316699693
1022;51;2010;2;1;0;1;1,6;1;0,040746723;0,1044;315654,723;6433715,872;1;0;4,657092865;0,316699693
1023;51;2010;3;0;0;0;1,4;1;0;0,1004;315654,723;6433715,872;0;0;4,697666188;0
1024;51;2010;4;0;0;0;1,2;0;3,1807468;0,093;315654,723;6433715,872;0;0;4,736657302;0,302011341
1025;51;2010;5;1;0;1;1;0;59,40180007;0,096;315654,723;6433715,872;1;0;4,774184992;0,316699693
1026;51;2010;6;0;0;0;8,5;0;84,07841648;0,1058;315654,723;6433715,872;0;0;5,033205197;0,316699693
1027;51;2010;7;1;0;1;16;0;34,39685271;0,097;315654,723;6433715,872;1;0;5,238748831;0,316699693
1028;51;2010;8;0;0;0;12,95;0;17,50360474;0,1006;315654,723;6433715,872;0;0;5,847914862;0,316699693
1029;51;2010;9;0;0;0;9,9;0;43,97869809;0,0282;315654,723;6433715,872;0;0;6,223742283;0,316699693
1030;51;2010;10;0;0;0;6,85;1;10,16852981;0,1376;315654,723;6433715,872;0;0;6,496269471;0,316699693
1031;51;2010;11;0;0;0;3,8;1;27,53228251;0,1384;315654,723;6433715,872;0;0;6,71020861;0,273220672
1032;51;2010;12;2;0;1;0,75;1;0,989104712;0,0706;315654,723;6433715,872;1;0;6,886346485;0
1033;51;2011;1;1;1;1;17,86;1;4,40509002;0,0458;315654,723;6433715,872;1;1;4,83710219;0,632769855
1034;51;2011;2;0;0;0;12,30666667;1;7,515477751;0,0418;315654,723;6433715,872;0;0;4,600274196;0,632769855
1035;51;2011;3;0;0;0;6,753333333;1;3,616195185;0,0392;315654,723;6433715,872;0;0;4,289360168;0
1036;51;2011;4;1;1;1;1,2;0;1,308602266;0,039;315654,723;6433715,872;1;1;3,835746458;0,60337242
1037;51;2011;5;1;1;1;5;0;0,290645751;0,0384;315654,723;6433715,872;1;1;5,213814467;0,632769855
1038;51;2011;6;2;1;1;2;0;116,6722487;0,0472;315654,723;6433715,872;1;1;4,635341891;0,632769855
1039;51;2011;7;2;1;1;5,9675;0;63,37057379;0,068;315654,723;6433715,872;1;1;3,580801556;0,632769855
1040;51;2011;8;1;1;1;6;0;53,38682208;0,0352;315654,723;6433715,872;1;1;4,607056054;0,632769855
1041;51;2011;9;1;1;1;29,7402;0;2,988774545;0,2914;315654,723;6433715,872;1;1;4,022812159;0,632769855
1042;51;2011;10;1;1;1;7;1;14,0449997;0,2856;315654,723;6433715,872;1;1;4,91109272;0,632769855
1043;51;2011;11;1;1;1;33;1;0,508131472;0,1784;315654,723;6433715,872;1;1;3,351119584;0,57609538
1044;51;2011;12;2;1;1;2,265;1;0,877306135;0,0646;315654,723;6433715,872;1;1;5,328271595;0
1045;51;2012;1;0;0;0;8,6325;1;8,019072397;0,0524;315654,723;6433715,872;0;0;4,865657152;0,948735263
1046;51;2012;2;2;3;1;15;1;3,26224808;0,0412;315654,723;6433715,872;1;1;3,978388973;0,948735263
1047;51;2012;3;3;3;1;2,859965333;1;0,004797934;0,0392;315654,723;6433715,872;1;1;3,845559188;0
1048;51;2012;4;3;3;1;10,9;0;22,05806998;0,0416;315654,723;6433715,872;1;1;4,303113821;0,90463362
1049;51;2012;5;0;0;0;6,45;0;40,4558381;0,0544;315654,723;6433715,872;0;0;4,993492747;0,948735263
1050;51;2012;6;1;3;1;2;0;57,71599044;0,0606;315654,723;6433715,872;1;1;5,398033398;0,948735263
1051;51;2012;7;0;0;0;4,481787533;0;5,23127152;0,061;315654,723;6433715,872;0;0;5,169149194;0,948735263
1052;51;2012;8;3;3;1;6,963575067;0;67,63609825;0,0622;315654,723;6433715,872;1;1;4,871825522;0,948735263
1053;51;2012;9;1;3;1;0,5;0;12,01198033;0,0732;315654,723;6433715,872;1;1;5,358883787;0,948735263
1054;51;2012;10;0;0;0;20,53333333;1;29,5022831;0,0636;315654,723;6433715,872;0;0;5,222886242;0,948735263
1055;51;2012;11;0;0;0;40,56666667;1;3,733742817;0,0586;315654,723;6433715,872;0;0;5,065437869;0,878869706
1056;51;2012;12;1;3;1;60,6;1;18,94062213;0,0376;315654,723;6433715,872;1;1;4,878481195;0
1057;51;2013;1;0;0;0;41,45555556;1;21,29235596;0,0342;315654,723;6433715,872;0;0;4,983253633;1,264596008
1058;51;2013;2;0;0;0;22,31111111;1;7,551992184;0,0312;315654,723;6433715,872;0;0;5,078082402;1,264596008
1059;51;2013;3;3;4;1;3,166666667;1;0,906222597;0,0278;315654,723;6433715,872;1;1;5,164692426;0
1060;51;2013;4;0;0;0;3,111111111;0;1,90306559;0,028;315654,723;6433715,872;0;0;4,907511535;1,205795027
1061;51;2013;5;0;0;0;3,055555556;0;107,630827;0,0342;315654,723;6433715,872;0;0;4,560392152;1,264596008
1062;51;2013;6;2;4;1;3;0;36,67000504;0,038;315654,723;6433715,872;1;1;4,024273266;1,264596008
1063;51;2013;7;2;4;1;2,69;0;17,65829993;0,0408;315654,723;6433715,872;1;1;4,877643075;1,264596008
1064;51;2013;8;1;4;1;2;0;27,06400941;0,0478;315654,723;6433715,872;1;1;3,079751042;1,264596008
1065;51;2013;9;0;0;0;2;0;10,30602029;0,056;315654,723;6433715,872;0;0;4,576932881;1,264596008
1066;51;2013;10;1;4;1;2;1;3,881550187;0,0482;315654,723;6433715,872;1;1;5,151431728;1,264596008
1067;51;2013;11;1;4;1;3;1;10,11234033;0,0446;315654,723;6433715,872;1;1;5,266401474;1,181543739
1068;51;2013;12;2;4;1;1,23;1;0,570683643;0,0336;315654,723;6433715,872;1;1;4,413038278;0
1069;51;2014;1;0;0;0;1,23;1;6,420213237;0,029;315654,723;6433715,872;0;0;4,413038278;1,58035218
1070;51;2014;2;0;0;0;1,23;1;11,92593632;0,0266;315654,723;6433715,872;0;0;4,413038278;1,58035218
1071;51;2014;3;0;0;0;1,23;1;8,743936016;0,023;315654,723;6433715,872;0;0;4,413038278;0
1072;51;2014;4;0;0;0;1,23;0;0,670111207;0,0228;315654,723;6433715,872;0;0;4,413038278;1,506856728
1073;51;2014;5;0;0;0;1,23;0;5,828700279;0,0266;315654,723;6433715,872;0;0;4,413038278;1,58035218
1074;51;2014;6;0;0;0;1,23;0;95,9173309;0,0442;315654,723;6433715,872;0;0;4,413038278;1,58035218
1075;51;2014;7;0;0;0;1,23;0;14,14858687;0,0396;315654,723;6433715,872;0;0;4,413038278;1,58035218
1076;51;2014;8;0;0;0;1,23;0;37,64350639;0,0424;315654,723;6433715,872;0;0;4,413038278;1,58035218
1077;51;2014;9;0;0;0;1,23;0;33,32393662;0,0492;315654,723;6433715,872;0;0;4,413038278;1,58035218
1078;51;2014;10;0;0;0;1,23;1;9,80563048;0,0104;315654,723;6433715,872;0;0;4,413038278;1,58035218
1079;51;2014;11;0;0;0;1,23;1;4,61750628;0,0058;315654,723;6433715,872;0;0;4,413038278;1,484117565
1080;51;2014;12;0;0;0;1,23;1;0,784176479;0,03;315654,723;6433715,872;0;0;4,413038278;0
1081;52;2005;1;0;0;0;6,2501;1;10,46806098;0,160666667;321601,7251;6409548,844;0;0;5,120246901;-1,26522563
1082;52;2005;2;0;0;0;6,2501;1;0,000131567;0,193333333;321601,7251;6409548,844;0;0;5,120246901;-1,26522563
1083;52;2005;3;0;0;0;6,2501;1;27,33125836;0,201;321601,7251;6409548,844;0;0;5,120246901;0
1084;52;2005;4;0;0;0;6,2501;0;5,364973307;0,163;321601,7251;6409548,844;0;0;5,120246901;-1,206295294
1085;52;2005;5;0;0;0;6,2501;0;60,00789907;0,159666667;321601,7251;6409548,844;0;0;5,120246901;-1,26522563
1086;52;2005;6;0;0;0;6,2501;0;133,2192074;0,470666667;321601,7251;6409548,844;0;0;5,120246901;-1,26522563
1087;52;2005;7;0;0;0;6,2501;0;34,60757171;0,307333333;321601,7251;6409548,844;0;0;5,120246901;-1,26522563
1088;52;2005;8;0;0;0;6,2501;0;152,7099597;0,623333333;321601,7251;6409548,844;0;0;5,120246901;-1,26522563
1089;52;2005;9;0;0;0;6,2501;0;43,52213938;3,692;321601,7251;6409548,844;0;0;5,120246901;-1,26522563
1090;52;2005;10;0;0;0;6,2501;1;24,11122175;1,795666667;321601,7251;6409548,844;0;0;5,120246901;-1,26522563
1091;52;2005;11;0;0;0;6,2501;1;7,118316483;1,379333333;321601,7251;6409548,844;0;0;5,120246901;-1,242661655
1092;52;2005;12;0;0;0;6,2501;1;0;0,974;321601,7251;6409548,844;0;0;5,120246901;0
1093;52;2006;1;0;0;0;6,2501;1;5,695614935;0,554666667;321601,7251;6409548,844;0;0;5,120246901;-0,948630325
1094;52;2006;2;0;0;0;6,2501;1;2,866206378;0,428666667;321601,7251;6409548,844;0;0;5,120246901;-0,948630325
1095;52;2006;3;0;0;0;6,2501;1;0;0,176666667;321601,7251;6409548,844;0;0;5,120246901;0
1096;52;2006;4;0;0;0;6,2501;0;4,628840378;0,066333333;321601,7251;6409548,844;0;0;5,120246901;-0,904433511
1097;52;2006;5;0;0;0;6,2501;0;0,865542722;0,128;321601,7251;6409548,844;0;0;5,120246901;-0,948630325
1098;52;2006;6;0;0;0;6,2501;0;60,12872035;0,150666667;321601,7251;6409548,844;0;0;5,120246901;-0,948630325
1099;52;2006;7;0;0;0;6,2501;0;246,6778475;2,291333333;321601,7251;6409548,844;0;0;5,120246901;-0,948630325
1100;52;2006;8;0;0;0;6,2501;0;24,77740363;2,286333333;321601,7251;6409548,844;0;0;5,120246901;-0,948630325
1101;52;2006;9;0;0;0;6,2501;0;2,04303085;1,004333333;321601,7251;6409548,844;0;0;5,120246901;-0,948630325
1102;52;2006;10;0;0;0;6,2501;1;52,52784567;1,214666667;321601,7251;6409548,844;0;0;5,120246901;-0,948630325
1103;52;2006;11;0;0;0;6,2501;1;0,310828544;0,949;321601,7251;6409548,844;0;0;5,120246901;-0,939283726
1104;52;2006;12;0;0;0;6,2501;1;0;0,514666667;321601,7251;6409548,844;0;0;5,120246901;0
1105;52;2007;1;0;0;0;6,2501;1;6,682895904;0,311;321601,7251;6409548,844;0;0;5,120246901;-0,632140232
1106;52;2007;2;0;0;0;6,2501;1;7,081271813;0,292333333;321601,7251;6409548,844;0;0;5,120246901;-0,632140232
1107;52;2007;3;0;0;0;6,2501;1;26,86220887;0,307;321601,7251;6409548,844;0;0;5,120246901;0
1108;52;2007;4;0;0;0;6,2501;0;3,353652883;0,224666667;321601,7251;6409548,844;0;0;5,120246901;-0,602672044
1109;52;2007;5;0;0;0;6,2501;0;16,12109714;0,121;321601,7251;6409548,844;0;0;5,120246901;-0,632140232
1110;52;2007;6;0;0;0;6,2501;0;124,6609276;0,165;321601,7251;6409548,844;0;0;5,120246901;-0,632140232
1111;52;2007;7;0;0;0;6,2501;0;44,18847936;0,214;321601,7251;6409548,844;0;0;5,120246901;-0,632140232
1112;52;2007;8;0;0;0;6,2501;0;38,95892277;0,036333333;321601,7251;6409548,844;0;0;5,120246901;-0,632140232
1113;52;2007;9;0;0;0;6,2501;0;0,713107048;0,026;321601,7251;6409548,844;0;0;5,120246901;-0,632140232
1114;52;2007;10;0;0;0;6,2501;1;2,493926433;0,012333333;321601,7251;6409548,844;0;0;5,120246901;-0,632140232
1115;52;2007;11;0;0;0;6,2501;1;6,604423333;0,003666667;321601,7251;6409548,844;0;0;5,120246901;-0,636006616
1116;52;2007;12;0;0;0;6,2501;1;1,754242676;0;321601,7251;6409548,844;0;0;5,120246901;0
1117;52;2008;1;0;0;0;6,2501;1;2,087930536;0,131666667;321601,7251;6409548,844;0;0;5,120246901;-0,315755259
1118;52;2008;2;0;0;0;6,2501;1;2,534387845;0,142666667;321601,7251;6409548,844;0;0;5,120246901;-0,315755259
1119;52;2008;3;0;0;0;6,2501;1;18,25677695;0,106333333;321601,7251;6409548,844;0;0;5,120246901;0
1120;52;2008;4;0;0;0;6,2501;0;16,82602963;0,113666667;321601,7251;6409548,844;0;0;5,120246901;-0,301010804
1121;52;2008;5;0;0;0;6,2501;0;110,9821246;0,126333333;321601,7251;6409548,844;0;0;5,120246901;-0,315755259
1122;52;2008;6;0;0;0;6,2501;0;80,4366044;0,318333333;321601,7251;6409548,844;0;0;5,120246901;-0,315755259
1123;52;2008;7;0;0;0;6,2501;0;55,28486592;0,278333333;321601,7251;6409548,844;0;0;5,120246901;-0,315755259
1124;52;2008;8;0;0;0;6,2501;0;119,9225978;4,374;321601,7251;6409548,844;0;0;5,120246901;-0,315755259
1125;52;2008;9;0;0;0;6,2501;0;18,55082876;1,589333333;321601,7251;6409548,844;0;0;5,120246901;-0,315755259
1126;52;2008;10;0;0;0;6,2501;1;1,397701233;1,3;321601,7251;6409548,844;0;0;5,120246901;-0,315755259
1127;52;2008;11;0;0;0;6,2501;1;0;1,274333333;321601,7251;6409548,844;0;0;5,120246901;0
1128;52;2008;12;0;0;0;6,2501;1;0,596112355;0,589333333;321601,7251;6409548,844;0;0;5,120246901;0
1129;52;2009;1;0;0;0;6,2501;1;6,604610767;0,357333333;321601,7251;6409548,844;0;0;5,120246901;0,000524686
1130;52;2009;2;2;0;1;6,2501;1;5,09979673;0,215666667;321601,7251;6409548,844;1;0;5,120246901;0,000524686
1131;52;2009;3;0;0;0;14,16673333;1;4,357136299;0;321601,7251;6409548,844;0;0;4,740046782;0
1132;52;2009;4;0;0;0;22,08336667;0;0;0;321601,7251;6409548,844;0;0;4,119076535;0
1133;52;2009;5;1;0;0;30;0;8,20226509;0,12;321601,7251;6409548,844;0;0;2,147717527;0,000524686
1134;52;2009;6;2;0;1;1,04;0;95,01186245;0,139666667;321601,7251;6409548,844;1;0;6,933471419;0,000524686
1135;52;2009;7;5;0;1;49,82;0;26,22845742;0,220666667;321601,7251;6409548,844;1;0;3,313834101;0,000524686
1136;52;2009;8;2;0;0;13,5;0;100,9666676;0,667333333;321601,7251;6409548,844;0;0;4,805973575;0,000524686
1137;52;2009;9;2;0;1;6,85;0;45,73821431;0,800333333;321601,7251;6409548,844;1;0;4,33055724;0,000524686
1138;52;2009;10;2;0;0;46,5;1;3,377871987;0,599;321601,7251;6409548,844;0;0;2,261306883;0,000524686
1139;52;2009;11;0;0;0;23,75;1;1,487461275;0,488666667;321601,7251;6409548,844;0;0;5,144980349;-0,029754506
1140;52;2009;12;1;0;0;1;1;0;0,26;321601,7251;6409548,844;0;0;5,809764612;0
1141;52;2010;1;0;0;0;1,822111111;1;2,102924183;0,166333333;321601,7251;6409548,844;0;0;5,597287827;0,316699693
1142;52;2010;2;0;0;0;2,644222222;1;0,069471157;0,179;321601,7251;6409548,844;0;0;5,327134684;0,316699693
1143;52;2010;3;3;0;1;3,466333333;1;0;0,179;321601,7251;6409548,844;1;0;4,955831732;0
1144;52;2010;4;1;0;0;0,7;0;4,213218433;0,139333333;321601,7251;6409548,844;0;0;4,441785471;0,302011341
1145;52;2010;5;0;0;0;4,35;0;56,53083368;0,124;321601,7251;6409548,844;0;0;4,334582411;0,316699693
1146;52;2010;6;0;0;0;8;0;85,94661405;0,139333333;321601,7251;6409548,844;0;0;4,21449141;0,316699693
1147;52;2010;7;0;0;0;11,65;0;38,09180753;0,153;321601,7251;6409548,844;0;0;4,077984785;0,316699693
1148;52;2010;8;3;0;1;15,3;0;16,48752027;0,13;321601,7251;6409548,844;1;0;3,919853308;0,316699693
1149;52;2010;9;0;0;0;13,11666667;0;40,24692172;0,120666667;321601,7251;6409548,844;0;0;3,79016365;0,316699693
1150;52;2010;10;0;0;0;10,93333333;1;10,09016563;0,11;321601,7251;6409548,844;0;0;3,641112432;0,316699693
1151;52;2010;11;1;0;1;8,75;1;26,70607785;0,118333333;321601,7251;6409548,844;1;0;3,465886714;0,273220672
1152;52;2010;12;0;0;0;12,58335625;1;0,878117357;0,092666667;321601,7251;6409548,844;0;0;4,51241863;0
1153;52;2011;1;0;0;0;16,4167125;1;3,875924702;0,109;321601,7251;6409548,844;0;0;5,012494601;0,632769855
1154;52;2011;2;2;0;1;20,25006875;1;8,698871585;0,092;321601,7251;6409548,844;1;0;5,344324233;0,632769855
1155;52;2011;3;1;0;0;2;1;5,341775973;0,087;321601,7251;6409548,844;0;0;3,75474709;0
1156;52;2011;4;2;0;0;4,5;0;1,64514384;0;321601,7251;6409548,844;0;0;4,106735716;0,60337242
1157;52;2011;5;0;0;0;4;0;1,82489486;0;321601,7251;6409548,844;0;0;5,559149147;0,632769855
1158;52;2011;6;2;0;1;3,5;0;107,1708013;0,073333333;321601,7251;6409548,844;1;0;6,127863502;0,632769855
1159;52;2011;7;1;0;0;10,2;0;66,70942071;0,108666667;321601,7251;6409548,844;0;0;4,493103377;0,632769855
1160;52;2011;8;5;0;1;27,94;0;50,38990823;0;321601,7251;6409548,844;1;0;5,686620997;0,632769855
1161;52;2011;9;2;0;1;6,125;0;3,867547227;0,253;321601,7251;6409548,844;1;0;4,377233699;0,632769855
1162;52;2011;10;5;0;1;4,4636;1;15,02062777;0,282;321601,7251;6409548,844;1;0;4,702270125;0,632769855
1163;52;2011;11;0;0;0;5,057911111;1;0,135306631;0,250333333;321601,7251;6409548,844;0;0;4,928168587;0,57609538
1164;52;2011;12;9;0;1;5,652222222;1;0,950743668;0;321601,7251;6409548,844;1;0;5,112322544;0
1165;52;2012;1;1;1;0;2;1;7,06569829;0,101333333;321601,7251;6409548,844;0;1;4,718857271;0,948735263
1166;52;2012;2;1;1;0;4,81;1;3,4365411;0,129;321601,7251;6409548,844;0;1;4,477565075;0,948735263
1167;52;2012;3;3;1;1;11,93666667;1;0,02612568;0,106;321601,7251;6409548,844;1;1;3,925133637;0
1168;52;2012;4;2;1;0;27,7;0;19,32602977;0,092333333;321601,7251;6409548,844;0;1;4,07684881;0,90463362
1169;52;2012;5;1;1;0;2;0;45,09511183;0,100666667;321601,7251;6409548,844;0;1;4,543076416;0,948735263
1170;52;2012;6;2;1;0;2,595;0;61,50334587;0,099;321601,7251;6409548,844;0;1;5,48272009;0,948735263
1171;52;2012;7;1;1;1;87,5;0;5,309970067;0,099;321601,7251;6409548,844;1;1;-2,984271599;0,948735263
1172;52;2012;8;4;1;1;8,2975;0;71,39997169;0,097333333;321601,7251;6409548,844;1;1;4,841422027;0,948735263
1173;52;2012;9;5;1;0;2,408;0;9,186035129;0,097333333;321601,7251;6409548,844;0;1;4,873156776;0,948735263
1174;52;2012;10;0;0;0;3,848285714;1;32,7851235;0,093666667;321601,7251;6409548,844;0;0;4,816480411;0,948735263
1175;52;2012;11;7;1;1;5,288571429;1;5,24199945;0,082;321601,7251;6409548,844;1;1;4,756397817;0,878869706
1176;52;2012;12;2;1;1;2,75;1;17,32204742;0,069333333;321601,7251;6409548,844;1;1;5,127734213;0
1177;52;2013;1;1;1;1;1;1;15,72381879;0,074;321601,7251;6409548,844;1;1;4,473811276;1,264596008
1178;52;2013;2;2;1;1;21;1;5,613110891;0,051;321601,7251;6409548,844;1;1;4,651228732;1,264596008
1179;52;2013;3;3;1;0;7,103333333;1;2,20925516;0,051666667;321601,7251;6409548,844;0;1;4,814791727;0
1180;52;2013;4;0;0;0;4,551666667;0;2,737162045;0,046333333;321601,7251;6409548,844;0;0;5,004189886;1,205795027
1181;52;2013;5;1;1;1;2;0;104,5847726;0,054333333;321601,7251;6409548,844;1;1;5,163364797;1,264596008
1182;52;2013;6;0;0;0;2,138;0;34,79980717;0,061333333;321601,7251;6409548,844;0;0;5,136375174;1,264596008
1183;52;2013;7;0;0;0;2,276;0;18,9150256;0,063333333;321601,7251;6409548,844;0;0;5,108636859;1,264596008
1184;52;2013;8;0;0;0;2,414;0;26,86831591;0,071666667;321601,7251;6409548,844;0;0;5,080107124;1,264596008
1185;52;2013;9;0;0;0;2,552;0;9,77052282;0,076;321601,7251;6409548,844;0;0;5,05073948;1,264596008
1186;52;2013;10;2;1;1;2,69;1;3,339705373;0,083;321601,7251;6409548,844;1;1;5,020483215;1,264596008
1187;52;2013;11;0;0;0;2,69;1;7,795304786;0,083;321601,7251;6409548,844;0;0;5,020483215;1,181543739
1188;52;2013;12;0;0;0;2,69;1;0,724100458;0,057666667;321601,7251;6409548,844;0;0;5,020483215;0
1189;52;2014;1;0;0;0;2,69;1;4,126398919;0,046;321601,7251;6409548,844;0;0;5,020483215;1,58035218
1190;52;2014;2;0;0;0;2,69;1;10,45262798;0,040666667;321601,7251;6409548,844;0;0;5,020483215;1,58035218
1191;52;2014;3;0;0;0;2,69;1;6,66661986;0,040666667;321601,7251;6409548,844;0;0;5,020483215;0
1192;52;2014;4;0;0;0;2,69;0;1,30154859;0,041333333;321601,7251;6409548,844;0;0;5,020483215;1,506856728
1193;52;2014;5;0;0;0;2,69;0;7,948223732;0,048666667;321601,7251;6409548,844;0;0;5,020483215;1,58035218
1194;52;2014;6;0;0;0;2,69;0;97,67098243;0,066333333;321601,7251;6409548,844;0;0;5,020483215;1,58035218
1195;52;2014;7;0;0;0;2,69;0;22,6757785;0,07;321601,7251;6409548,844;0;0;5,020483215;1,58035218
1196;52;2014;8;0;0;0;2,69;0;38,72637099;0,066333333;321601,7251;6409548,844;0;0;5,020483215;1,58035218
1197;52;2014;9;0;0;0;2,69;0;36,32374583;0,067;321601,7251;6409548,844;0;0;5,020483215;1,58035218
1198;52;2014;10;0;0;0;2,69;1;8,00878005;0,000333333;321601,7251;6409548,844;0;0;5,020483215;1,58035218
1199;52;2014;11;0;0;0;2,69;1;5,0878398;0,000333333;321601,7251;6409548,844;0;0;5,020483215;1,484117565
1200;52;2014;12;0;0;0;2,69;1;0,332600675;0,047;321601,7251;6409548,844;0;0;5,020483215;0
1201;53;2005;1;0;0;0;11,24686667;1;0;0,019;276406,0805;6383100,075;0;0;1,028414233;0
1202;53;2005;2;0;0;0;11,24686667;1;0;0,012;276406,0805;6383100,075;0;0;1,028414233;0
1203;53;2005;3;0;0;0;11,24686667;1;9,7788873;0,011;276406,0805;6383100,075;0;0;1,028414233;0
1204;53;2005;4;0;0;0;11,24686667;0;2,2142345;0,011;276406,0805;6383100,075;0;0;1,028414233;0
1205;53;2005;5;0;0;0;11,24686667;0;96,6001558;0,011;276406,0805;6383100,075;0;0;1,028414233;-1,169668925
1206;53;2005;6;0;0;0;11,24686667;0;133,658057;0,011;276406,0805;6383100,075;0;0;1,028414233;-1,26522563
1207;53;2005;7;0;0;0;11,24686667;0;51,94903547;0,031;276406,0805;6383100,075;0;0;1,028414233;-1,169773714
1208;53;2005;8;0;0;0;11,24686667;0;138,3514339;0,417;276406,0805;6383100,075;0;0;1,028414233;-1,26522563
1209;53;2005;9;0;0;0;11,24686667;0;24,3240037;0,232;276406,0805;6383100,075;0;0;1,028414233;0
1210;53;2005;10;0;0;0;11,24686667;1;21,36610995;0,046;276406,0805;6383100,075;0;0;1,028414233;0
1211;53;2005;11;0;0;0;11,24686667;1;10,8871057;0,03;276406,0805;6383100,075;0;0;1,028414233;0
1212;53;2005;12;0;0;0;11,24686667;1;0;0,018;276406,0805;6383100,075;0;0;1,028414233;0
1213;53;2006;1;0;0;0;11,24686667;1;0;0;276406,0805;6383100,075;0;0;1,028414233;0
1214;53;2006;2;0;0;0;11,24686667;1;0;0;276406,0805;6383100,075;0;0;1,028414233;0
1215;53;2006;3;0;0;0;11,24686667;1;0;0,008;276406,0805;6383100,075;0;0;1,028414233;0
1216;53;2006;4;0;0;0;11,24686667;0;2,9864016;0,008;276406,0805;6383100,075;0;0;1,028414233;0
1217;53;2006;5;0;0;0;11,24686667;0;16,45584066;0,008;276406,0805;6383100,075;0;0;1,028414233;-0,861576159
1218;53;2006;6;0;0;0;11,24686667;0;81,9072907;0,009;276406,0805;6383100,075;0;0;1,028414233;-0,948630325
1219;53;2006;7;0;0;0;11,24686667;0;224,6285657;0;276406,0805;6383100,075;0;0;1,028414233;-0,853334878
1220;53;2006;8;0;0;0;11,24686667;0;43,92419355;0;276406,0805;6383100,075;0;0;1,028414233;-0,948630325
1221;53;2006;9;0;0;0;11,24686667;0;5,28737941;0;276406,0805;6383100,075;0;0;1,028414233;0
1222;53;2006;10;0;0;0;11,24686667;1;64,0958762;0;276406,0805;6383100,075;0;0;1,028414233;0
1223;53;2006;11;0;0;0;11,24686667;1;0;0;276406,0805;6383100,075;0;0;1,028414233;0
1224;53;2006;12;0;0;0;11,24686667;1;0;0;276406,0805;6383100,075;0;0;1,028414233;0
1225;53;2007;1;0;0;0;11,24686667;1;0;0;276406,0805;6383100,075;0;0;1,028414233;0
1226;53;2007;2;0;0;0;11,24686667;1;5,7965688;0;276406,0805;6383100,075;0;0;1,028414233;0
1227;53;2007;3;0;0;0;11,24686667;1;11,2343862;0;276406,0805;6383100,075;0;0;1,028414233;0
1228;53;2007;4;0;0;0;11,24686667;0;0;0;276406,0805;6383100,075;0;0;1,028414233;0
1229;53;2007;5;0;0;0;11,24686667;0;12,4571612;0,011;276406,0805;6383100,075;0;0;1,028414233;-0,553585777
1230;53;2007;6;0;0;0;11,24686667;0;107,1266075;0;276406,0805;6383100,075;0;0;1,028414233;-0,632140232
1231;53;2007;7;0;0;0;11,24686667;0;45,5244357;0,012;276406,0805;6383100,075;0;0;1,028414233;-0,537001201
1232;53;2007;8;0;0;0;11,24686667;0;44,60417628;0;276406,0805;6383100,075;0;0;1,028414233;-0,632140232
1233;53;2007;9;0;0;0;11,24686667;0;0;0;276406,0805;6383100,075;0;0;1,028414233;0
1234;53;2007;10;0;0;0;11,24686667;1;0;0;276406,0805;6383100,075;0;0;1,028414233;0
1235;53;2007;11;0;0;0;11,24686667;1;0;0;276406,0805;6383100,075;0;0;1,028414233;0
1236;53;2007;12;0;0;0;11,24686667;1;0;0;276406,0805;6383100,075;0;0;1,028414233;0
1237;53;2008;1;0;0;0;11,24686667;1;0;0;276406,0805;6383100,075;0;0;1,028414233;0
1238;53;2008;2;0;0;0;11,24686667;1;0;0;276406,0805;6383100,075;0;0;1,028414233;0
1239;53;2008;3;0;0;0;11,24686667;1;12,821557;0;276406,0805;6383100,075;0;0;1,028414233;0
1240;53;2008;4;0;0;0;11,24686667;0;22,66232643;0,003;276406,0805;6383100,075;0;0;1,028414233;0
1241;53;2008;5;0;0;0;11,24686667;0;129,8955208;0,007;276406,0805;6383100,075;0;0;1,028414233;-0,245697692
1242;53;2008;6;0;0;0;11,24686667;0;75,5701459;0,121;276406,0805;6383100,075;0;0;1,028414233;-0,315755259
1243;53;2008;7;0;0;0;11,24686667;0;91,3997662;0,099;276406,0805;6383100,075;0;0;1,028414233;-0,22077259
1244;53;2008;8;0;0;0;11,24686667;0;115,2096546;1,119;276406,0805;6383100,075;0;0;1,028414233;-0,315755259
1245;53;2008;9;0;0;0;11,24686667;0;5,630312183;0,097;276406,0805;6383100,075;0;0;1,028414233;0
1246;53;2008;10;0;0;0;11,24686667;1;0;0,05;276406,0805;6383100,075;0;0;1,028414233;0
1247;53;2008;11;0;0;0;11,24686667;1;0;0,033;276406,0805;6383100,075;0;0;1,028414233;0
1248;53;2008;12;0;0;0;11,24686667;1;0;0,02;276406,0805;6383100,075;0;0;1,028414233;0
1249;53;2009;1;0;0;0;11,24686667;1;0;0,005;276406,0805;6383100,075;0;0;1,028414233;0
1250;53;2009;2;3;1;0;11,24686667;1;0;0,003;276406,0805;6383100,075;0;1;1,028414233;0
1251;53;2009;3;0;0;0;11,30874286;1;0;0;276406,0805;6383100,075;0;0;1,203883366;0
1252;53;2009;4;0;0;0;11,37061905;0;0;0;276406,0805;6383100,075;0;0;1,35311055;0
1253;53;2009;5;0;0;0;11,43249524;0;8,1754718;0,003;276406,0805;6383100,075;0;0;1,482933346;0,062088187
1254;53;2009;6;0;0;0;11,49437143;0;129,6444056;0,006;276406,0805;6383100,075;0;0;1,597822379;0,000524686
1255;53;2009;7;0;0;0;11,55624762;0;16,83563493;0,014;276406,0805;6383100,075;0;0;1,700861648;0,095351045
1256;53;2009;8;0;0;0;11,61812381;0;115,2546832;0,563;276406,0805;6383100,075;0;0;1,794268609;0,000524686
1257;53;2009;9;1;1;0;11,68;0;21,32826992;0,066;276406,0805;6383100,075;0;1;1,879691199;0
1258;53;2009;10;0;0;0;8,056666667;1;0,74621218;0,041;276406,0805;6383100,075;0;0;2,019563115;0
1259;53;2009;11;3;1;0;4,433333333;1;0;0,032;276406,0805;6383100,075;0;1;2,142250025;0
1260;53;2009;12;0;0;0;3,555555556;1;0;0,017;276406,0805;6383100,075;0;0;4,243090415;0
1261;53;2010;1;0;0;0;2,677777778;1;0;0,003;276406,0805;6383100,075;0;0;4,873109514;0
1262;53;2010;2;1;0;0;1,8;1;0;0,003;276406,0805;6383100,075;0;0;5,25661416;0
1263;53;2010;3;1;0;0;0,6;1;0;0,003;276406,0805;6383100,075;0;0;5,067372803;0
1264;53;2010;4;0;0;0;0,568133333;0;3,0911168;0,003;276406,0805;6383100,075;0;0;4,954749885;0
1265;53;2010;5;0;0;0;0,536266667;0;47,78927278;0;276406,0805;6383100,075;0;0;4,827814045;0,369771948
1266;53;2010;6;0;0;0;0,5044;0;129,081726;0,003;276406,0805;6383100,075;0;0;4,682390306;0,316699693
1267;53;2010;7;0;0;0;0,472533333;0;54,67822039;0,013;276406,0805;6383100,075;0;0;4,512159916;0,411369796
1268;53;2010;8;0;0;0;0,440666667;0;10,745743;0,03;276406,0805;6383100,075;0;0;4,306883339;0,316699693
1269;53;2010;9;1;2;0;0,4088;0;34,6350516;0,027;276406,0805;6383100,075;0;1;4,048287961;0
1270;53;2010;10;0;0;0;16,2644;1;17,329116;0,023;276406,0805;6383100,075;0;0;3,490575538;0
1271;53;2010;11;1;2;0;32,12;1;10,631976;0,019;276406,0805;6383100,075;0;1;2,11750425;0
1272;53;2010;12;0;0;0;16,26;1;0;0,005;276406,0805;6383100,075;0;0;7,631004654;0
1273;53;2011;1;2;1;0;0,4;1;0;0,003;276406,0805;6383100,075;0;1;8,322133815;0
1274;53;2011;2;0;0;0;4,940255;1;6,468047;0,003;276406,0805;6383100,075;0;0;7,636660213;0
1275;53;2011;3;2;3;0;9,48051;1;6,156418;0,003;276406,0805;6383100,075;0;1;3,456000834;0
1276;53;2011;4;0;0;0;6,509228889;0;7,14642734;0,003;276406,0805;6383100,075;0;0;6,831613328;0
1277;53;2011;5;0;0;0;3,537947778;0;0;0,003;276406,0805;6383100,075;0;0;7,507514056;0
1278;53;2011;6;3;1;0;0,566666667;0;118,2344731;0,003;276406,0805;6383100,075;0;1;7,90716361;0,632769855
1279;53;2011;7;0;0;0;8,383333333;0;62,51688229;0,003;276406,0805;6383100,075;0;0;7,323539767;0,727283755
1280;53;2011;8;1;1;0;16,2;0;59,5511532;0,003;276406,0805;6383100,075;0;1;5,750807413;0,632769855
1281;53;2011;9;1;1;0;0,1;0;0;0,003;276406,0805;6383100,075;0;1;8,342839804;0
1282;53;2011;10;3;3;0;0,872533333;1;6,07506504;0,008;276406,0805;6383100,075;0;1;7,314382163;0
1283;53;2011;11;0;0;0;1,686266667;1;0;0,009;276406,0805;6383100,075;0;0;7,09163749;0
1284;53;2011;12;2;1;0;2,5;1;0;0;276406,0805;6383100,075;0;1;6,804619863;0
1285;53;2012;1;2;4;0;6,46;1;0;0,004;276406,0805;6383100,075;0;1;3,834721292;0
1286;53;2012;2;1;1;0;5;1;0;0,003;276406,0805;6383100,075;0;1;6,214608098;0
1287;53;2012;3;1;4;0;1,46;1;0;0,003;276406,0805;6383100,075;0;1;2,721425556;0
1288;53;2012;4;8;1;0;0,038508;0;8,15855972;0,003;276406,0805;6383100,075;0;1;1,749590346;0
1289;53;2012;5;4;1;0;0,057762;0;97,797113;0,003;276406,0805;6383100,075;0;1;1,747658952;0,984833471
1290;53;2012;6;2;4;0;0,3909;0;112,1871173;0,422;276406,0805;6383100,075;0;1;7,704760999;0,948735263
1291;53;2012;7;1;1;0;0,6;0;0;0,105;276406,0805;6383100,075;0;1;6,864370467;0
1292;53;2012;8;1;1;0;0,038508;0;74,8246452;0,044;276406,0805;6383100,075;0;1;5,43827583;0,948735263
1293;53;2012;9;0;0;0;0,933004;0;8,7688297;0,032;276406,0805;6383100,075;0;0;5,895576554;0
1294;53;2012;10;4;1;0;1,8275;1;58,9169144;0,03;276406,0805;6383100,075;0;1;6,208202459;0
1295;53;2012;11;0;0;0;2,41375;1;4,04520349;0,035;276406,0805;6383100,075;0;0;5,529600974;0
1296;53;2012;12;1;0;0;3;1;17,920032;0;276406,0805;6383100,075;0;0;1,985023978;0
1297;53;2013;1;4;1;0;2,66741065;1;0;0,008;276406,0805;6383100,075;0;1;7,639664866;0
1298;53;2013;2;4;1;0;2,425;1;0;0,003;276406,0805;6383100,075;0;1;7,413706766;0
1299;53;2013;3;2;4;0;0,9344;1;1,7693771;0,002;276406,0805;6383100,075;0;1;3,393532454;0
1300;53;2013;4;1;1;0;0,07409;0;0;0,002;276406,0805;6383100,075;0;1;1,081984738;0
1301;53;2013;5;2;1;0;1,55;0;126,0255657;0,002;276406,0805;6383100,075;0;1;8,821582973;1,29221141
1302;53;2013;6;0;0;0;2,845016667;0;36,846738;0,002;276406,0805;6383100,075;0;0;8,18608618;1,264596008
1303;53;2013;7;6;4;0;4,140033333;0;25,50336158;0,002;276406,0805;6383100,075;0;1;5,99718834;1,358797661
1304;53;2013;8;0;0;0;3,66525;0;28,6240989;0,002;276406,0805;6383100,075;0;0;5,761738595;1,264596008
1305;53;2013;9;0;0;0;3,190466667;0;0,00351411;0,002;276406,0805;6383100,075;0;0;5,453203559;0
1306;53;2013;10;0;0;0;2,715683333;1;0;0,002;276406,0805;6383100,075;0;0;5,004680822;0
1307;53;2013;11;2;4;0;2,2409;1;0;0,002;276406,0805;6383100,075;0;1;4,16997679;0
1308;53;2013;12;0;0;0;2,2409;1;0;0,002;276406,0805;6383100,075;0;0;4,16997679;0
1309;53;2014;1;0;0;0;2,2409;1;0;0,002;276406,0805;6383100,075;0;0;4,16997679;0
1310;53;2014;2;0;0;0;2,2409;1;4,3495843;0,002;276406,0805;6383100,075;0;0;4,16997679;0
1311;53;2014;3;0;0;0;2,2409;1;0,029779997;0,002;276406,0805;6383100,075;0;0;4,16997679;0
1312;53;2014;4;0;0;0;2,2409;0;0;0,002;276406,0805;6383100,075;0;0;4,16997679;0
1313;53;2014;5;0;0;0;2,2409;0;22,47150156;0,002;276406,0805;6383100,075;0;0;4,16997679;1,599487587
1314;53;2014;6;0;0;0;2,2409;0;128,7719711;0,003;276406,0805;6383100,075;0;0;4,16997679;1,58035218
1315;53;2014;7;0;0;0;2,2409;0;46,2820352;0,005;276406,0805;6383100,075;0;0;4,16997679;1,674397789
1316;53;2014;8;0;0;0;2,2409;0;59,5153983;0,026;276406,0805;6383100,075;0;0;4,16997679;1,58035218
1317;53;2014;9;0;0;0;2,2409;0;56,12662389;0,038;276406,0805;6383100,075;0;0;4,16997679;0
1318;53;2014;10;0;0;0;2,2409;1;0;0,022;276406,0805;6383100,075;0;0;4,16997679;0
1319;53;2014;11;0;0;0;2,2409;1;7,0447588;0,022;276406,0805;6383100,075;0;0;4,16997679;0
1320;53;2014;12;0;0;0;2,2409;1;0;0,019;276406,0805;6383100,075;0;0;4,16997679;0
1321;54;2005;1;0;0;0;2,836707969;1;16,18087801;3,085961538;344556,3868;6372956,136;0;0;6,006970656;-1,26522563
1322;54;2005;2;0;0;0;2,836707969;1;0,622400453;1,943923077;344556,3868;6372956,136;0;0;6,006970656;-1,26522563
1323;54;2005;3;0;0;0;2,836707969;1;31,74421766;1,707076923;344556,3868;6372956,136;0;0;6,006970656;-1,26522563
1324;54;2005;4;0;0;0;2,836707969;0;11,86854542;1,1775;344556,3868;6372956,136;0;0;6,006970656;-1,26522563
1325;54;2005;5;0;0;0;2,836707969;0;72,42751031;1,596461538;344556,3868;6372956,136;0;0;6,006970656;-1,26522563
1326;54;2005;6;0;0;0;2,836707969;0;219,0286146;4,406846154;344556,3868;6372956,136;0;0;6,006970656;-1,26522563
1327;54;2005;7;0;0;0;2,836707969;0;23,45052965;3,117192308;344556,3868;6372956,136;0;0;6,006970656;-1,26522563
1328;54;2005;8;0;0;0;2,836707969;0;203,9917023;4,503346154;344556,3868;6372956,136;0;0;6,006970656;-1,26522563
1329;54;2005;9;0;0;0;2,836707969;0;26,52497344;5,203538462;344556,3868;6372956,136;0;0;6,006970656;-1,26522563
1330;54;2005;10;0;0;0;2,836707969;1;10,58754704;7,002384615;344556,3868;6372956,136;0;0;6,006970656;-1,26522563
1331;54;2005;11;0;0;0;2,836707969;1;7,510357137;17,04946154;344556,3868;6372956,136;0;0;6,006970656;-1,242661655
1332;54;2005;12;0;0;0;2,836707969;1;0,074619502;22,10384615;344556,3868;6372956,136;0;0;6,006970656;-1,26522563
1333;54;2006;1;0;0;0;2,836707969;1;8,070640064;14,32684615;344556,3868;6372956,136;0;0;6,006970656;-0,948630325
1334;54;2006;2;0;0;0;2,836707969;1;10,98696819;8,677961538;344556,3868;6372956,136;0;0;6,006970656;-0,948630325
1335;54;2006;3;0;0;0;2,836707969;1;0,109206719;3,331769231;344556,3868;6372956,136;0;0;6,006970656;-0,948630325
1336;54;2006;4;0;0;0;2,836707969;0;4,244179537;2,244;344556,3868;6372956,136;0;0;6,006970656;-0,948630325
1337;54;2006;5;0;0;0;2,836707969;0;7,132617691;2,014807692;344556,3868;6372956,136;0;0;6,006970656;-0,948630325
1338;54;2006;6;0;0;0;2,836707969;0;71,46065156;2,411346154;344556,3868;6372956,136;0;0;6,006970656;-0,948630325
1339;54;2006;7;0;0;0;2,836707969;0;308,3162787;4,951346154;344556,3868;6372956,136;0;0;6,006970656;-0,948630325
1340;54;2006;8;0;0;0;2,836707969;0;36,81680308;3,603692308;344556,3868;6372956,136;0;0;6,006970656;-0,948630325
1341;54;2006;9;0;0;0;2,836707969;0;3,188827134;3,549230769;344556,3868;6372956,136;0;0;6,006970656;-0,948630325
1342;54;2006;10;0;0;0;2,836707969;1;64,44660568;5,873576923;344556,3868;6372956,136;0;0;6,006970656;-0,948630325
1343;54;2006;11;0;0;0;2,836707969;1;0,314990555;12,38296154;344556,3868;6372956,136;0;0;6,006970656;-0,939283726
1344;54;2006;12;0;0;0;2,836707969;1;0,216730217;13,0115;344556,3868;6372956,136;0;0;6,006970656;-0,948630325
1345;54;2007;1;0;0;0;2,836707969;1;3,013608982;10,22619231;344556,3868;6372956,136;0;0;6,006970656;-0,632140232
1346;54;2007;2;0;0;0;2,836707969;1;10,95826055;3,557961538;344556,3868;6372956,136;0;0;6,006970656;-0,632140232
1347;54;2007;3;0;0;0;2,836707969;1;20,61838768;2,473115385;344556,3868;6372956,136;0;0;6,006970656;-0,632140232
1348;54;2007;4;0;0;0;2,836707969;0;4,750621425;1,731807692;344556,3868;6372956,136;0;0;6,006970656;-0,632140232
1349;54;2007;5;0;0;0;2,836707969;0;13,8430686;0,952923077;344556,3868;6372956,136;0;0;6,006970656;-0,632140232
1350;54;2007;6;0;0;0;2,836707969;0;134,2716016;2,049;344556,3868;6372956,136;0;0;6,006970656;-0,632140232
1351;54;2007;7;0;0;0;2,836707969;0;79,08709995;2,343961538;344556,3868;6372956,136;0;0;6,006970656;-0,632140232
1352;54;2007;8;0;0;0;2,836707969;0;26,71009732;0,529038462;344556,3868;6372956,136;0;0;6,006970656;-0,632140232
1353;54;2007;9;0;0;0;2,836707969;0;0,034072898;0,760653846;344556,3868;6372956,136;0;0;6,006970656;-0,632140232
1354;54;2007;10;0;0;0;2,836707969;1;0,579862803;1,361076923;344556,3868;6372956,136;0;0;6,006970656;-0,632140232
1355;54;2007;11;0;0;0;2,836707969;1;5,023811319;2,441538462;344556,3868;6372956,136;0;0;6,006970656;-0,636006616
1356;54;2007;12;0;0;0;2,836707969;1;11,77149373;2,066269231;344556,3868;6372956,136;0;0;6,006970656;-0,632140232
1357;54;2008;1;0;0;0;2,836707969;1;3,932184815;2,610192308;344556,3868;6372956,136;0;0;6,006970656;-0,315755259
1358;54;2008;2;0;0;0;2,836707969;1;6,841024239;1,419;344556,3868;6372956,136;0;0;6,006970656;-0,315755259
1359;54;2008;3;0;0;0;2,836707969;1;13,33095147;1,439961538;344556,3868;6372956,136;0;0;6,006970656;-0,315755259
1360;54;2008;4;0;0;0;2,836707969;0;12,87013112;1,259884615;344556,3868;6372956,136;0;0;6,006970656;-0,315755259
1361;54;2008;5;0;0;0;2,836707969;0;185,4375178;3,248538462;344556,3868;6372956,136;0;0;6,006970656;-0,315755259
1362;54;2008;6;0;0;0;2,836707969;0;99,50109521;4,909230769;344556,3868;6372956,136;0;0;6,006970656;-0,315755259
1363;54;2008;7;0;0;0;2,836707969;0;49,01750037;2,216115385;344556,3868;6372956,136;0;0;6,006970656;-0,315755259
1364;54;2008;8;0;0;0;2,836707969;0;144,5807535;4,177846154;344556,3868;6372956,136;0;0;6,006970656;-0,315755259
1365;54;2008;9;0;0;0;2,836707969;0;3,767181057;2,709115385;344556,3868;6372956,136;0;0;6,006970656;-0,315755259
1366;54;2008;10;0;0;0;2,836707969;1;0,009388227;5,548769231;344556,3868;6372956,136;0;0;6,006970656;-0,315755259
1367;54;2008;11;0;0;0;2,836707969;1;0;18,04961538;344556,3868;6372956,136;0;0;6,006970656;0
1368;54;2008;12;0;0;0;2,836707969;1;1,033483817;15,46584615;344556,3868;6372956,136;0;0;6,006970656;-0,315755259
1369;54;2009;1;13;1;1;2,836707969;1;16,17128862;6,279538462;344556,3868;6372956,136;1;1;6,006970656;0,000524686
1370;54;2009;2;12;1;1;2,502970733;1;7,435796066;3,465692308;344556,3868;6372956,136;1;1;5,538981995;0,000524686
1371;54;2009;3;18;1;1;4,143465609;1;2,423574526;2,284884615;344556,3868;6372956,136;1;1;4,53419019;0,000524686
1372;54;2009;4;14;1;1;12,68051786;0;5,69E-05;1,238076923;344556,3868;6372956,136;1;1;5,407088667;0,000524686
1373;54;2009;5;21;1;1;4,59105857;0;15,02376016;1,557846154;344556,3868;6372956,136;1;1;4,227317993;0,000524686
1374;54;2009;6;30;1;1;2,255329333;0;103,0750333;1,822807692;344556,3868;6372956,136;1;1;5,260522932;0,000524686
1375;54;2009;7;18;1;1;7,272208556;0;22,30439231;2,228192308;344556,3868;6372956,136;1;1;5,207990903;0,000524686
1376;54;2009;8;22;1;1;2,816702409;0;114,3901981;2,5865;344556,3868;6372956,136;1;1;6,514966977;0,000524686
1377;54;2009;9;20;1;1;4,191535834;0;78,67301342;2,806884615;344556,3868;6372956,136;1;1;3,792619192;0,000524686
1378;54;2009;10;26;1;1;8,874793225;1;4,040750351;2,694538462;344556,3868;6372956,136;1;1;8,527424512;0,000524686
1379;54;2009;11;21;1;1;5,262658185;1;5,420970677;4,629192308;344556,3868;6372956,136;1;1;4,319576736;-0,029754506
1380;54;2009;12;17;1;1;2,634576471;1;0,026296196;7,125961538;344556,3868;6372956,136;1;1;5,44391053;0,000524686
1381;54;2010;1;20;2;1;4,879970168;1;3,144050522;5,072961538;344556,3868;6372956,136;1;1;5,527896614;0,316699693
1382;54;2010;2;15;2;1;1,719344933;1;1,592342025;2,863730769;344556,3868;6372956,136;1;1;4,547683192;0,316699693
1383;54;2010;3;13;2;0;4,244051923;1;0,018345753;2,557384615;344556,3868;6372956,136;0;1;4,505159585;0,316699693
1384;54;2010;4;11;2;1;1,745974196;0;1,923124738;1,6935;344556,3868;6372956,136;1;1;4,84577646;0,316699693
1385;54;2010;5;12;2;1;3,34209865;0;36,93731989;1,650115385;344556,3868;6372956,136;1;1;5,614169963;0,316699693
1386;54;2010;6;22;2;1;1,918418818;0;90,28454345;1,880307692;344556,3868;6372956,136;1;1;5,631404737;0,316699693
1387;54;2010;7;13;2;1;4,088204231;0;31,02671825;1,733192308;344556,3868;6372956,136;1;1;8,002211644;0,316699693
1388;54;2010;8;26;2;1;3,282568154;0;7,511372132;1,333384615;344556,3868;6372956,136;1;1;4,790346109;0,316699693
1389;54;2010;9;22;2;1;5,268024545;0;15,78522241;0,885192308;344556,3868;6372956,136;1;1;5,02054237;0,316699693
1390;54;2010;10;20;2;1;3,0431395;1;11,28434141;1,074230769;344556,3868;6372956,136;1;1;7,199271248;0,316699693
1391;54;2010;11;22;2;1;3,942240091;1;28,58905469;1,936230769;344556,3868;6372956,136;1;1;4,642398176;0,273220672
1392;54;2010;12;24;2;1;4,118576346;1;3,225206541;1,423653846;344556,3868;6372956,136;1;1;4,871875312;0,316699693
1393;54;2011;1;14;3;1;7,394688571;1;8,069881836;1,532423077;344556,3868;6372956,136;1;1;4,565252967;0,632769855
1394;54;2011;2;20;3;1;3,043655;1;14,30282584;1,683615385;344556,3868;6372956,136;1;1;4,929100852;0,632769855
1395;54;2011;3;34;3;1;3,289892379;1;2,149933066;1,157115385;344556,3868;6372956,136;1;1;6,0348266;0,632769855
1396;54;2011;4;22;3;1;3,794395726;0;1,439463142;0,763807692;344556,3868;6372956,136;1;1;8,200947175;0,632769855
1397;54;2011;5;27;3;1;3,780064237;0;0,531093443;0,681653846;344556,3868;6372956,136;1;1;8,777652956;0,632769855
1398;54;2011;6;21;3;1;3,184075714;0;83,33123409;0,776384615;344556,3868;6372956,136;1;1;9,467309672;0,632769855
1399;54;2011;7;22;3;1;3,232687091;0;53,54106639;0,988346154;344556,3868;6372956,136;1;1;6,467964896;0,632769855
1400;54;2011;8;22;3;1;6,308311994;0;60,83012834;0,444730769;344556,3868;6372956,136;1;1;5,839795362;0,632769855
1401;54;2011;9;22;3;1;2,327072418;0;3,968588719;0,903769231;344556,3868;6372956,136;1;1;5,027823558;0,632769855
1402;54;2011;10;27;3;1;8,102185333;1;5,83021167;1,302230769;344556,3868;6372956,136;1;1;6,224778105;0,632769855
1403;54;2011;11;29;3;1;6,375473117;1;2,538222936;2,538423077;344556,3868;6372956,136;1;1;6,111366835;0,57609538
1404;54;2011;12;20;3;1;11,34771123;1;0,918987592;0,761538462;344556,3868;6372956,136;1;1;5,473373723;0,632769855
1405;54;2012;1;19;4;1;4,538049684;1;16,24646397;2,163807692;344556,3868;6372956,136;1;1;5,305666917;0,948735263
1406;54;2012;2;18;4;1;4,474111333;1;1,958991128;1,739576923;344556,3868;6372956,136;1;1;4,706310552;0,948735263
1407;54;2012;3;21;4;1;1,774849029;1;5,441184199;1,341384615;344556,3868;6372956,136;1;1;5,377110302;0,948735263
1408;54;2012;4;25;4;1;8,16961576;0;21,54248427;0,943730769;344556,3868;6372956,136;1;1;8,393803539;0,948735263
1409;54;2012;5;30;4;1;3,108727712;0;75,64308692;1,1295;344556,3868;6372956,136;1;1;5,195846918;0,948735263
1410;54;2012;6;13;4;1;10,77378879;0;86,35095395;1,711538462;344556,3868;6372956,136;1;1;5,046453299;0,948735263
1411;54;2012;7;25;4;1;5,29475488;0;8,472771262;1,449192308;344556,3868;6372956,136;1;1;4,410000756;0,948735263
1412;54;2012;8;39;4;1;3,79118259;0;41,72738949;0,840307692;344556,3868;6372956,136;1;1;7,074951457;0,948735263
1413;54;2012;9;25;4;1;7,15845144;0;2,455838484;0,922307692;344556,3868;6372956,136;1;1;8,428860533;0,948735263
1414;54;2012;10;22;4;1;2,791307727;1;25,41087944;1,076;344556,3868;6372956,136;1;1;4,567138956;0,948735263
1415;54;2012;11;26;4;1;14,44515712;1;1,681283132;3,461076923;344556,3868;6372956,136;1;1;5,010320297;0,878869706
1416;54;2012;12;27;4;1;3,546078147;1;19,82176949;2,727423077;344556,3868;6372956,136;1;1;5,122133133;0,948735263
1417;54;2013;1;21;4;1;3,928982248;1;19,49376326;2,602615385;344556,3868;6372956,136;1;1;8,431207024;1,264596008
1418;54;2013;2;20;4;1;86,95000793;1;6,65701475;2,126923077;344556,3868;6372956,136;1;1;7,059048783;1,264596008
1419;54;2013;3;23;4;1;2,493713043;1;1,642873088;1,279461538;344556,3868;6372956,136;1;1;6,130160625;1,264596008
1420;54;2013;4;22;4;1;5,143954709;0;2,082765972;0,791961538;344556,3868;6372956,136;1;1;5,656704237;1,264596008
1421;54;2013;5;28;4;1;2,48682;0;122,0324633;0,987846154;344556,3868;6372956,136;1;1;4,811493777;1,264596008
1422;54;2013;6;21;4;1;3,814800952;0;42,07468157;1,532192308;344556,3868;6372956,136;1;1;5,916576962;1,264596008
1423;54;2013;7;24;4;1;65,576855;0;14,49445286;1,400538462;344556,3868;6372956,136;1;1;6,885209078;1,264596008
1424;54;2013;8;18;4;1;13,40717778;0;39,86964515;1,028192308;344556,3868;6372956,136;1;1;5,634363858;1,264596008
1425;54;2013;9;15;4;0;12,61391333;0;19,86667792;0,778115385;344556,3868;6372956,136;0;1;4,765270594;1,264596008
1426;54;2013;10;12;4;1;1,56275;1;1,899069303;1,270346154;344556,3868;6372956,136;1;1;4,476020079;1,264596008
1427;54;2013;11;14;4;1;34,79300957;1;5,404103159;2,889384615;344556,3868;6372956,136;1;1;5,156164335;1,181543739
1428;54;2013;12;10;4;1;9,882;1;1,894587079;3,161692308;344556,3868;6372956,136;1;1;4,745971899;1,264596008
1429;54;2014;1;0;0;0;9,882;1;5,180793712;2,930038462;344556,3868;6372956,136;0;0;4,745971899;1,58035218
1430;54;2014;2;0;0;0;9,882;1;15,2258681;2,079961538;344556,3868;6372956,136;0;0;4,745971899;1,58035218
1431;54;2014;3;0;0;0;9,882;1;4,841644737;1,255730769;344556,3868;6372956,136;0;0;4,745971899;1,58035218
1432;54;2014;4;0;0;0;9,882;0;5,724736005;0,830615385;344556,3868;6372956,136;0;0;4,745971899;1,58035218
1433;54;2014;5;0;0;0;9,882;0;25,51672179;0,810230769;344556,3868;6372956,136;0;0;4,745971899;1,58035218
1434;54;2014;6;0;0;0;9,882;0;89,2288806;1,331192308;344556,3868;6372956,136;0;0;4,745971899;1,58035218
1435;54;2014;7;0;0;0;9,882;0;29,80443874;1,114269231;344556,3868;6372956,136;0;0;4,745971899;1,58035218
1436;54;2014;8;0;0;0;9,882;0;30,19476979;0,706461538;344556,3868;6372956,136;0;0;4,745971899;1,58035218
1437;54;2014;9;0;0;0;9,882;0;28,11634587;0,794;344556,3868;6372956,136;0;0;4,745971899;1,58035218
1438;54;2014;10;0;0;0;9,882;1;3,427147326;2,361461538;344556,3868;6372956,136;0;0;4,745971899;1,58035218
1439;54;2014;11;0;0;0;9,882;1;6,284694499;1,418692308;344556,3868;6372956,136;0;0;4,745971899;1,484117565
1440;54;2014;12;0;0;0;9,882;1;2,429241733;1,59;344556,3868;6372956,136;0;0;4,745971899;1,58035218
1441;55;2005;1;0;0;0;8,0114;1;26,64778229;21,36147826;269807,3844;6315109,157;0;0;7,001109047;0
1442;55;2005;2;0;0;0;8,0114;1;0,732049668;16,1763913;269807,3844;6315109,157;0;0;7,001109047;0
1443;55;2005;3;0;0;0;8,0114;1;38,8926179;13,8373913;269807,3844;6315109,157;0;0;7,001109047;0
1444;55;2005;4;0;0;0;8,0114;0;18,97664272;10,82465217;269807,3844;6315109,157;0;0;7,001109047;0
1445;55;2005;5;0;0;0;8,0114;0;152,9780097;13,58826087;269807,3844;6315109,157;0;0;7,001109047;0
1446;55;2005;6;0;0;0;8,0114;0;320,7190029;30,45508696;269807,3844;6315109,157;0;0;7,001109047;0
1447;55;2005;7;0;0;0;8,0114;0;56,25686878;23,17147826;269807,3844;6315109,157;0;0;7,001109047;0
1448;55;2005;8;0;0;0;8,0114;0;301,8970572;32,9743913;269807,3844;6315109,157;0;0;7,001109047;0
1449;55;2005;9;0;0;0;8,0114;0;45,71089529;27,63969565;269807,3844;6315109,157;0;0;7,001109047;0
1450;55;2005;10;0;0;0;8,0114;1;21,63903797;28,58752174;269807,3844;6315109,157;0;0;7,001109047;0
1451;55;2005;11;0;0;0;8,0114;1;19,01317987;46,63208696;269807,3844;6315109,157;0;0;7,001109047;0
1452;55;2005;12;0;0;0;8,0114;1;2,929079329;63,02013043;269807,3844;6315109,157;0;0;7,001109047;0
1453;55;2006;1;0;0;0;8,0114;1;9,02213329;67,19952174;269807,3844;6315109,157;0;0;7,001109047;0
1454;55;2006;2;0;0;0;8,0114;1;10,57163166;46,01195652;269807,3844;6315109,157;0;0;7,001109047;0
1455;55;2006;3;0;0;0;8,0114;1;0,2842225;25,53726087;269807,3844;6315109,157;0;0;7,001109047;0
1456;55;2006;4;0;0;0;8,0114;0;16,55430135;18,13478261;269807,3844;6315109,157;0;0;7,001109047;0
1457;55;2006;5;0;0;0;8,0114;0;30,75566536;14,17934783;269807,3844;6315109,157;0;0;7,001109047;0
1458;55;2006;6;0;0;0;8,0114;0;121,0003632;16,08752174;269807,3844;6315109,157;0;0;7,001109047;0
1459;55;2006;7;0;0;0;8,0114;0;372,2564344;31,76321739;269807,3844;6315109,157;0;0;7,001109047;0
1460;55;2006;8;0;0;0;8,0114;0;89,80923334;22,00217391;269807,3844;6315109,157;0;0;7,001109047;0
1461;55;2006;9;0;0;0;8,0114;0;35,97386598;18,34230435;269807,3844;6315109,157;0;0;7,001109047;0
1462;55;2006;10;0;0;0;8,0114;1;97,29493411;25,18865217;269807,3844;6315109,157;0;0;7,001109047;0
1463;55;2006;11;0;0;0;8,0114;1;3,607539225;34,48347826;269807,3844;6315109,157;0;0;7,001109047;0
1464;55;2006;12;0;0;0;8,0114;1;3,430266807;40,46726087;269807,3844;6315109,157;0;0;7,001109047;0
1465;55;2007;1;0;0;0;8,0114;1;0,675848976;36,27273913;269807,3844;6315109,157;0;0;7,001109047;0
1466;55;2007;2;0;0;0;8,0114;1;21,96491385;21,56082609;269807,3844;6315109,157;0;0;7,001109047;0
1467;55;2007;3;0;0;0;8,0114;1;22,64614231;18,33943478;269807,3844;6315109,157;0;0;7,001109047;0
1468;55;2007;4;0;0;0;8,0114;0;24,59519642;12,81091304;269807,3844;6315109,157;0;0;7,001109047;0
1469;55;2007;5;0;0;0;8,0114;0;28,57747839;11,01304348;269807,3844;6315109,157;0;0;7,001109047;0
1470;55;2007;6;0;0;0;8,0114;0;157,2880508;12,86317391;269807,3844;6315109,157;0;0;7,001109047;0
1471;55;2007;7;0;0;0;8,0114;0;145,2793117;12,62786957;269807,3844;6315109,157;0;0;7,001109047;0
1472;55;2007;8;0;0;0;8,0114;0;41,70542356;11,53430435;269807,3844;6315109,157;0;0;7,001109047;0
1473;55;2007;9;0;0;0;8,0114;0;0,685729349;11,17313043;269807,3844;6315109,157;0;0;7,001109047;0
1474;55;2007;10;0;0;0;8,0114;1;3,805545006;14,43591304;269807,3844;6315109,157;0;0;7,001109047;0
1475;55;2007;11;0;0;0;8,0114;1;10,06589118;18,72282609;269807,3844;6315109,157;0;0;7,001109047;0
1476;55;2007;12;0;0;0;8,0114;1;9,214440041;18,38691304;269807,3844;6315109,157;0;0;7,001109047;0
1477;55;2008;1;0;0;0;8,0114;1;3,010582825;17,53169565;269807,3844;6315109,157;0;0;7,001109047;0
1478;55;2008;2;0;0;0;8,0114;1;11,20581171;15,35143478;269807,3844;6315109,157;0;0;7,001109047;0
1479;55;2008;3;0;0;0;8,0114;1;16,83082079;11,32234783;269807,3844;6315109,157;0;0;7,001109047;0
1480;55;2008;4;0;0;0;8,0114;0;33,42775302;9,778434783;269807,3844;6315109,157;0;0;7,001109047;0
1481;55;2008;5;0;0;0;8,0114;0;298,3467456;14,3493913;269807,3844;6315109,157;0;0;7,001109047;0
1482;55;2008;6;0;0;0;8,0114;0;123,266451;22,81613043;269807,3844;6315109,157;0;0;7,001109047;0
1483;55;2008;7;0;0;0;8,0114;0;67,26824096;14,71943478;269807,3844;6315109,157;0;0;7,001109047;0
1484;55;2008;8;0;0;0;8,0114;0;195,3932413;25,96373913;269807,3844;6315109,157;0;0;7,001109047;0
1485;55;2008;9;0;0;0;8,0114;0;13,01504402;14,36778261;269807,3844;6315109,157;0;0;7,001109047;0
1486;55;2008;10;0;0;0;8,0114;1;6,271188977;20,3033913;269807,3844;6315109,157;0;0;7,001109047;0
1487;55;2008;11;0;0;0;8,0114;1;0,023916857;40,1173913;269807,3844;6315109,157;0;0;7,001109047;0
1488;55;2008;12;0;0;0;8,0114;1;1,428977137;43,26065217;269807,3844;6315109,157;0;0;7,001109047;0
1489;55;2009;1;2;0;0;8,0114;1;7,681539309;26,24573913;269807,3844;6315109,157;0;0;7,001109047;0
1490;55;2009;2;0;0;0;8,0076;1;10,50587563;19,20778261;269807,3844;6315109,157;0;0;6,598354133;0
1491;55;2009;3;0;0;0;8,0038;1;3,827511023;16,84782609;269807,3844;6315109,157;0;0;5,913293741;0
1492;55;2009;4;1;0;0;8;0;0,027980958;13,64843478;269807,3844;6315109,157;0;0;1,78487665;0
1493;55;2009;5;1;0;0;2;0;40,84755695;11,73573913;269807,3844;6315109,157;0;0;5,473051779;0
1494;55;2009;6;1;0;0;3;0;143,4642578;12,29595652;269807,3844;6315109,157;0;0;5,42457208;0
1495;55;2009;7;0;0;0;6,25;0;30,87958444;10,60213043;269807,3844;6315109,157;0;0;5,325238363;0
1496;55;2009;8;0;0;0;9,5;0;148,863834;13,26173913;269807,3844;6315109,157;0;0;5,214938103;0
1497;55;2009;9;0;0;0;12,75;0;158,1250236;19,15652174;269807,3844;6315109,157;0;0;5,090945874;0
1498;55;2009;10;1;0;0;16;1;21,58515391;14,71917391;269807,3844;6315109,157;0;0;4,949374159;0
1499;55;2009;11;0;0;0;13;1;14,4762004;18,23156522;269807,3844;6315109,157;0;0;5,110395688;0
1500;55;2009;12;0;0;0;10;1;0,404268871;27,77943478;269807,3844;6315109,157;0;0;5,249049413;0
1501;55;2010;1;0;0;0;7;1;1,557713467;29,0406087;269807,3844;6315109,157;0;0;5,370798423;0
1502;55;2010;2;1;0;0;4;1;0,712971279;20,0223913;269807,3844;6315109,157;0;0;5,479320433;0
1503;55;2010;3;0;0;0;8,65;1;0,000518692;17,92530435;269807,3844;6315109,157;0;0;5,368887875;0
1504;55;2010;4;1;0;0;13,3;0;5,986537289;13,12569565;269807,3844;6315109,157;0;0;5,244728395;0
1505;55;2010;5;0;0;0;11,492;0;52,01303004;12,93247826;269807,3844;6315109,157;0;0;5,288369921;0
1506;55;2010;6;0;0;0;9,684;0;129,3306827;13,13543478;269807,3844;6315109,157;0;0;5,330186242;0
1507;55;2010;7;0;0;0;7,876;0;48,38066973;11,37291304;269807,3844;6315109,157;0;0;5,370323918;0
1508;55;2010;8;0;0;0;6,068;0;16,46577347;10,26695652;269807,3844;6315109,157;0;0;5,408912536;0
1509;55;2010;9;1;0;0;4,26;0;17,09794187;9,41273913;269807,3844;6315109,157;0;0;5,446067235;0
1510;55;2010;10;2;0;0;3,0114;1;20,53555782;11,08156522;269807,3844;6315109,157;0;0;7,021202694;0
1511;55;2010;11;1;0;0;0,0875;1;44,70896338;12,39526087;269807,3844;6315109,157;0;0;5,586836122;0
1512;55;2010;12;2;0;0;2,0114;1;14,02713923;11,37882609;269807,3844;6315109,157;0;0;6,942602417;0
1513;55;2011;1;0;0;0;3,340933333;1;12,03788714;11,49408696;269807,3844;6315109,157;0;0;6,622960385;0
1514;55;2011;2;0;0;0;4,670466667;1;14,0292835;10,25313043;269807,3844;6315109,157;0;0;6,150337511;0
1515;55;2011;3;2;0;0;6;1;7,898147508;9,664782609;269807,3844;6315109,157;0;0;5,223500653;0
1516;55;2011;4;1;0;0;6;0;21,42614588;6,72373913;269807,3844;6315109,157;0;0;5,442270419;0
1517;55;2011;5;2;0;0;2,5;0;5,563028238;5,766652174;269807,3844;6315109,157;0;0;5,435624399;0
1518;55;2011;6;1;0;0;33;0;92,69660213;5,267130435;269807,3844;6315109,157;0;0;4,014102285;0
1519;55;2011;7;1;0;0;2;0;67,50537914;8,490130435;269807,3844;6315109,157;0;0;5,42977685;0
1520;55;2011;8;1;0;0;53;0;108,4059688;8,433913043;269807,3844;6315109,157;0;0;3,75974977;0
1521;55;2011;9;2;0;0;2;0;13,4072281;6,718086957;269807,3844;6315109,157;0;0;3,81881283;0
1522;55;2011;10;2;0;0;5;1;13,99362968;8,586565217;269807,3844;6315109,157;0;0;5,527073758;0
1523;55;2011;11;2;0;0;3,0114;1;9,79654731;8,822347826;269807,3844;6315109,157;0;0;6,983679949;0
1524;55;2011;12;2;0;0;0,8;1;0,577404111;11,68;269807,3844;6315109,157;0;0;5,810419862;0
1525;55;2012;1;4;0;0;5;1;18,41206711;11,82852174;269807,3844;6315109,157;0;0;5,509067293;0
1526;55;2012;2;2;0;0;2,5;1;2,372932033;9,935608696;269807,3844;6315109,157;0;0;5,405367754;0
1527;55;2012;3;0;0;0;8,34;1;1,10530375;8,782217391;269807,3844;6315109,157;0;0;5,16065679;0
1528;55;2012;4;3;0;0;14,18;0;30,66917753;8,37826087;269807,3844;6315109,157;0;0;4,835962002;0
1529;55;2012;5;1;0;0;0,5;0;105,6155874;11,31865217;269807,3844;6315109,157;0;0;6,091792857;0
1530;55;2012;6;2;0;0;9;0;161,5581821;15,68591304;269807,3844;6315109,157;0;0;4,731237441;0
1531;55;2012;7;0;0;0;4,64535;0;19,00091861;10,76695652;269807,3844;6315109,157;0;0;5,961456887;0
1532;55;2012;8;4;0;0;0,2907;0;52,77367378;8,730521739;269807,3844;6315109,157;0;0;6,496646225;0
1533;55;2012;9;0;0;0;0,15675;0;4,601167919;9,157347826;269807,3844;6315109,157;0;0;7,170402472;0
1534;55;2012;10;3;0;0;0,0228;1;56,3203861;9,423347826;269807,3844;6315109,157;0;0;7,569319469;0
1535;55;2012;11;11;0;0;0,293454545;1;10,55158489;16,83373913;269807,3844;6315109,157;0;0;6,801742295;0
1536;55;2012;12;7;0;0;0,0228;1;55,37330332;18,14643478;269807,3844;6315109,157;0;0;7,115940322;0
1537;55;2013;1;4;1;0;5,76901;1;11,82836261;18,6456087;269807,3844;6315109,157;0;1;6,422410312;0
1538;55;2013;2;3;1;0;0,681866667;1;13,4725327;12,44295652;269807,3844;6315109,157;0;1;7,196422026;0
1539;55;2013;3;3;1;0;0,0228;1;1,609248481;9,024304348;269807,3844;6315109,157;0;1;7,559450557;0
1540;55;2013;4;2;1;0;0,2014;0;8,613548973;8,095347826;269807,3844;6315109,157;0;1;7,079406245;0
1541;55;2013;5;2;1;0;0,1864;0;138,2886956;9,868695652;269807,3844;6315109,157;0;1;6,927541672;0
1542;55;2013;6;2;1;0;2,25;0;58,1675519;10,78486957;269807,3844;6315109,157;0;1;5,48434839;0
1543;55;2013;7;4;1;0;2,9864;0;22,65150377;9,669173913;269807,3844;6315109,157;0;1;7,467716971;0
1544;55;2013;8;12;1;0;7,4519;0;70,08204238;9,945434783;269807,3844;6315109,157;0;1;7,753195342;0
1545;55;2013;9;4;1;0;9,58695;0;51,9643053;6,258391304;269807,3844;6315109,157;0;1;7,680801174;0
1546;55;2013;10;1;1;0;4;1;7,63870372;11,24508696;269807,3844;6315109,157;0;1;5,089600582;0
1547;55;2013;11;1;1;0;3;1;4,678230028;16,25182609;269807,3844;6315109,157;0;1;5,266368327;0
1548;55;2013;12;0;0;0;3;1;2,876955341;15,5843913;269807,3844;6315109,157;0;0;5,266368327;0
1549;55;2014;1;0;0;0;3;1;11,25778861;13,50826087;269807,3844;6315109,157;0;0;5,266368327;0
1550;55;2014;2;0;0;0;3;1;25,990784;10,53404348;269807,3844;6315109,157;0;0;5,266368327;0
1551;55;2014;3;0;0;0;3;1;5,038392174;8,530173913;269807,3844;6315109,157;0;0;5,266368327;0
1552;55;2014;4;0;0;0;3;0;17,10606368;7,984956522;269807,3844;6315109,157;0;0;5,266368327;0
1553;55;2014;5;0;0;0;3;0;64,13075264;8,335130435;269807,3844;6315109,157;0;0;5,266368327;0
1554;55;2014;6;0;0;0;3;0;111,3454021;9,695782609;269807,3844;6315109,157;0;0;5,266368327;0
1555;55;2014;7;0;0;0;3;0;68,50451682;8,177826087;269807,3844;6315109,157;0;0;5,266368327;0
1556;55;2014;8;0;0;0;3;0;50,11909842;8,290478261;269807,3844;6315109,157;0;0;5,266368327;0
1557;55;2014;9;0;0;0;3;0;79,80261627;8,450130435;269807,3844;6315109,157;0;0;5,266368327;0
1558;55;2014;10;0;0;0;3;1;13,96332869;10,7633913;269807,3844;6315109,157;0;0;5,266368327;0
1559;55;2014;11;0;0;0;3;1;16,68122076;12,76230435;269807,3844;6315109,157;0;0;5,266368327;0
1560;55;2014;12;0;0;0;3;1;8,844284529;12,78965217;269807,3844;6315109,157;0;0;5,266368327;0
1561;57;2005;1;0;0;0;6,7;1;26,64778229;21,36147826;351939,7258;6283636,359;0;0;4,463297299;-1,26522563
1562;57;2005;2;0;0;0;6,7;1;0,732049668;16,1763913;351939,7258;6283636,359;0;0;4,463297299;-1,26522563
1563;57;2005;3;1;0;0;6,7;1;38,8926179;13,8373913;351939,7258;6283636,359;0;0;4,463297299;-1,26522563
1564;57;2005;4;0;0;0;3,433333334;0;18,97664272;10,82465217;351939,7258;6283636,359;0;0;4,106366402;-1,26522563
1565;57;2005;5;1;0;0;0,166666667;0;152,9780097;13,58826087;351939,7258;6283636,359;0;0;3,546110443;-1,26522563
1566;57;2005;6;0;0;0;0,483333334;0;320,7190029;30,45508696;351939,7258;6283636,359;0;0;5,474749348;-1,26522563
1567;57;2005;7;1;0;0;0,8;0;56,25686878;23,17147826;351939,7258;6283636,359;0;0;6,092447561;-1,26522563
1568;57;2005;8;0;0;0;10,4;0;301,8970572;32,9743913;351939,7258;6283636,359;0;0;5,411996096;-1,26522563
1569;57;2005;9;1;0;0;20;0;45,71089529;27,63969565;351939,7258;6283636,359;0;0;1,732311445;-1,26522563
1570;57;2005;10;2;0;0;35;1;21,63903797;28,58752174;351939,7258;6283636,359;0;0;4,432308791;-1,26522563
1571;57;2005;11;0;0;0;35,2;1;19,01317987;46,63208696;351939,7258;6283636,359;0;0;3,858611254;-1,26522563
1572;57;2005;12;1;0;0;35,4;1;2,929079329;63,02013043;351939,7258;6283636,359;0;0;2,367767662;-1,26522563
1573;57;2006;1;5;0;0;19,41129873;1;9,02213329;67,19952174;351939,7258;6283636,359;0;0;7,300314864;-0,948630325
1574;57;2006;2;0;0;0;17,87702384;1;10,57163166;46,01195652;351939,7258;6283636,359;0;0;7,229911062;-0,948630325
1575;57;2006;3;0;0;0;16,34274894;1;0,2842225;25,53726087;351939,7258;6283636,359;0;0;7,154172615;-0,948630325
1576;57;2006;4;0;0;0;14,80847405;0;16,55430135;18,13478261;351939,7258;6283636,359;0;0;7,072224321;-0,948630325
1577;57;2006;5;0;0;0;13,27419916;0;30,75566536;14,17934783;351939,7258;6283636,359;0;0;6,982956195;-0,948630325
1578;57;2006;6;0;0;0;11,73992426;0;121,0003632;16,08752174;351939,7258;6283636,359;0;0;6,884931178;-0,948630325
1579;57;2006;7;0;0;0;10,20564937;0;372,2564344;31,76321739;351939,7258;6283636,359;0;0;6,776242486;-0,948630325
1580;57;2006;8;0;0;0;8,671374472;0;89,80923334;22,00217391;351939,7258;6283636,359;0;0;6,654283593;-0,948630325
1581;57;2006;9;0;0;0;7,137099578;0;35,97386598;18,34230435;351939,7258;6283636,359;0;0;6,515357491;-0,948630325
1582;57;2006;10;0;0;0;5,602824683;1;97,29493411;25,18865217;351939,7258;6283636,359;0;0;6,353968292;-0,948630325
1583;57;2006;11;0;0;0;4,068549789;1;3,607539225;34,48347826;351939,7258;6283636,359;0;0;6,161423969;-0,948630325
1584;57;2006;12;0;0;0;2,534274894;1;3,430266807;40,46726087;351939,7258;6283636,359;0;0;5,922747608;-0,948630325
1585;57;2007;1;1;0;0;1;1;0,675848976;36,27273913;351939,7258;6283636,359;0;0;5,608629034;-0,632140232
1586;57;2007;2;0;0;0;4,5;1;21,96491385;21,56082609;351939,7258;6283636,359;0;0;6,667446509;-0,632140232
1587;57;2007;3;1;0;0;8;1;22,64614231;18,33943478;351939,7258;6283636,359;0;0;7,170119543;-0,632140232
1588;57;2007;4;1;0;0;23;0;24,59519642;12,81091304;351939,7258;6283636,359;0;0;2,470468503;-0,632140232
1589;57;2007;5;2;0;0;6,025;0;28,57747839;11,01304348;351939,7258;6283636,359;0;0;3,724890519;-0,632140232
1590;57;2007;6;2;0;0;1,083333334;0;157,2880508;12,86317391;351939,7258;6283636,359;0;0;6,793947586;-0,632140232
1591;57;2007;7;1;0;0;45;0;145,2793117;12,62786957;351939,7258;6283636,359;0;0;2,01290232;-0,632140232
1592;57;2007;8;1;0;0;0,083898;0;41,70542356;11,53430435;351939,7258;6283636,359;0;0;5,981247566;-0,632140232
1593;57;2007;9;0;0;0;0,125282334;0;0,685729349;11,17313043;351939,7258;6283636,359;0;0;5,363394448;-0,632140232
1594;57;2007;10;1;0;0;0,166666667;1;3,805545006;14,43591304;351939,7258;6283636,359;0;0;3,432776804;-0,632140232
1595;57;2007;11;0;0;0;0,102077431;1;10,06589118;18,72282609;351939,7258;6283636,359;0;0;6,26474262;-0,632140232
1596;57;2007;12;6;0;0;0,037488195;1;9,214440041;18,38691304;351939,7258;6283636,359;0;0;6,92799901;-0,632140232
1597;57;2008;1;2;0;0;0,440333334;1;3,010582825;17,53169565;351939,7258;6283636,359;0;0;6,640498298;-0,315755259
1598;57;2008;2;0;0;0;9,333163125;1;11,20581171;15,35143478;351939,7258;6283636,359;0;0;6,449575931;-0,315755259
1599;57;2008;3;0;0;0;18,22599292;1;16,83082079;11,32234783;351939,7258;6283636,359;0;0;6,213390854;-0,315755259
1600;57;2008;4;0;0;0;27,11882271;0;33,42775302;9,778434783;351939,7258;6283636,359;0;0;5,903587674;-0,315755259
1601;57;2008;5;2;0;0;36,0116525;0;298,3467456;14,3493913;351939,7258;6283636,359;0;0;5,452355881;-0,315755259
1602;57;2008;6;0;0;0;30,12069378;0;123,266451;22,81613043;351939,7258;6283636,359;0;0;5,918563359;-0,315755259
1603;57;2008;7;0;0;0;24,22973506;0;67,26824096;14,71943478;351939,7258;6283636,359;0;0;6,235286792;-0,315755259
1604;57;2008;8;0;0;0;18,33877634;0;195,3932413;25,96373913;351939,7258;6283636,359;0;0;6,47545876;-0,315755259
1605;57;2008;9;0;0;0;12,44781762;0;13,01504402;14,36778261;351939,7258;6283636,359;0;0;6,668973607;-0,315755259
1606;57;2008;10;0;0;0;6,556858897;1;6,271188977;20,3033913;351939,7258;6283636,359;0;0;6,831043474;-0,315755259
1607;57;2008;11;3;0;0;0,665900176;1;0,023916857;40,1173913;351939,7258;6283636,359;0;0;6,970473371;-0,315755259
1608;57;2008;12;2;0;0;14,453125;1;1,428977137;43,26065217;351939,7258;6283636,359;0;0;3,088222978;-0,315755259
1609;57;2009;1;45;0;1;2,851001433;1;7,681539309;26,24573913;351939,7258;6283636,359;1;0;6,600396744;0,000524686
1610;57;2009;2;37;0;0;0,277370872;1;10,50587563;19,20778261;351939,7258;6283636,359;0;0;7,899336482;0,000524686
1611;57;2009;3;39;0;0;1,059459687;1;3,827511023;16,84782609;351939,7258;6283636,359;0;0;6,392466397;0,000524686
1612;57;2009;4;48;0;0;1,004627204;0;0,027980958;13,64843478;351939,7258;6283636,359;0;0;7,628966954;0,000524686
1613;57;2009;5;42;0;0;2,174567928;0;40,84755695;11,73573913;351939,7258;6283636,359;0;0;5,771194606;0,000524686
1614;57;2009;6;38;0;0;2,683364141;0;143,4642578;12,29595652;351939,7258;6283636,359;0;0;6,262632843;0,000524686
1615;57;2009;7;53;0;1;1,292263577;0;30,87958444;10,60213043;351939,7258;6283636,359;1;0;6,593207796;0,000524686
1616;57;2009;8;77;0;0;1,058453262;0;148,863834;13,26173913;351939,7258;6283636,359;0;0;6,048969592;0,000524686
1617;57;2009;9;68;0;0;1,983735431;0;158,1250236;19,15652174;351939,7258;6283636,359;0;0;8,98371991;0,000524686
1618;57;2009;10;54;0;0;1,254119479;1;21,58515391;14,71917391;351939,7258;6283636,359;0;0;6,08530996;0,000524686
1619;57;2009;11;61;0;0;0,934710736;1;14,4762004;18,23156522;351939,7258;6283636,359;0;0;6,744492594;0,000524686
1620;57;2009;12;68;0;0;1,352268486;1;0,404268871;27,77943478;351939,7258;6283636,359;0;0;7,447182277;0,000524686
1621;57;2010;1;71;0;0;2,079305971;1;1,557713467;29,0406087;351939,7258;6283636,359;0;0;6,324174535;0,316699693
1622;57;2010;2;48;0;0;1,582097363;1;0,712971279;20,0223913;351939,7258;6283636,359;0;0;6,821697306;0,316699693
1623;57;2010;3;61;0;0;1,415681719;1;0,000518692;17,92530435;351939,7258;6283636,359;0;0;6,804025067;0,316699693
1624;57;2010;4;69;0;0;2,730196189;0;5,986537289;13,12569565;351939,7258;6283636,359;0;0;6,151965531;0,316699693
1625;57;2010;5;59;0;0;2,997262297;0;52,01303004;12,93247826;351939,7258;6283636,359;0;0;6,52849641;0,316699693
1626;57;2010;6;74;0;0;2,56163874;0;129,3306827;13,13543478;351939,7258;6283636,359;0;0;5,996808292;0,316699693
1627;57;2010;7;63;0;0;1,690098849;0;48,38066973;11,37291304;351939,7258;6283636,359;0;0;6,749726193;0,316699693
1628;57;2010;8;60;0;0;5,53171291;0;16,46577347;10,26695652;351939,7258;6283636,359;0;0;7,3852392;0,316699693
1629;57;2010;9;54;0;0;6,44493373;0;17,09794187;9,41273913;351939,7258;6283636,359;0;0;6,938895164;0,316699693
1630;57;2010;10;75;0;0;4,013388382;1;20,53555782;11,08156522;351939,7258;6283636,359;0;0;6,434865276;0,316699693
1631;57;2010;11;58;0;0;1,676001908;1;44,70896338;12,39526087;351939,7258;6283636,359;0;0;6,196255284;0,316699693
1632;57;2010;12;79;0;1;3,315568678;1;14,02713923;11,37882609;351939,7258;6283636,359;1;0;6,544991439;0,316699693
1633;57;2011;1;61;2;0;1,835468762;1;12,03788714;11,49408696;351939,7258;6283636,359;0;1;6,462936118;0,632769855
1634;57;2011;2;35;2;0;0,851814969;1;14,0292835;10,25313043;351939,7258;6283636,359;0;1;6,318483123;0,632769855
1635;57;2011;3;66;2;0;9,033104945;1;7,898147508;9,664782609;351939,7258;6283636,359;0;1;8,467370011;0,632769855
1636;57;2011;4;48;1;0;2,275480576;0;21,42614588;6,72373913;351939,7258;6283636,359;0;1;6,543449436;0,632769855
1637;57;2011;5;71;2;0;3,089330427;0;5,563028238;5,766652174;351939,7258;6283636,359;0;1;7,159611594;0,632769855
1638;57;2011;6;62;2;0;1,460393805;0;92,69660213;5,267130435;351939,7258;6283636,359;0;1;6,56713726;0,632769855
1639;57;2011;7;65;1;0;2,77928385;0;67,50537914;8,490130435;351939,7258;6283636,359;0;1;6,292254706;0,632769855
1640;57;2011;8;73;2;1;3,003905668;0;108,4059688;8,433913043;351939,7258;6283636,359;1;1;6,388345879;0,632769855
1641;57;2011;9;87;1;0;2,515128703;0;13,4072281;6,718086957;351939,7258;6283636,359;0;1;6,777336362;0,632769855
1642;57;2011;10;69;2;0;1,518210006;1;13,99362968;8,586565217;351939,7258;6283636,359;0;1;6,467448378;0,632769855
1643;57;2011;11;77;2;0;1,515520399;1;9,79654731;8,822347826;351939,7258;6283636,359;0;1;6,59922718;0,632769855
1644;57;2011;12;85;1;0;7,86157592;1;0,577404111;11,68;351939,7258;6283636,359;0;1;6,55441825;0,632769855
1645;57;2012;1;62;2;0;1,587031112;1;18,41206711;11,82852174;351939,7258;6283636,359;0;1;7,614378518;0,948735263
1646;57;2012;2;44;2;0;1,63767315;1;2,372932033;9,935608696;351939,7258;6283636,359;0;1;6,702002367;0,948735263
1647;57;2012;3;87;2;0;3,467174387;1;1,10530375;8,782217391;351939,7258;6283636,359;0;1;6,069429789;0,948735263
1648;57;2012;4;69;3;0;2,453218563;0;30,66917753;8,37826087;351939,7258;6283636,359;0;1;6,58025557;0,948735263
1649;57;2012;5;61;2;0;3,320385045;0;105,6155874;11,31865217;351939,7258;6283636,359;0;1;7,992333282;0,948735263
1650;57;2012;6;88;3;0;8,632653218;0;161,5581821;15,68591304;351939,7258;6283636,359;0;1;7,859567247;0,948735263
1651;57;2012;7;70;2;0;4,507614428;0;19,00091861;10,76695652;351939,7258;6283636,359;0;1;6,547641027;0,948735263
1652;57;2012;8;85;2;0;4,000312066;0;52,77367378;8,730521739;351939,7258;6283636,359;0;1;7,450420339;0,948735263
1653;57;2012;9;63;3;0;2,391527141;0;4,601167919;9,157347826;351939,7258;6283636,359;0;1;6,396084653;0,948735263
1654;57;2012;10;69;2;0;1,711415984;1;56,3203861;9,423347826;351939,7258;6283636,359;0;1;7,103408427;0,948735263
1655;57;2012;11;57;2;0;4,042277253;1;10,55158489;16,83373913;351939,7258;6283636,359;0;1;6,806859086;0,948735263
1656;57;2012;12;80;3;0;1,605920033;1;55,37330332;18,14643478;351939,7258;6283636,359;0;1;6,501084917;0,948735263
1657;57;2013;1;71;4;0;1,78874131;1;11,82836261;18,6456087;351939,7258;6283636,359;0;1;7,42461528;1,264596008
1658;57;2013;2;57;3;0;1,743923169;1;13,4725327;12,44295652;351939,7258;6283636,359;0;1;6,390959345;1,264596008
1659;57;2013;3;53;4;0;1,546994714;1;1,609248481;9,024304348;351939,7258;6283636,359;0;1;6,020295034;1,264596008
1660;57;2013;4;86;3;0;3,86266338;0;8,613548973;8,095347826;351939,7258;6283636,359;0;1;6,133050909;1,264596008
1661;57;2013;5;79;4;0;2,168373399;0;138,2886956;9,868695652;351939,7258;6283636,359;0;1;6,51653508;1,264596008
1662;57;2013;6;69;4;0;1,921016429;0;58,1675519;10,78486957;351939,7258;6283636,359;0;1;7,398961913;1,264596008
1663;57;2013;7;62;4;0;2,081010864;0;22,65150377;9,669173913;351939,7258;6283636,359;0;1;6,328764295;1,264596008
1664;57;2013;8;53;2;0;2,780154367;0;70,08204238;9,945434783;351939,7258;6283636,359;0;1;6,293273405;1,264596008
1665;57;2013;9;66;2;0;3,270663999;0;51,9643053;6,258391304;351939,7258;6283636,359;0;1;8,497054868;1,264596008
1666;57;2013;10;57;4;0;2,361986231;1;7,63870372;11,24508696;351939,7258;6283636,359;0;1;6,600483818;1,264596008
1667;57;2013;11;28;3;0;1,652633486;1;4,678230028;16,25182609;351939,7258;6283636,359;0;1;6,438037361;1,264596008
1668;57;2013;12;13;2;0;1,289054271;1;2,876955341;15,5843913;351939,7258;6283636,359;0;1;6,479648319;1,264596008
1669;57;2014;1;0;0;0;8,192702847;1;11,25778861;13,50826087;351939,7258;6283636,359;0;0;6,151211898;1,58035218
1670;57;2014;2;0;0;0;15,09635142;1;25,990784;10,53404348;351939,7258;6283636,359;0;0;5,658889136;1,58035218
1671;57;2014;3;1;0;0;22;1;5,038392174;8,530173913;351939,7258;6283636,359;0;0;4,647979686;1,58035218
1672;57;2014;4;0;0;0;22;0;17,10606368;7,984956522;351939,7258;6283636,359;0;0;4,647979686;1,58035218
1673;57;2014;5;0;0;0;22;0;64,13075264;8,335130435;351939,7258;6283636,359;0;0;4,647979686;1,58035218
1674;57;2014;6;0;0;0;22;0;111,3454021;9,695782609;351939,7258;6283636,359;0;0;4,647979686;1,58035218
1675;57;2014;7;0;0;0;22;0;68,50451682;8,177826087;351939,7258;6283636,359;0;0;4,647979686;1,58035218
1676;57;2014;8;0;0;0;22;0;50,11909842;8,290478261;351939,7258;6283636,359;0;0;4,647979686;1,58035218
1677;57;2014;9;0;0;0;22;0;79,80261627;8,450130435;351939,7258;6283636,359;0;0;4,647979686;1,58035218
1678;57;2014;10;0;0;0;22;1;13,96332869;10,7633913;351939,7258;6283636,359;0;0;4,647979686;1,58035218
1679;57;2014;11;0;0;0;22;1;16,68122076;12,76230435;351939,7258;6283636,359;0;0;4,647979686;1,58035218
1680;57;2014;12;0;0;0;22;1;8,844284529;12,78965217;351939,7258;6283636,359;0;0;4,647979686;1,58035218
1681;60;2005;1;0;0;0;60;1;24,71427992;16,08785;323883,3901;6190201,379;0;0;4,02149697;-1,26522563
1682;60;2005;2;0;0;0;60;1;0,00562216;10,16215;323883,3901;6190201,379;0;0;4,02149697;-1,26522563
1683;60;2005;3;0;0;0;60;1;29,08946851;7,88085;323883,3901;6190201,379;0;0;4,02149697;-1,26522563
1684;60;2005;4;0;0;0;60;0;23,28646283;4,39735;323883,3901;6190201,379;0;0;4,02149697;-1,206295294
1685;60;2005;5;0;0;0;60;0;391,2344664;14,5899;323883,3901;6190201,379;0;0;4,02149697;-1,26522563
1686;60;2005;6;0;0;0;60;0;547,8612088;48,5034;323883,3901;6190201,379;0;0;4,02149697;-1,26522563
1687;60;2005;7;0;0;0;60;0;160,5671408;33,84035;323883,3901;6190201,379;0;0;4,02149697;-1,26522563
1688;60;2005;8;0;0;0;60;0;458,6920924;49,52285;323883,3901;6190201,379;0;0;4,02149697;-1,26522563
1689;60;2005;9;0;0;0;60;0;58,34280309;27,8094;323883,3901;6190201,379;0;0;4,02149697;-1,26522563
1690;60;2005;10;0;0;0;60;1;40,24518935;21,6839;323883,3901;6190201,379;0;0;4,02149697;-1,26522563
1691;60;2005;11;0;0;0;60;1;41,89761849;33,02725;323883,3901;6190201,379;0;0;4,02149697;-1,242661655
1692;60;2005;12;0;0;0;60;1;3,146878956;38,4455;323883,3901;6190201,379;0;0;4,02149697;-1,26522563
1693;60;2006;1;1;0;0;60;1;1,141242808;44,5118;323883,3901;6190201,379;0;0;4,02149697;-0,948630325
1694;60;2006;2;0;0;0;53,6625;1;10,32641471;30,97545;323883,3901;6190201,379;0;0;3,920701089;-0,948630325
1695;60;2006;3;0;0;0;47,325;1;1,38524577;16,70695;323883,3901;6190201,379;0;0;3,808594701;-0,948630325
1696;60;2006;4;0;0;0;40,9875;0;62,30270131;14,00555;323883,3901;6190201,379;0;0;3,682314823;-0,904433511
1697;60;2006;5;1;0;0;34,65;0;130,2120257;14,10975;323883,3901;6190201,379;0;0;3,53775175;-0,948630325
1698;60;2006;6;1;0;0;1089,28;0;298,1477197;24,25225;323883,3901;6190201,379;0;0;3,979044343;-0,948630325
1699;60;2006;7;0;0;0;874,224;0;493,3576194;46,70895;323883,3901;6190201,379;0;0;4,425708341;-0,948630325
1700;60;2006;8;0;0;0;659,168;0;204,750607;24,68375;323883,3901;6190201,379;0;0;4,733370353;-0,948630325
1701;60;2006;9;0;0;0;444,112;0;80,47310328;17,05645;323883,3901;6190201,379;0;0;4,968313019;-0,948630325
1702;60;2006;10;0;0;0;229,056;1;118,0761605;20,8757;323883,3901;6190201,379;0;0;5,158424011;-0,948630325
1703;60;2006;11;1;0;0;14;1;6,730994408;25,36465;323883,3901;6190201,379;0;0;5,318101658;-0,939283726
1704;60;2006;12;0;0;0;13,56666667;1;5,908260952;36,16035;323883,3901;6190201,379;0;0;5,294555913;-0,948630325
1705;60;2007;1;0;0;0;13,13333333;1;0,502255083;37,8311;323883,3901;6190201,379;0;0;5,27044237;-0,632140232
1706;60;2007;2;3;0;0;12,7;1;33,16013411;25,96115;323883,3901;6190201,379;0;0;5,245732966;-0,632140232
1707;60;2007;3;1;0;0;49;1;25,94968286;18,17955;323883,3901;6190201,379;0;0;4,016948438;-0,632140232
1708;60;2007;4;0;0;0;26,3;0;26,35430898;7,7875;323883,3901;6190201,379;0;0;3,389236382;-0,602672044
1709;60;2007;5;1;0;0;3,6;0;56,72154484;5,9353;323883,3901;6190201,379;0;0;1,323148309;-0,632140232
1710;60;2007;6;0;0;0;5,8;0;204,6036155;7,8011;323883,3901;6190201,379;0;0;2,92018388;-0,632140232
1711;60;2007;7;1;0;0;8;0;227,6551229;12,21195;323883,3901;6190201,379;0;0;3,506582964;-0,632140232
1712;60;2007;8;1;0;0;12,5;0;103,6698305;11,21595;323883,3901;6190201,379;0;0;0,24036866;-0,632140232
1713;60;2007;9;2;0;0;10,25;0;5,942034206;9,88375;323883,3901;6190201,379;0;0;6,037070849;-0,632140232
1714;60;2007;10;0;0;0;28,625;1;8,175344923;9,9555;323883,3901;6190201,379;0;0;5,479486384;-0,632140232
1715;60;2007;11;1;0;0;47;1;14,6872267;13,2011;323883,3901;6190201,379;0;0;4,107296908;-0,636006616
1716;60;2007;12;0;0;0;63,33333333;1;3,555400494;15,0364;323883,3901;6190201,379;0;0;3,963517507;-0,632140232
1717;60;2008;1;0;0;0;79,66666667;1;0,118425796;12,7287;323883,3901;6190201,379;0;0;3,795537373;-0,315755259
1718;60;2008;2;1;0;0;96;1;5,703279568;11,6763;323883,3901;6190201,379;0;0;3,593527536;-0,315755259
1719;60;2008;3;1;0;0;0,77;1;23,26957315;7,56715;323883,3901;6190201,379;0;0;7,832959115;-0,315755259
1720;60;2008;4;1;0;0;96;0;74,89666003;5,61335;323883,3901;6190201,379;0;0;2,996773398;-0,301010804
1721;60;2008;5;0;0;0;133,6666667;0;459,6810996;28,0448;323883,3901;6190201,379;0;0;2,90650069;-0,315755259
1722;60;2008;6;0;0;0;171,3333333;0;177,9000823;27,17715;323883,3901;6190201,379;0;0;2,807262821;-0,315755259
1723;60;2008;7;2;0;0;209;0;137,1321179;17,28965;323883,3901;6190201,379;0;0;2,697080751;-0,315755259
1724;60;2008;8;0;0;0;119,5;0;310,4825841;21,04515;323883,3901;6190201,379;0;0;2,364735605;-0,315755259
1725;60;2008;9;2;0;0;30;0;25,31933937;17,0551;323883,3901;6190201,379;0;0;1,863474132;-0,315755259
1726;60;2008;10;1;0;0;21,1;1;15,0186561;11,808;323883,3901;6190201,379;0;0;1,555897146;-0,315755259
1727;60;2008;11;0;0;0;26,08333333;1;0;24,5907;323883,3901;6190201,379;0;0;2,065398269;0
1728;60;2008;12;0;0;0;31,06666667;1;0,537832742;26,9789;323883,3901;6190201,379;0;0;2,401302325;-0,315755259
1729;60;2009;1;0;0;0;36,05;1;2,828529159;8,18455;323883,3901;6190201,379;0;0;2,652300957;0,000524686
1730;60;2009;2;0;0;0;41,03333333;1;6,972776701;5,6912;323883,3901;6190201,379;0;0;2,85277064;0,000524686
1731;60;2009;3;0;0;0;46,01666667;1;0,252568712;3,7333;323883,3901;6190201,379;0;0;3,019685538;0,000524686
1732;60;2009;4;1;0;0;51;0;0;3,4175;323883,3901;6190201,379;0;0;3,1626843;0
1733;60;2009;5;0;0;0;42,85;0;141,0166761;14,36055;323883,3901;6190201,379;0;0;3,406847293;0,000524686
1734;60;2009;6;0;0;0;34,7;0;231,34106;15,5666;323883,3901;6190201,379;0;0;3,602940301;0,000524686
1735;60;2009;7;0;0;0;26,55;0;95,42157721;18,7657;323883,3901;6190201,379;0;0;3,766812898;0,000524686
1736;60;2009;8;0;0;0;18,4;0;225,2344919;20,4881;323883,3901;6190201,379;0;0;3,907574201;0,000524686
1737;60;2009;9;0;0;0;10,25;0;177,9958921;22,8255;323883,3901;6190201,379;0;0;4,030944582;0,000524686
1738;60;2009;10;2;0;0;2,1;1;59,76117683;12,37395;323883,3901;6190201,379;0;0;4,140752606;0,000524686
1739;60;2009;11;1;0;0;4;1;15,80984968;16,5806;323883,3901;6190201,379;0;0;5,654158848;-0,029754506
1740;60;2009;12;0;0;0;4,128961504;1;0,064526114;15,9784;323883,3901;6190201,379;0;0;5,315989497;0,000524686
1741;60;2010;1;7;0;0;4,257923008;1;0,264178536;16,1013;323883,3901;6190201,379;0;0;4,801192701;0,316699693
1742;60;2010;2;3;0;0;6,044572053;1;0,221243461;8,77665;323883,3901;6190201,379;0;0;3,554942486;0,316699693
1743;60;2010;3;9;0;0;18,57184;1;0,065514105;14,26335;323883,3901;6190201,379;0;0;5,185876306;0,316699693
1744;60;2010;4;11;0;0;14,44141394;0;10,54552244;4,36995;323883,3901;6190201,379;0;0;4,252553125;0,302011341
1745;60;2010;5;8;0;0;5,370438248;0;88,00822803;10,60535;323883,3901;6190201,379;0;0;5,055366157;0,316699693
1746;60;2010;6;3;0;0;9,562868373;0;251,4110113;8,05935;323883,3901;6190201,379;0;0;4,966658682;0,316699693
1747;60;2010;7;5;0;0;7,026437197;0;128,0532564;15,47185;323883,3901;6190201,379;0;0;2,775406229;0,316699693
1748;60;2010;8;18;0;0;12,04624471;0;49,27680455;8,7696;323883,3901;6190201,379;0;0;4,792457939;0,316699693
1749;60;2010;9;8;0;0;10,48144783;0;19,16392042;6,3197;323883,3901;6190201,379;0;0;4,595263788;0,316699693
1750;60;2010;10;9;0;0;8,067397333;1;38,65860227;7,0261;323883,3901;6190201,379;0;0;4,487468876;0,316699693
1751;60;2010;11;4;0;0;55,55808;1;49,10590479;9,80695;323883,3901;6190201,379;0;0;3,44474846;0,273220672
1752;60;2010;12;9;0;0;4,89799195;1;11,96205008;7,8512;323883,3901;6190201,379;0;0;4,954723802;0,316699693
1753;60;2011;1;4;0;0;3,0800728;1;6,650918782;8,0567;323883,3901;6190201,379;0;0;2,472565751;0,632769855
1754;60;2011;2;3;0;0;5,900906667;1;14,56655914;6,85655;323883,3901;6190201,379;0;0;3,684353374;0,632769855
1755;60;2011;3;5;0;0;8,351744;1;27,24330074;4,696;323883,3901;6190201,379;0;0;4,124007616;0,632769855
1756;60;2011;4;6;0;0;7,4852;0;111,3019215;6,9981;323883,3901;6190201,379;0;0;5,692693564;0,60337242
1757;60;2011;5;5;0;0;11,6956736;0;27,46874573;6,7486;323883,3901;6190201,379;0;0;4,745674275;0,632769855
1758;60;2011;6;7;0;0;14,6630592;0;161,370818;5,769;323883,3901;6190201,379;0;0;3,67567613;0,632769855
1759;60;2011;7;10;0;0;9,093767668;0;118,8189756;7,48975;323883,3901;6190201,379;0;0;4,501421418;0,632769855
1760;60;2011;8;9;0;0;3,271591111;0;216,6256072;15,51935;323883,3901;6190201,379;0;0;5,024761257;0,632769855
1761;60;2011;9;11;0;0;17,813232;0;30,59493868;15,3603;323883,3901;6190201,379;0;0;3,205922724;0,632769855
1762;60;2011;10;14;0;0;31,08103492;1;22,23325103;8,8328;323883,3901;6190201,379;0;0;5,019450739;0,632769855
1763;60;2011;11;12;0;0;29,32961333;1;25,89655411;11,85195;323883,3901;6190201,379;0;0;4,413437675;0,57609538
1764;60;2011;12;7;0;0;21,23821714;1;0,053864216;14,02655;323883,3901;6190201,379;0;0;4,430214463;0,632769855
1765;60;2012;1;10;0;0;6,535535366;1;9,089424886;9,165;323883,3901;6190201,379;0;0;3,862763966;0,948735263
1766;60;2012;2;8;0;0;12,04963829;1;10,43054539;10,20735;323883,3901;6190201,379;0;0;4,923041931;0,948735263
1767;60;2012;3;4;0;0;5,833444568;1;0,022615964;7,8341;323883,3901;6190201,379;0;0;5,231251928;0,948735263
1768;60;2012;4;10;0;0;18,2811072;0;44,86259405;8,06545;323883,3901;6190201,379;0;0;4,128259104;0,90463362
1769;60;2012;5;7;0;0;25,7915904;0;187,4579202;18,8653;323883,3901;6190201,379;0;0;3,98053229;0,948735263
1770;60;2012;6;8;0;0;3,857544;0;342,5228067;22,22945;323883,3901;6190201,379;0;0;4,3586313;0,948735263
1771;60;2012;7;8;0;0;9,362262345;0;30,42236287;18,2394;323883,3901;6190201,379;0;0;6,317116667;0,948735263
1772;60;2012;8;12;0;0;14,96363267;0;116,568313;14,63765;323883,3901;6190201,379;0;0;3,870875274;0,948735263
1773;60;2012;9;7;0;0;26,92248199;0;7,436227815;13,2351;323883,3901;6190201,379;0;0;4,14496104;0,948735263
1774;60;2012;10;8;0;0;12,6478;1;109,2580589;11,50655;323883,3901;6190201,379;0;0;5,224253581;0,948735263
1775;60;2012;11;15;0;0;13,58559804;1;19,24048733;13,5199;323883,3901;6190201,379;0;0;4,64788208;0,878869706
1776;60;2012;12;10;0;0;7,005524497;1;123,4035993;22,50095;323883,3901;6190201,379;0;0;5,631023663;0,948735263
1777;60;2013;1;7;0;0;10,13384001;1;9,736679947;19,2895;323883,3901;6190201,379;0;0;5,509427651;1,264596008
1778;60;2013;2;5;0;0;10,6626064;1;20,86030761;12,12575;323883,3901;6190201,379;0;0;4,490530402;1,264596008
1779;60;2013;3;9;0;0;20,02691911;1;2,146343051;8,1482;323883,3901;6190201,379;0;0;3,773662179;1,264596008
1780;60;2013;4;6;0;0;18,90610773;0;5,982093894;9,20825;323883,3901;6190201,379;0;0;4,694550512;1,205795027
1781;60;2013;5;17;0;0;10,65118588;0;210,9577503;12,1573;323883,3901;6190201,379;0;0;5,30501848;1,264596008
1782;60;2013;6;4;0;0;2,37534112;0;107,0854582;10,32835;323883,3901;6190201,379;0;0;4,366137175;1,264596008
1783;60;2013;7;4;0;0;15,082018;0;69,6171769;10,27805;323883,3901;6190201,379;0;0;4,316646902;1,264596008
1784;60;2013;8;9;0;0;29,31707733;0;102,9982511;9,79945;323883,3901;6190201,379;0;0;4,376897842;1,264596008
1785;60;2013;9;8;0;0;6,0754;0;71,64656843;12,56445;323883,3901;6190201,379;0;0;4,396598351;1,264596008
1786;60;2013;10;6;0;0;24,06658667;1;18,05852358;7,05625;323883,3901;6190201,379;0;0;4,262798631;1,264596008
1787;60;2013;11;10;0;0;17,35821487;1;4,440079258;11,8681;323883,3901;6190201,379;0;0;4,826073753;1,181543739
1788;60;2013;12;7;0;0;4,013787429;1;3,369862415;14,31525;323883,3901;6190201,379;0;0;4,309240082;1,264596008
1789;60;2014;1;3;0;0;7,558252053;1;9,531610648;10,8903;323883,3901;6190201,379;0;0;3,310507398;1,58035218
1790;60;2014;2;5;0;0;8,362453165;1;12,70481281;7,9276;323883,3901;6190201,379;0;0;3,583956696;1,58035218
1791;60;2014;3;6;0;0;10,20063751;1;14,86186712;6,14775;323883,3901;6190201,379;0;0;3,295939605;1,58035218
1792;60;2014;4;13;0;0;2,072822892;0;28,20004409;6,5162;323883,3901;6190201,379;0;0;6,153340143;1,506856728
1793;60;2014;5;8;0;0;14,1021524;0;163,2970526;10,48175;323883,3901;6190201,379;0;0;4,379313263;1,58035218
1794;60;2014;6;5;0;0;12,90578634;0;196,9296194;13,1359;323883,3901;6190201,379;0;0;2,92606228;1,58035218
1795;60;2014;7;7;0;0;9,943715474;0;145,4925297;18,04845;323883,3901;6190201,379;0;0;5,148188442;1,58035218
1796;60;2014;8;16;0;0;8,16457201;0;135,5373609;17,2126;323883,3901;6190201,379;0;0;5,344063352;1,58035218
1797;60;2014;9;4;0;0;10,6648;0;167,7960011;23,6617;323883,3901;6190201,379;0;0;2,737633641;1,58035218
1798;60;2014;10;3;0;0;6,337866667;1;18,10440011;12,1815;323883,3901;6190201,379;0;0;4,412528265;1,58035218
1799;60;2014;11;12;0;0;9,433568204;1;37,58428783;17,6489;323883,3901;6190201,379;0;0;5,088957332;1,484117565
1800;60;2014;12;2;0;0;15,736;1;15,27169089;16,85295;323883,3901;6190201,379;0;0;4,75313945;1,58035218
1801;71;2005;1;0;0;0;31;1;24,16434248;16,26477778;309426,6977;6110482,181;0;0;3,836560741;-1,26522563
1802;71;2005;2;0;0;0;31;1;0,00017296;12,52155556;309426,6977;6110482,181;0;0;3,836560741;-1,26522563
1803;71;2005;3;0;0;0;31;1;28,33980012;12,015;309426,6977;6110482,181;0;0;3,836560741;-1,26522563
1804;71;2005;4;0;0;0;31;0;25,25972656;8,735555556;309426,6977;6110482,181;0;0;3,836560741;-1,26522563
1805;71;2005;5;0;0;0;31;0;581,1265233;35,50055556;309426,6977;6110482,181;0;0;3,836560741;-1,26522563
1806;71;2005;6;0;0;0;31;0;665,8572308;121,854;309426,6977;6110482,181;0;0;3,836560741;-1,26522563
1807;71;2005;7;0;0;0;31;0;261,9309697;71,92244444;309426,6977;6110482,181;0;0;3,836560741;-1,26522563
1808;71;2005;8;0;0;0;31;0;579,7491274;103,5755556;309426,6977;6110482,181;0;0;3,836560741;-1,26522563
1809;71;2005;9;0;0;0;31;0;79,77845988;49,24377778;309426,6977;6110482,181;0;0;3,836560741;-1,26522563
1810;71;2005;10;0;0;0;31;1;53,76830127;38,08833333;309426,6977;6110482,181;0;0;3,836560741;-1,26522563
1811;71;2005;11;0;0;0;31;1;84,35034404;66,82777778;309426,6977;6110482,181;0;0;3,836560741;-1,26522563
1812;71;2005;12;0;0;0;31;1;19,46090441;77,74688889;309426,6977;6110482,181;0;0;3,836560741;-1,26522563
1813;71;2006;1;0;0;0;31;1;2,608443167;66,33455556;309426,6977;6110482,181;0;0;3,836560741;-0,948630325
1814;71;2006;2;0;0;0;31;1;25,79842189;38,10933333;309426,6977;6110482,181;0;0;3,836560741;-0,948630325
1815;71;2006;3;0;0;0;31;1;2,812311524;20,83677778;309426,6977;6110482,181;0;0;3,836560741;-0,948630325
1816;71;2006;4;0;0;0;31;0;94,69842825;18,07988889;309426,6977;6110482,181;0;0;3,836560741;-0,948630325
1817;71;2006;5;0;0;0;31;0;198,3522378;27,25144444;309426,6977;6110482,181;0;0;3,836560741;-0,948630325
1818;71;2006;6;0;0;0;31;0;462,9220236;68,00855556;309426,6977;6110482,181;0;0;3,836560741;-0,948630325
1819;71;2006;7;0;0;0;31;0;578,9154702;93,22977778;309426,6977;6110482,181;0;0;3,836560741;-0,948630325
1820;71;2006;8;0;0;0;31;0;313,2846555;61,26;309426,6977;6110482,181;0;0;3,836560741;-0,948630325
1821;71;2006;9;0;0;0;31;0;126,4463531;38,02222222;309426,6977;6110482,181;0;0;3,836560741;-0,948630325
1822;71;2006;10;0;0;0;31;1;163,9387697;48,98922222;309426,6977;6110482,181;0;0;3,836560741;-0,948630325
1823;71;2006;11;0;0;0;31;1;13,82155641;56,433;309426,6977;6110482,181;0;0;3,836560741;-0,948630325
1824;71;2006;12;0;0;0;31;1;16,39056195;62,76166667;309426,6977;6110482,181;0;0;3,836560741;-0,948630325
1825;71;2007;1;0;0;0;31;1;0,834127314;45,889;309426,6977;6110482,181;0;0;3,836560741;-0,632140232
1826;71;2007;2;0;0;0;31;1;48,69370012;26,024;309426,6977;6110482,181;0;0;3,836560741;-0,632140232
1827;71;2007;3;0;0;0;31;1;45,45008801;17,433;309426,6977;6110482,181;0;0;3,836560741;-0,632140232
1828;71;2007;4;0;0;0;31;0;23,99754198;12,43966667;309426,6977;6110482,181;0;0;3,836560741;-0,632140232
1829;71;2007;5;0;0;0;31;0;69,67791842;11,424;309426,6977;6110482,181;0;0;3,836560741;-0,632140232
1830;71;2007;6;0;0;0;31;0;248,5623701;13,77422222;309426,6977;6110482,181;0;0;3,836560741;-0,632140232
1831;71;2007;7;0;0;0;31;0;307,4269051;21,02744444;309426,6977;6110482,181;0;0;3,836560741;-0,632140232
1832;71;2007;8;0;0;0;31;0;157,7646338;20,96733333;309426,6977;6110482,181;0;0;3,836560741;-0,632140232
1833;71;2007;9;0;0;0;31;0;28,81015595;23,61522222;309426,6977;6110482,181;0;0;3,836560741;-0,632140232
1834;71;2007;10;0;0;0;31;1;22,82888495;32,299;309426,6977;6110482,181;0;0;3,836560741;-0,632140232
1835;71;2007;11;0;0;0;31;1;31,92231786;30,44577778;309426,6977;6110482,181;0;0;3,836560741;-0,632140232
1836;71;2007;12;0;0;0;31;1;5,474043435;20,99155556;309426,6977;6110482,181;0;0;3,836560741;-0,632140232
1837;71;2008;1;0;0;0;31;1;3,729782618;14,75133333;309426,6977;6110482,181;0;0;3,836560741;-0,315755259
1838;71;2008;2;0;0;0;31;1;3,592574178;11,25866667;309426,6977;6110482,181;0;0;3,836560741;-0,315755259
1839;71;2008;3;0;0;0;31;1;19,5456579;8,549666667;309426,6977;6110482,181;0;0;3,836560741;-0,315755259
1840;71;2008;4;0;0;0;31;0;106,3858813;8,157555556;309426,6977;6110482,181;0;0;3,836560741;-0,315755259
1841;71;2008;5;0;0;0;31;0;578,4793694;44,03144444;309426,6977;6110482,181;0;0;3,836560741;-0,315755259
1842;71;2008;6;0;0;0;31;0;233,8457121;61,70655556;309426,6977;6110482,181;0;0;3,836560741;-0,315755259
1843;71;2008;7;0;0;0;31;0;206,2477871;34,53533333;309426,6977;6110482,181;0;0;3,836560741;-0,315755259
1844;71;2008;8;0;0;0;31;0;360,9179259;58,77822222;309426,6977;6110482,181;0;0;3,836560741;-0,315755259
1845;71;2008;9;0;0;0;31;0;46,79523187;30,39588889;309426,6977;6110482,181;0;0;3,836560741;-0,315755259
1846;71;2008;10;0;0;0;31;1;25,37287098;37,71555556;309426,6977;6110482,181;0;0;3,836560741;-0,315755259
1847;71;2008;11;0;0;0;31;1;0,218327968;54,78166667;309426,6977;6110482,181;0;0;3,836560741;-0,315755259
1848;71;2008;12;0;0;0;31;1;2,265886756;34,31177778;309426,6977;6110482,181;0;0;3,836560741;-0,315755259
1849;71;2009;1;0;0;0;31;1;2,021881145;17,48377778;309426,6977;6110482,181;0;0;3,836560741;0,000524686
1850;71;2009;2;0;0;0;31;1;19,47191464;12,15966667;309426,6977;6110482,181;0;0;3,836560741;0,000524686
1851;71;2009;3;0;0;0;31;1;0,029628462;10,01655556;309426,6977;6110482,181;0;0;3,836560741;0,000524686
1852;71;2009;4;0;0;0;31;0;3,337056959;7,684333333;309426,6977;6110482,181;0;0;3,836560741;0,000524686
1853;71;2009;5;0;0;0;31;0;226,1973529;23,395;309426,6977;6110482,181;0;0;3,836560741;0,000524686
1854;71;2009;6;0;0;0;31;0;321,7921317;23,50533333;309426,6977;6110482,181;0;0;3,836560741;0,000524686
1855;71;2009;7;0;0;0;31;0;196,7659669;32,48011111;309426,6977;6110482,181;0;0;3,836560741;0,000524686
1856;71;2009;8;0;0;0;31;0;288,4167266;39,09455556;309426,6977;6110482,181;0;0;3,836560741;0,000524686
1857;71;2009;9;0;0;0;31;0;211,3880874;50,27066667;309426,6977;6110482,181;0;0;3,836560741;0,000524686
1858;71;2009;10;0;0;0;31;1;106,1091653;30,99388889;309426,6977;6110482,181;0;0;3,836560741;0,000524686
1859;71;2009;11;0;0;0;31;1;38,46545372;33,73277778;309426,6977;6110482,181;0;0;3,836560741;0,000524686
1860;71;2009;12;0;0;0;31;1;2,397283293;44,30655556;309426,6977;6110482,181;0;0;3,836560741;0,000524686
1861;71;2010;1;1;0;0;31;1;5,80945689;18,49155556;309426,6977;6110482,181;0;0;3,836560741;0,316699693
1862;71;2010;2;0;0;0;40,85714286;1;0,404610307;10,85311111;309426,6977;6110482,181;0;0;3,707493347;0,316699693
1863;71;2010;3;0;0;0;50,71428571;1;0,088348768;10,63077778;309426,6977;6110482,181;0;0;3,559263834;0,316699693
1864;71;2010;4;0;0;0;60,57142857;0;20,07436205;7,582333333;309426,6977;6110482,181;0;0;3,385173449;0,316699693
1865;71;2010;5;0;0;0;70,42857143;0;105,9575122;12,54766667;309426,6977;6110482,181;0;0;3,174250997;0,316699693
1866;71;2010;6;0;0;0;80,28571429;0;352,8446918;19,87433333;309426,6977;6110482,181;0;0;2,90661127;0,316699693
1867;71;2010;7;0;0;0;90,14285714;0;199,7439337;19,619;309426,6977;6110482,181;0;0;2,540064584;0,316699693
1868;71;2010;8;1;0;0;100;0;100,7554614;18,42622222;309426,6977;6110482,181;0;0;1,955334486;0,316699693
1869;71;2010;9;0;0;0;75,275;0;25,78856986;20,53244444;309426,6977;6110482,181;0;0;3,501343747;0,316699693
1870;71;2010;10;0;0;0;50,55;1;55,84609814;36,37477778;309426,6977;6110482,181;0;0;4,081827873;0,316699693
1871;71;2010;11;0;0;0;25,825;1;58,83292122;29,17911111;309426,6977;6110482,181;0;0;4,446729723;0,316699693
1872;71;2010;12;2;0;0;1,1;1;32,21189516;9,665555556;309426,6977;6110482,181;0;0;4,713495985;0,316699693
1873;71;2011;1;0;0;0;2,371428571;1;25,3775564;8,796333333;309426,6977;6110482,181;0;0;4,572915369;0,632769855
1874;71;2011;2;0;0;0;3,642857143;1;29,68062563;7,987333333;309426,6977;6110482,181;0;0;4,409287755;0,632769855
1875;71;2011;3;0;0;0;4,914285714;1;45,21815055;7,702888889;309426,6977;6110482,181;0;0;4,213545771;0,632769855
1876;71;2011;4;0;0;0;6,185714286;0;162,3513763;12,00477778;309426,6977;6110482,181;0;0;3,969927711;0,632769855
1877;71;2011;5;0;0;0;7,457142857;0;45,99223094;11,45466667;309426,6977;6110482,181;0;0;3,647161406;0,632769855
1878;71;2011;6;0;0;0;8,728571429;0;225,9978699;12,37044444;309426,6977;6110482,181;0;0;3,167604137;0,632769855
1879;71;2011;7;1;0;0;10;0;182,0606071;16,77233333;309426,6977;6110482,181;0;0;2,212159094;0,632769855
1880;71;2011;8;2;0;0;38,25;0;328,3003524;33,194;309426,6977;6110482,181;0;0;2,867102075;0,632769855
1881;71;2011;9;0;0;0;46,125;0;51,48478753;31,62977778;309426,6977;6110482,181;0;0;2,286701832;0,632769855
1882;71;2011;10;1;0;0;54;1;28,60556093;30,83633333;309426,6977;6110482,181;0;0;0,741395683;0,632769855
1883;71;2011;11;0;0;0;53;1;50,04067458;40,58844444;309426,6977;6110482,181;0;0;2,908524762;0,632769855
1884;71;2011;12;1;0;0;52;1;3,618543888;25,99388889;309426,6977;6110482,181;0;0;3,54271468;0,632769855
1885;71;2012;1;0;0;0;42,5;1;14,63335013;11,22366667;309426,6977;6110482,181;0;0;2,905387564;0,948735263
1886;71;2012;2;1;0;0;33;1;38,51670551;8,972333333;309426,6977;6110482,181;0;0;0,685132648;0,948735263
1887;71;2012;3;0;0;0;43,25;1;2,041053444;6,994444444;309426,6977;6110482,181;0;0;0,42710771;0,948735263
1888;71;2012;4;0;0;0;53,5;0;56,62854398;7,165222222;309426,6977;6110482,181;0;0;0,078441897;0,948735263
1889;71;2012;5;0;0;0;63,75;0;278,285608;23,89355556;309426,6977;6110482,181;0;0;-0,461427287;0,948735263
1890;71;2012;6;1;0;0;74;0;448,5602201;42,05877778;309426,6977;6110482,181;0;0;-1,719442411;0,948735263
1891;71;2012;7;1;0;0;49;0;41,55330185;29,11077778;309426,6977;6110482,181;0;0;-0,103224812;0,948735263
1892;71;2012;8;0;0;0;47,25;0;153,2395694;17,26044444;309426,6977;6110482,181;0;0;2,027025139;0,948735263
1893;71;2012;9;2;0;0;45,5;0;20,91159105;18,068;309426,6977;6110482,181;0;0;2,658930974;0,948735263
1894;71;2012;10;0;0;0;46,75;1;147,0920703;21,77666667;309426,6977;6110482,181;0;0;2,086389152;0,948735263
1895;71;2012;11;1;0;0;48;1;28,69471074;26,43811111;309426,6977;6110482,181;0;0;0,604608091;0,948735263
1896;71;2012;12;0;0;0;32,79999577;1;203,7609844;27,89266667;309426,6977;6110482,181;0;0;4,129015183;0,948735263
1897;71;2013;1;0;0;0;17,59999154;1;17,78466541;9,406888889;309426,6977;6110482,181;0;0;4,807318093;1,264596008
1898;71;2013;2;1;0;0;2,399987316;1;64,21421614;7,690444444;309426,6977;6110482,181;0;0;5,207785736;1,264596008
1899;71;2013;3;1;0;0;20;1;2,635858195;8,316444444;309426,6977;6110482,181;0;0;-1,520167257;1,264596008
1900;71;2013;4;1;0;0;20;0;11,10536786;6,684666667;309426,6977;6110482,181;0;0;1,473883942;1,264596008
1901;71;2013;5;0;0;0;32,62609399;0;265,5757074;8,933;309426,6977;6110482,181;0;0;1,576971577;1,264596008
1902;71;2013;6;4;0;0;45,25218798;0;151,5201589;12,60844444;309426,6977;6110482,181;0;0;1,670418277;1,264596008
1903;71;2013;7;1;0;0;24;0;148,4189204;24,13733333;309426,6977;6110482,181;0;0;3,59385717;1,264596008
1904;71;2013;8;2;0;0;32,5;0;131,2637736;16,40944444;309426,6977;6110482,181;0;0;2,725615339;1,264596008
1905;71;2013;9;0;0;0;31;0;118,7909907;20,266;309426,6977;6110482,181;0;0;3,139660085;1,264596008
1906;71;2013;10;0;0;0;29,5;1;41,14293938;16,98211111;309426,6977;6110482,181;0;0;3,43160453;1,264596008
1907;71;2013;11;1;0;0;28;1;13,46846139;25,72477778;309426,6977;6110482,181;0;0;3,657296811;1,264596008
1908;71;2013;12;0;0;0;42,66666667;1;3,20860788;13,31555556;309426,6977;6110482,181;0;0;3,266978925;1,264596008
1909;71;2014;1;0;0;0;57,33333333;1;13,48294758;8,327111111;309426,6977;6110482,181;0;0;2,617943593;1,58035218
1910;71;2014;2;1;0;0;72;1;1,985916563;6,991333333;309426,6977;6110482,181;0;0;0,168089049;1,58035218
1911;71;2014;3;1;0;0;40;1;30,69007978;6,142666667;309426,6977;6110482,181;0;0;3,23844438;1,58035218
1912;71;2014;4;1;0;0;15;0;44,49950387;6,412222222;309426,6977;6110482,181;0;0;4,994075313;1,58035218
1913;71;2014;5;0;0;0;10,2;0;239,6959715;14,91022222;309426,6977;6110482,181;0;0;4,351906432;1,58035218
1914;71;2014;6;1;0;0;5,4;0;279,7553592;28,09733333;309426,6977;6110482,181;0;0;2,043317495;1,58035218
1915;71;2014;7;0;0;0;12,7;0;226,9632847;18,751;309426,6977;6110482,181;0;0;1,389729084;1,58035218
1916;71;2014;8;1;1;0;20;0;203,0407505;36,08277778;309426,6977;6110482,181;0;1;-1,166805788;1,58035218
1917;71;2014;9;1;1;0;4,5;0;241,263738;36,96233333;309426,6977;6110482,181;0;1;4,640413603;1,58035218
1918;71;2014;10;0;0;0;4,5;1;23,48276798;28,92677778;309426,6977;6110482,181;0;0;4,640413603;1,58035218
1919;71;2014;11;0;0;0;4,5;1;60,60248569;36,95333333;309426,6977;6110482,181;0;0;4,640413603;1,58035218
1920;71;2014;12;0;0;0;4,5;1;44,14810843;27,63955556;309426,6977;6110482,181;0;0;4,640413603;1,58035218
1921;81;2005;1;0;0;0;13,225;1;11,02406081;7,371653846;236796,9474;5931893,018;0;0;2,742392264;-1,26522563
1922;81;2005;2;0;0;0;13,225;1;0;5,169038462;236796,9474;5931893,018;0;0;2,742392264;0
1923;81;2005;3;0;0;0;13,225;1;36,0846843;5,303038462;236796,9474;5931893,018;0;0;2,742392264;-1,26522563
1924;81;2005;4;0;0;0;13,225;0;22,18270804;6,065538462;236796,9474;5931893,018;0;0;2,742392264;-1,26522563
1925;81;2005;5;0;0;0;13,225;0;552,2424011;36,37026923;236796,9474;5931893,018;0;0;2,742392264;-1,26522563
1926;81;2005;6;0;0;0;13,225;0;494,8321063;110,6763846;236796,9474;5931893,018;0;0;2,742392264;-1,26522563
1927;81;2005;7;0;0;0;13,225;0;322,0284285;123,7876538;236796,9474;5931893,018;0;0;2,742392264;-1,26522563
1928;81;2005;8;0;0;0;13,225;0;421,7079351;122,7285;236796,9474;5931893,018;0;0;2,742392264;-1,26522563
1929;81;2005;9;0;0;0;13,225;0;59,7003511;55,37926923;236796,9474;5931893,018;0;0;2,742392264;-1,26522563
1930;81;2005;10;0;0;0;13,225;1;33,62887999;29,86930769;236796,9474;5931893,018;0;0;2,742392264;-1,26522563
1931;81;2005;11;0;0;0;13,225;1;85,20449043;30,67184615;236796,9474;5931893,018;0;0;2,742392264;-1,26522563
1932;81;2005;12;0;0;0;13,225;1;71,95188284;22,20169231;236796,9474;5931893,018;0;0;2,742392264;-1,26522563
1933;81;2006;1;0;0;0;13,225;1;36,85339743;11,43680769;236796,9474;5931893,018;0;0;2,742392264;-0,948630325
1934;81;2006;2;0;0;0;13,225;1;17,06231353;6,064615385;236796,9474;5931893,018;0;0;2,742392264;-1,118548479
1935;81;2006;3;0;0;0;13,225;1;18,72807906;5,628307692;236796,9474;5931893,018;0;0;2,742392264;-0,948630325
1936;81;2006;4;0;0;0;13,225;0;154,1132331;14,52023077;236796,9474;5931893,018;0;0;2,742392264;-0,948630325
1937;81;2006;5;0;0;0;13,225;0;200,3438122;23,78661538;236796,9474;5931893,018;0;0;2,742392264;-0,948630325
1938;81;2006;6;0;0;0;13,225;0;529,5437335;137,5330769;236796,9474;5931893,018;0;0;2,742392264;-0,948630325
1939;81;2006;7;0;0;0;13,225;0;483,9876199;165,4516154;236796,9474;5931893,018;0;0;2,742392264;-0,948630325
1940;81;2006;8;0;0;0;13,225;0;313,2712262;109,8633077;236796,9474;5931893,018;0;0;2,742392264;-0,948630325
1941;81;2006;9;0;0;0;13,225;0;120,5573058;82,66761538;236796,9474;5931893,018;0;0;2,742392264;-0,948630325
1942;81;2006;10;0;0;0;13,225;1;167,1445064;71,33692308;236796,9474;5931893,018;0;0;2,742392264;-0,948630325
1943;81;2006;11;0;0;0;13,225;1;16,00688809;41,78876923;236796,9474;5931893,018;0;0;2,742392264;-0,948630325
1944;81;2006;12;0;0;0;13,225;1;104,0554023;27,57930769;236796,9474;5931893,018;0;0;2,742392264;-0,948630325
1945;81;2007;1;0;0;0;13,225;1;24,20294329;14,10430769;236796,9474;5931893,018;0;0;2,742392264;-0,632140232
1946;81;2007;2;0;0;0;13,225;1;87,37583987;11,6025;236796,9474;5931893,018;0;0;2,742392264;-0,789284126
1947;81;2007;3;0;0;0;13,225;1;36,46018695;9,769846154;236796,9474;5931893,018;0;0;2,742392264;-0,632140232
1948;81;2007;4;0;0;0;13,225;0;120,6399529;13,40815385;236796,9474;5931893,018;0;0;2,742392264;-0,632140232
1949;81;2007;5;0;0;0;13,225;0;50,09605035;14,13746154;236796,9474;5931893,018;0;0;2,742392264;-0,632140232
1950;81;2007;6;0;0;0;13,225;0;182,0588325;15,39742308;236796,9474;5931893,018;0;0;2,742392264;-0,632140232
1951;81;2007;7;0;0;0;13,225;0;314,1361478;49,96630769;236796,9474;5931893,018;0;0;2,742392264;-0,632140232
1952;81;2007;8;0;0;0;13,225;0;165,8545324;47,92503846;236796,9474;5931893,018;0;0;2,742392264;-0,632140232
1953;81;2007;9;0;0;0;13,225;0;78,90715856;47,84903846;236796,9474;5931893,018;0;0;2,742392264;-0,632140232
1954;81;2007;10;0;0;0;13,225;1;40,16365698;42,84207692;236796,9474;5931893,018;0;0;2,742392264;-0,632140232
1955;81;2007;11;0;0;0;13,225;1;10,32750135;24,81234615;236796,9474;5931893,018;0;0;2,742392264;-0,632140232
1956;81;2007;12;0;0;0;13,225;1;26,38594989;10,53196154;236796,9474;5931893,018;0;0;2,742392264;-0,632140232
1957;81;2008;1;0;0;0;13,225;1;18,30455454;5,671653846;236796,9474;5931893,018;0;0;2,742392264;-0,315755259
1958;81;2008;2;0;0;0;13,225;1;10,60515956;5,155;236796,9474;5931893,018;0;0;2,742392264;-0,460129137
1959;81;2008;3;0;0;0;13,225;1;20,83035204;5,254884615;236796,9474;5931893,018;0;0;2,742392264;-0,315755259
1960;81;2008;4;0;0;0;13,225;0;116,1143253;7,883038462;236796,9474;5931893,018;0;0;2,742392264;-0,315755259
1961;81;2008;5;0;0;0;13,225;0;585,5617692;139,4226923;236796,9474;5931893,018;0;0;2,742392264;-0,315755259
1962;81;2008;6;0;0;0;13,225;0;202,4149582;77,03176923;236796,9474;5931893,018;0;0;2,742392264;-0,315755259
1963;81;2008;7;0;0;0;13,225;0;296,931535;75,65442308;236796,9474;5931893,018;0;0;2,742392264;-0,315755259
1964;81;2008;8;0;0;0;13,225;0;329,4407613;128,1220385;236796,9474;5931893,018;0;0;2,742392264;-0,315755259
1965;81;2008;9;0;0;0;13,225;0;75,26616374;75,88915385;236796,9474;5931893,018;0;0;2,742392264;-0,315755259
1966;81;2008;10;0;0;0;13,225;1;32,97398223;37,12634615;236796,9474;5931893,018;0;0;2,742392264;-0,315755259
1967;81;2008;11;0;0;0;13,225;1;17,1276876;24,13773077;236796,9474;5931893,018;0;0;2,742392264;-0,315755259
1968;81;2008;12;0;0;0;13,225;1;24,5338463;10,90253846;236796,9474;5931893,018;0;0;2,742392264;-0,315755259
1969;81;2009;1;0;0;0;13,225;1;5,611398722;5,826961538;236796,9474;5931893,018;0;0;2,742392264;0,000524686
1970;81;2009;2;0;0;0;13,225;1;26,67288283;4,155076923;236796,9474;5931893,018;0;0;2,742392264;-0,131083417
1971;81;2009;3;0;0;0;13,225;1;11,09323929;4,174153846;236796,9474;5931893,018;0;0;2,742392264;0,000524686
1972;81;2009;4;0;0;0;13,225;0;71,46539009;7,110769231;236796,9474;5931893,018;0;0;2,742392264;0,000524686
1973;81;2009;5;0;0;0;13,225;0;377,7859139;53,69157692;236796,9474;5931893,018;0;0;2,742392264;0,000524686
1974;81;2009;6;0;0;0;13,225;0;326,9496852;73,97526923;236796,9474;5931893,018;0;0;2,742392264;0,000524686
1975;81;2009;7;0;0;0;13,225;0;198,3765463;92,48688462;236796,9474;5931893,018;0;0;2,742392264;0,000524686
1976;81;2009;8;0;0;0;13,225;0;305,0860164;106,5923462;236796,9474;5931893,018;0;0;2,742392264;0,000524686
1977;81;2009;9;0;0;0;13,225;0;139,9541533;77,34803846;236796,9474;5931893,018;0;0;2,742392264;0,000524686
1978;81;2009;10;0;0;0;13,225;1;154,6203526;50,9745;236796,9474;5931893,018;0;0;2,742392264;0,000524686
1979;81;2009;11;0;0;0;13,225;1;118,9348363;46,72857692;236796,9474;5931893,018;0;0;2,742392264;0,000524686
1980;81;2009;12;0;0;0;13,225;1;19,14227909;23,40330769;236796,9474;5931893,018;0;0;2,742392264;0,000524686
1981;81;2010;1;2;0;0;13,225;1;13,09171217;10,65530769;236796,9474;5931893,018;0;0;2,742392264;0,316699693
1982;81;2010;2;0;0;0;33,67625;1;62,50345325;8,332730769;236796,9474;5931893,018;0;0;2,465395235;0,197853128
1983;81;2010;3;0;0;0;54,1275;1;9,757457493;6,904923077;236796,9474;5931893,018;0;0;2,080963685;0,316699693
1984;81;2010;4;0;0;0;74,57875;0;15,54712922;5,686230769;236796,9474;5931893,018;0;0;1,44838624;0,316699693
1985;81;2010;5;1;0;0;95,03;0;97,81562871;7,590192308;236796,9474;5931893,018;0;0;-0,692558512;0,316699693
1986;81;2010;6;1;0;0;0,76;0;357,256138;30,80123077;236796,9474;5931893,018;0;0;4,82531773;0,316699693
1987;81;2010;7;0;0;0;7,195;0;289,0815668;48,23869231;236796,9474;5931893,018;0;0;4,542624776;0,316699693
1988;81;2010;8;0;0;0;13,63;0;204,259978;51,138;236796,9474;5931893,018;0;0;4,147063845;0,316699693
1989;81;2010;9;0;0;0;20,065;0;19,70921413;40,31884615;236796,9474;5931893,018;0;0;3,483053902;0,316699693
1990;81;2010;10;2;0;0;26,5;1;69,10914108;34,38746154;236796,9474;5931893,018;0;0;0,625929535;0,316699693
1991;81;2010;11;1;0;0;1,666;1;45,05879703;28,34592308;236796,9474;5931893,018;0;0;3,332955185;0,316699693
1992;81;2010;12;0;0;0;24,11066667;1;53,54518201;14,17330769;236796,9474;5931893,018;0;0;2,939443004;0,316699693
1993;81;2011;1;0;0;0;46,55533333;1;54,81758026;8,950076923;236796,9474;5931893,018;0;0;2,281320555;0,632769855
1994;81;2011;2;1;0;0;69;1;31,24362896;6,472307692;236796,9474;5931893,018;0;0;-0,394694352;0,526680594
1995;81;2011;3;1;0;0;14;1;69,06851382;7,447461538;236796,9474;5931893,018;0;0;1,892111283;0,632769855
1996;81;2011;4;0;0;0;19,5;0;137,7679597;14,45392308;236796,9474;5931893,018;0;0;1,443243087;0,632769855
1997;81;2011;5;1;0;0;25;0;66,56795351;14,57519231;236796,9474;5931893,018;0;0;0,607291555;0,632769855
1998;81;2011;6;0;0;0;27,5;0;318,1646026;39,53157692;236796,9474;5931893,018;0;0;2,142074407;0,632769855
1999;81;2011;7;1;0;0;30;0;255,7756891;55,49076923;236796,9474;5931893,018;0;0;2,72121128;0,632769855
2000;81;2011;8;1;0;0;14;0;405,5003322;98,14788462;236796,9474;5931893,018;0;0;2,278057112;0,632769855
2001;81;2011;9;0;0;0;20;0;127,7177933;76,57484615;236796,9474;5931893,018;0;0;1,997417724;0,632769855
2002;81;2011;10;0;0;0;26;1;29,65420145;43,97219231;236796,9474;5931893,018;0;0;1,605890909;0,632769855
2003;81;2011;11;0;0;0;32;1;47,48956967;30,39715385;236796,9474;5931893,018;0;0;0,953429539;0,632769855
2004;81;2011;12;1;0;0;38;1;0,628804558;15,56188462;236796,9474;5931893,018;0;0;-1,575573113;0,632769855
2005;81;2012;1;0;0;0;20,07;1;26,85213509;6,162615385;236796,9474;5931893,018;0;0;3,040084132;0,948735263
2006;81;2012;2;1;0;0;2,14;1;154,1999706;9,885115385;236796,9474;5931893,018;0;0;3,728271193;0,855399076
2007;81;2012;3;2;0;0;38;1;12,90560213;8,750153846;236796,9474;5931893,018;0;0;0,295106675;0,948735263
2008;81;2012;4;0;0;0;57,01;0;27,96163794;4,6615;236796,9474;5931893,018;0;0;-0,059725385;0,948735263
2009;81;2012;5;0;0;0;76,02;0;298,6535598;24,46469231;236796,9474;5931893,018;0;0;-0,614748769;0,948735263
2010;81;2012;6;1;0;0;95,03;0;387,5407133;75,03223077;236796,9474;5931893,018;0;0;-1,969473605;0,948735263
2011;81;2012;7;1;0;0;1,81;0;66,3535552;45,64134615;236796,9474;5931893,018;0;0;3,889869543;0,948735263
2012;81;2012;8;1;0;0;38;0;168,4925775;38,44361538;236796,9474;5931893,018;0;0;-0,539133438;0,948735263
2013;81;2012;9;2;0;0;5;0;25,88016149;29,85334615;236796,9474;5931893,018;0;0;0,794868548;0,948735263
2014;81;2012;10;0;0;0;12,22;1;85,79516433;22,04965385;236796,9474;5931893,018;0;0;1,7414875;0,948735263
2015;81;2012;11;0;0;0;19,44;1;73,85834629;15,56223077;236796,9474;5931893,018;0;0;2,218931613;0,948735263
2016;81;2012;12;1;0;0;26,66;1;209,6710102;27,07192308;236796,9474;5931893,018;0;0;2,540749168;0,948735263
2017;81;2013;1;0;0;0;38,201875;1;9,430478823;9,706538462;236796,9474;5931893,018;0;0;2,284538743;1,264596008
2018;81;2013;2;2;0;0;49,74375;1;58,75350983;6,197153846;236796,9474;5931893,018;0;0;1,939192849;1,184008668
2019;81;2013;3;2;0;0;180;1;8,807828067;5,266961538;236796,9474;5931893,018;0;0;0,22012461;1,264596008
2020;81;2013;4;1;0;0;1,04;0;31,11439413;6,121846154;236796,9474;5931893,018;0;0;3,737115162;1,264596008
2021;81;2013;5;0;0;0;1,916;0;342,8286002;16,13523077;236796,9474;5931893,018;0;0;3,643202772;1,264596008
2022;81;2013;6;0;0;0;2,792;0;199,9132245;48,47811538;236796,9474;5931893,018;0;0;3,539548017;1,264596008
2023;81;2013;7;0;0;0;3,668;0;229,8214941;84,97580769;236796,9474;5931893,018;0;0;3,423893099;1,264596008
2024;81;2013;8;0;0;0;4,544;0;211,8298081;63,71930769;236796,9474;5931893,018;0;0;3,293091219;1,264596008
2025;81;2013;9;0;0;0;5,42;0;170,6213525;64,82953846;236796,9474;5931893,018;0;0;3,142568338;1,264596008
2026;81;2013;10;0;0;0;6,296;1;74,38578174;31,7525;236796,9474;5931893,018;0;0;2,965303692;1,264596008
2027;81;2013;11;0;0;0;7,172;1;27,63109327;22,67788462;236796,9474;5931893,018;0;0;2,749697878;1,264596008
2028;81;2013;12;0;0;0;8,048;1;0,245196001;11,51469231;236796,9474;5931893,018;0;0;2,4744538;1,264596008
2029;81;2014;1;0;0;0;8,924;1;22,40247791;5,436653846;236796,9474;5931893,018;0;0;2,093409973;1,58035218
2030;81;2014;2;1;0;0;9,8;1;19,17582136;4,983923077;236796,9474;5931893,018;0;0;1,470139991;1,512509465
2031;81;2014;3;0;0;0;9,4;1;72,7056346;5,268346154;236796,9474;5931893,018;0;0;1,057757852;1,58035218
2032;81;2014;4;1;0;0;9;0;93,19021737;7,378923077;236796,9474;5931893,018;0;0;0,343567791;1,58035218
2033;81;2014;5;0;0;0;7,42237875;0;211,8522845;23,69896154;236796,9474;5931893,018;0;0;3,50443064;1,58035218
2034;81;2014;6;0;0;0;5,8447575;0;389,692249;93,25526923;236796,9474;5931893,018;0;0;4,176155416;1,58035218
2035;81;2014;7;0;0;0;4,26713625;0;379,0018592;77,61307692;236796,9474;5931893,018;0;0;4,574376512;1,58035218
2036;81;2014;8;2;0;0;2,689515;0;252,8002731;101,8281923;236796,9474;5931893,018;0;0;4,858416805;1,58035218
2037;81;2014;9;1;0;0;6;0;236,1054787;71,16773077;236796,9474;5931893,018;0;0;1,239979743;1,58035218
2038;81;2014;10;0;0;0;6;1;41,19451016;38,48307692;236796,9474;5931893,018;0;0;1,239979743;1,58035218
2039;81;2014;11;0;0;0;6;1;12,35315724;11,90019231;236796,9474;5931893,018;0;0;1,239979743;1,58035218
2040;81;2014;12;0;0;0;6;1;47,12240364;1,427961538;236796,9474;5931893,018;0;0;1,239979743;1,58035218
2041;83;2005;1;0;0;0;11,9045;1;27,69985707;32,88167568;238842,9699;5819516,108;0;0;2,579617166;-1,26522563
2042;83;2005;2;0;0;0;11,9045;1;3,047231641;26,71702703;238842,9699;5819516,108;0;0;2,579617166;-1,26522563
2043;83;2005;3;0;0;0;11,9045;1;61,76666486;25,0177027;238842,9699;5819516,108;0;0;2,579617166;-1,26522563
2044;83;2005;4;0;0;0;11,9045;0;43,6656262;23,77105405;238842,9699;5819516,108;0;0;2,579617166;-1,26522563
2045;83;2005;5;0;0;0;11,9045;0;591,2625129;92,44432432;238842,9699;5819516,108;0;0;2,579617166;-1,26522563
2046;83;2005;6;0;0;0;11,9045;0;490,7871384;187,8758378;238842,9699;5819516,108;0;0;2,579617166;-1,26522563
2047;83;2005;7;0;0;0;11,9045;0;300,8886015;218,4554054;238842,9699;5819516,108;0;0;2,579617166;-1,26522563
2048;83;2005;8;0;0;0;11,9045;0;396,1742743;202,9855405;238842,9699;5819516,108;0;0;2,579617166;-1,26522563
2049;83;2005;9;0;0;0;11,9045;0;59,59795405;148,3275405;238842,9699;5819516,108;0;0;2,579617166;-1,26522563
2050;83;2005;10;0;0;0;11,9045;1;42,42119068;109,0658919;238842,9699;5819516,108;0;0;2,579617166;-1,26522563
2051;83;2005;11;0;0;0;11,9045;1;161,6492735;108,6667297;238842,9699;5819516,108;0;0;2,579617166;-1,26522563
2052;83;2005;12;0;0;0;11,9045;1;70,26099525;89,48151351;238842,9699;5819516,108;0;0;2,579617166;-1,26522563
2053;83;2006;1;0;0;0;11,9045;1;62,59233191;45,76764865;238842,9699;5819516,108;0;0;2,579617166;-0,948630325
2054;83;2006;2;0;0;0;11,9045;1;28,99923745;28,11237838;238842,9699;5819516,108;0;0;2,579617166;-0,948630325
2055;83;2006;3;0;0;0;11,9045;1;53,58636923;36,60551351;238842,9699;5819516,108;0;0;2,579617166;-0,948630325
2056;83;2006;4;0;0;0;11,9045;0;186,7470013;56,93416216;238842,9699;5819516,108;0;0;2,579617166;-0,948630325
2057;83;2006;5;0;0;0;11,9045;0;216,65048;60,35216216;238842,9699;5819516,108;0;0;2,579617166;-0,948630325
2058;83;2006;6;0;0;0;11,9045;0;535,9358665;196,1531081;238842,9699;5819516,108;0;0;2,579617166;-0,948630325
2059;83;2006;7;0;0;0;11,9045;0;497,0087099;287,5213243;238842,9699;5819516,108;0;0;2,579617166;-0,948630325
2060;83;2006;8;0;0;0;11,9045;0;337,2225252;179,1371351;238842,9699;5819516,108;0;0;2,579617166;-0,948630325
2061;83;2006;9;0;0;0;11,9045;0;165,0237992;161,3272703;238842,9699;5819516,108;0;0;2,579617166;-0,948630325
2062;83;2006;10;0;0;0;11,9045;1;184,0096043;135,4187027;238842,9699;5819516,108;0;0;2,579617166;-0,948630325
2063;83;2006;11;0;0;0;11,9045;1;30,61611547;103,8045946;238842,9699;5819516,108;0;0;2,579617166;-0,948630325
2064;83;2006;12;0;0;0;11,9045;1;137,4628811;52,79372973;238842,9699;5819516,108;0;0;2,579617166;-0,948630325
2065;83;2007;1;0;0;0;11,9045;1;32,67131246;42,79710811;238842,9699;5819516,108;0;0;2,579617166;-0,632140232
2066;83;2007;2;0;0;0;11,9045;1;73,82873434;47,64116216;238842,9699;5819516,108;0;0;2,579617166;-0,632140232
2067;83;2007;3;0;0;0;11,9045;1;31,34393522;46,79159459;238842,9699;5819516,108;0;0;2,579617166;-0,632140232
2068;83;2007;4;0;0;0;11,9045;0;156,999704;42,18675676;238842,9699;5819516,108;0;0;2,579617166;-0,632140232
2069;83;2007;5;0;0;0;11,9045;0;79,38940301;38,34764865;238842,9699;5819516,108;0;0;2,579617166;-0,632140232
2070;83;2007;6;0;0;0;11,9045;0;229,0917636;47,87178378;238842,9699;5819516,108;0;0;2,579617166;-0,632140232
2071;83;2007;7;0;0;0;11,9045;0;332,7567611;96,79432432;238842,9699;5819516,108;0;0;2,579617166;-0,632140232
2072;83;2007;8;0;0;0;11,9045;0;184,0366537;82,31618919;238842,9699;5819516,108;0;0;2,579617166;-0,632140232
2073;83;2007;9;0;0;0;11,9045;0;90,01245912;85,42345946;238842,9699;5819516,108;0;0;2,579617166;-0,632140232
2074;83;2007;10;0;0;0;11,9045;1;70,81104456;92,61;238842,9699;5819516,108;0;0;2,579617166;-0,632140232
2075;83;2007;11;0;0;0;11,9045;1;19,64021411;76,934;238842,9699;5819516,108;0;0;2,579617166;-0,632140232
2076;83;2007;12;0;0;0;11,9045;1;48,14561611;51,37502703;238842,9699;5819516,108;0;0;2,579617166;-0,632140232
2077;83;2008;1;0;0;0;11,9045;1;35,86131951;34,85137838;238842,9699;5819516,108;0;0;2,579617166;-0,315755259
2078;83;2008;2;0;0;0;11,9045;1;30,13346389;23,38889189;238842,9699;5819516,108;0;0;2,579617166;-0,315755259
2079;83;2008;3;0;0;0;11,9045;1;18,22494828;18,68410811;238842,9699;5819516,108;0;0;2,579617166;-0,315755259
2080;83;2008;4;0;0;0;11,9045;0;105,1927597;16,8907027;238842,9699;5819516,108;0;0;2,579617166;-0,315755259
2081;83;2008;5;0;0;0;11,9045;0;514,2253241;99,91343243;238842,9699;5819516,108;0;0;2,579617166;-0,315755259
2082;83;2008;6;0;0;0;11,9045;0;212,5169357;113,9703784;238842,9699;5819516,108;0;0;2,579617166;-0,315755259
2083;83;2008;7;0;0;0;11,9045;0;341,6739166;137,7808919;238842,9699;5819516,108;0;0;2,579617166;-0,315755259
2084;83;2008;8;0;0;0;11,9045;0;437,1075489;188,112973;238842,9699;5819516,108;0;0;2,579617166;-0,315755259
2085;83;2008;9;0;0;0;11,9045;0;89,686792;174,8944595;238842,9699;5819516,108;0;0;2,579617166;-0,315755259
2086;83;2008;10;0;0;0;11,9045;1;52,51490269;110,1512432;238842,9699;5819516,108;0;0;2,579617166;-0,315755259
2087;83;2008;11;0;0;0;11,9045;1;44,11659619;70,72348649;238842,9699;5819516,108;0;0;2,579617166;-0,315755259
2088;83;2008;12;0;0;0;11,9045;1;31,50635875;42,74089189;238842,9699;5819516,108;0;0;2,579617166;-0,315755259
2089;83;2009;1;0;0;0;11,9045;1;12,47961737;43,47889189;238842,9699;5819516,108;0;0;2,579617166;0,000524686
2090;83;2009;2;0;0;0;11,9045;1;50,04755926;29,01702703;238842,9699;5819516,108;0;0;2,579617166;0,000524686
2091;83;2009;3;0;0;0;11,9045;1;25,92658738;10,25913514;238842,9699;5819516,108;0;0;2,579617166;0,000524686
2092;83;2009;4;0;0;0;11,9045;0;86,67921763;17,66797297;238842,9699;5819516,108;0;0;2,579617166;0,000524686
2093;83;2009;5;0;0;0;11,9045;0;435,6862531;103,7722973;238842,9699;5819516,108;0;0;2,579617166;0,000524686
2094;83;2009;6;0;0;0;11,9045;0;322,3726623;102,4140811;238842,9699;5819516,108;0;0;2,579617166;0,000524686
2095;83;2009;7;0;0;0;11,9045;0;186,5028556;132,4968919;238842,9699;5819516,108;0;0;2,579617166;0,000524686
2096;83;2009;8;0;0;0;11,9045;0;390,9151742;140,8567027;238842,9699;5819516,108;0;0;2,579617166;0,000524686
2097;83;2009;9;0;0;0;11,9045;0;133,8264223;134,5692703;238842,9699;5819516,108;0;0;2,579617166;0,000524686
2098;83;2009;10;0;0;0;11,9045;1;236,9902093;110,1224595;238842,9699;5819516,108;0;0;2,579617166;0,000524686
2099;83;2009;11;0;0;0;11,9045;1;171,2509489;132,9566486;238842,9699;5819516,108;0;0;2,579617166;0,000524686
2100;83;2009;12;0;0;0;11,9045;1;46,02829811;84,00359459;238842,9699;5819516,108;0;0;2,579617166;0,000524686
2101;83;2010;1;0;0;0;11,9045;1;24,97223941;50,0882973;238842,9699;5819516,108;0;0;2,579617166;0,316699693
2102;83;2010;2;2;0;0;11,9045;1;78,01277256;41,39848649;238842,9699;5819516,108;0;0;2,579617166;0,316699693
2103;83;2010;3;1;0;0;102,078;1;44,96651993;33,87027027;238842,9699;5819516,108;0;0;1,187027074;0,316699693
2104;83;2010;4;1;0;0;102,078;0;33,05258164;35,38616216;238842,9699;5819516,108;0;0;0,845467935;0,316699693
2105;83;2010;5;1;0;0;12,084;0;102,9849207;33,69543243;238842,9699;5819516,108;0;0;-0,240369015;0,316699693
2106;83;2010;6;0;0;0;7,95;0;386,588765;72,71016216;238842,9699;5819516,108;0;0;1,051580178;0,316699693
2107;83;2010;7;1;0;0;3,816;0;317,7859879;100,9814324;238842,9699;5819516,108;0;0;1,596960985;0,316699693
2108;83;2010;8;1;0;0;3,339;0;257,0687591;81,17481081;238842,9699;5819516,108;0;0;1,952864118;0,316699693
2109;83;2010;9;3;0;0;20,6965;0;36,54105558;60,26137838;238842,9699;5819516,108;0;0;3,111980015;0,316699693
2110;83;2010;10;1;0;0;4,611;1;92,0125478;64,97464865;238842,9699;5819516,108;0;0;1,623304808;0,316699693
2111;83;2010;11;2;0;0;142,305;1;70,85248196;62,41343243;238842,9699;5819516,108;0;0;1,16229778;0,316699693
2112;83;2010;12;4;0;0;51,6968625;1;98,09901161;42,56037838;238842,9699;5819516,108;0;0;2,327386921;0,316699693
2113;83;2011;1;0;0;0;33,75868125;1;90,99621598;28,00440541;238842,9699;5819516,108;0;0;1,732908788;0,632769855
2114;83;2011;2;3;0;0;15,8205;1;40,83629154;41,44864865;238842,9699;5819516,108;0;0;0,061143078;0,632769855
2115;83;2011;3;1;0;0;1,113;1;78,52414479;21,06278378;238842,9699;5819516,108;0;0;4,423252281;0,632769855
2116;83;2011;4;0;0;0;14,98575;0;175,9852523;25,96397297;238842,9699;5819516,108;0;0;3,761475226;0,632769855
2117;83;2011;5;2;0;0;28,8585;0;70,67182418;32,055;238842,9699;5819516,108;0;0;0,97707909;0,632769855
2118;83;2011;6;1;0;0;11,448;0;309,5016372;75,28286486;238842,9699;5819516,108;0;0;0,693429556;0,632769855
2119;83;2011;7;0;0;0;18,232;0;254,6203438;96,41902703;238842,9699;5819516,108;0;0;0,597403622;0,632769855
2120;83;2011;8;0;0;0;25,016;0;382,6240481;155,4827027;238842,9699;5819516,108;0;0;0,491167599;0,632769855
2121;83;2011;9;1;0;0;31,8;0;165,3530058;142,9969189;238842,9699;5819516,108;0;0;0,372289101;0,632769855
2122;83;2011;10;1;0;0;24,168;1;35,39670741;130,6667568;238842,9699;5819516,108;0;0;1,359993721;0,632769855
2123;83;2011;11;1;0;0;3,975;1;71,60550911;111,2099459;238842,9699;5819516,108;0;0;0,819756946;0,632769855
2124;83;2011;12;6;0;0;48,99265;1;3,134382112;63,58421622;238842,9699;5819516,108;0;0;3,692907234;0,632769855
2125;83;2012;1;0;0;0;27,663;1;73,63585859;41,17667568;238842,9699;5819516,108;0;0;3,112597092;0,948735263
2126;83;2012;2;4;0;0;6,33335;1;175,6562975;38,55678378;238842,9699;5819516,108;0;0;1,568045573;0,948735263
2127;83;2012;3;1;0;0;190,8;1;37,51262046;40,27910811;238842,9699;5819516,108;0;0;5,564354089;0,948735263
2128;83;2012;4;3;0;0;25,44;0;32,4296698;33,28232432;238842,9699;5819516,108;0;0;0,593632475;0,948735263
2129;83;2012;5;3;0;0;4,424666667;0;318,249944;83,28767568;238842,9699;5819516,108;0;0;2,093089949;0,948735263
2130;83;2012;6;4;0;0;16,854;0;409,5900113;144,0624324;238842,9699;5819516,108;0;0;1,493890138;0,948735263
2131;83;2012;7;3;0;0;41,91;0;100,5974413;103,2833784;238842,9699;5819516,108;0;0;1,009259773;0,948735263
2132;83;2012;8;2;0;0;6,6095;0;143,3426304;71,01383784;238842,9699;5819516,108;0;0;1,684089597;0,948735263
2133;83;2012;9;2;0;0;2,6235;0;69,69619619;70,01651351;238842,9699;5819516,108;0;0;0,587480304;0,948735263
2134;83;2012;10;2;0;0;1,073;1;79,83200016;58,59118919;238842,9699;5819516,108;0;0;2,106621045;0,948735263
2135;83;2012;11;3;0;0;4,517333333;1;52,7063312;37,80575676;238842,9699;5819516,108;0;0;2,11804844;0,948735263
2136;83;2012;12;4;0;0;2,75635;1;229,0260743;46,21132432;238842,9699;5819516,108;0;0;2,082268426;0,948735263
2137;83;2013;1;5;0;0;110,30384;1;20,79774174;36,72491892;238842,9699;5819516,108;0;0;2,8116873;1,264596008
2138;83;2013;2;6;0;0;7,610985;1;68,68124254;27,95021622;238842,9699;5819516,108;0;0;2,49899388;1,264596008
2139;83;2013;3;1;0;0;23,85;1;23,95437017;29,53764865;238842,9699;5819516,108;0;0;2,909370054;1,264596008
2140;83;2013;4;3;0;0;3,827033333;0;69,32933153;25,90062162;238842,9699;5819516,108;0;0;2,724745636;1,264596008
2141;83;2013;5;3;0;0;2,034883333;0;331,3649524;37,91648649;238842,9699;5819516,108;0;0;3,017028591;1,264596008
2142;83;2013;6;6;0;0;20,91152667;0;218,4866607;89,64581081;238842,9699;5819516,108;0;0;2,889666823;1,264596008
2143;83;2013;7;6;0;0;22,26820667;0;218,7969303;117,3874324;238842,9699;5819516,108;0;0;2,728544511;1,264596008
2144;83;2013;8;3;0;0;4,699;0;258,5774407;122,4411892;238842,9699;5819516,108;0;0;2,170757195;1,264596008
2145;83;2013;9;1;0;0;21,46;0;183,7665524;136,9088919;238842,9699;5819516,108;0;0;-1,599266195;1,264596008
2146;83;2013;10;11;0;0;12,73970609;1;70,43149418;79,24245946;238842,9699;5819516,108;0;0;2,79015517;1,264596008
2147;83;2013;11;4;0;0;22,583;1;51,56969107;65,19527027;238842,9699;5819516,108;0;0;2,826664791;1,264596008
2148;83;2013;12;3;0;0;20,696;1;6,231496773;36,41191892;238842,9699;5819516,108;0;0;2,784197244;1,264596008
2149;83;2014;1;1;0;0;31,7608;1;60,4919328;52,27975676;238842,9699;5819516,108;0;0;1,79118413;1,58035218
2150;83;2014;2;1;0;0;2,146;1;39,93224297;42,04802703;238842,9699;5819516,108;0;0;2,070570013;1,58035218
2151;83;2014;3;5;0;0;1,6095;1;111,8989989;47,61535135;238842,9699;5819516,108;0;0;2,329807766;1,58035218
2152;83;2014;4;3;0;0;17,433;0;107,3827817;59,61835135;238842,9699;5819516,108;0;0;2,036957347;1,58035218
2153;83;2014;5;3;0;0;12,69716667;0;256,7352869;69,01583784;238842,9699;5819516,108;0;0;2,593942674;1,58035218
2154;83;2014;6;3;0;0;12,4511;0;408,688606;173,222973;238842,9699;5819516,108;0;0;4,225039561;1,58035218
2155;83;2014;7;3;0;0;7,367933333;0;393,6002895;170,2267297;238842,9699;5819516,108;0;0;4,865715579;1,58035218
2156;83;2014;8;6;0;0;73,84516667;0;244,492043;237,8192973;238842,9699;5819516,108;0;0;3,136076657;1,58035218
2157;83;2014;9;4;0;0;80,931;0;281,3048344;173,9699189;238842,9699;5819516,108;0;0;3,267991258;1,58035218
2158;83;2014;10;4;0;0;9,515453125;1;78,99045372;135,2804054;238842,9699;5819516,108;0;0;3,292352789;1,58035218
2159;83;2014;11;0;0;0;9,515453125;1;28,70511346;19,57413514;238842,9699;5819516,108;0;0;3,292352789;1,58035218
2160;83;2014;12;0;0;0;9,515453125;1;36,32356986;11,90924324;238842,9699;5819516,108;0;0;3,292352789;1,58035218
2161;101;2005;1;0;0;0;4,31372549;1;54,06501381;35,03261538;196471,5747;5594635,437;0;0;3,681681761;-1,26522563
2162;101;2005;2;0;0;0;4,31372549;1;6,360441548;23,18553846;196471,5747;5594635,437;0;0;3,681681761;-1,26522563
2163;101;2005;3;0;0;0;4,31372549;1;117,4198183;23,03269231;196471,5747;5594635,437;0;0;3,681681761;-1,26522563
2164;101;2005;4;0;0;0;4,31372549;0;94,32754005;25,128;196471,5747;5594635,437;0;0;3,681681761;-1,26522563
2165;101;2005;5;0;0;0;4,31372549;0;666,8024518;128,7378462;196471,5747;5594635,437;0;0;3,681681761;-1,26522563
2166;101;2005;6;0;0;0;4,31372549;0;489,169818;248,6104615;196471,5747;5594635,437;0;0;3,681681761;-1,26522563
2167;101;2005;7;0;0;0;4,31372549;0;288,1098615;201,2893077;196471,5747;5594635,437;0;0;3,681681761;-1,26522563
2168;101;2005;8;0;0;0;4,31372549;0;349,5221445;162,9196923;196471,5747;5594635,437;0;0;3,681681761;-1,26522563
2169;101;2005;9;0;0;0;4,31372549;0;98,21986654;122,4779231;196471,5747;5594635,437;0;0;3,681681761;-1,26522563
2170;101;2005;10;0;0;0;4,31372549;1;80,40195629;76,084;196471,5747;5594635,437;0;0;3,681681761;-1,26522563
2171;101;2005;11;0;0;0;4,31372549;1;272,8244612;108,1811538;196471,5747;5594635,437;0;0;3,681681761;-1,26522563
2172;101;2005;12;0;0;0;4,31372549;1;70,37213216;132,9476154;196471,5747;5594635,437;0;0;3,681681761;-1,26522563
2173;101;2006;1;0;0;0;4,31372549;1;151,8846723;78,63807692;196471,5747;5594635,437;0;0;3,681681761;-0,948630325
2174;101;2006;2;0;0;0;4,31372549;1;46,08580551;35,86715385;196471,5747;5594635,437;0;0;3,681681761;-0,948630325
2175;101;2006;3;0;0;0;4,31372549;1;118,2789861;31,97807692;196471,5747;5594635,437;0;0;3,681681761;-0,948630325
2176;101;2006;4;0;0;0;4,31372549;0;229,6888813;52,99092308;196471,5747;5594635,437;0;0;3,681681761;-0,948630325
2177;101;2006;5;0;0;0;4,31372549;0;233,2540904;72,62923077;196471,5747;5594635,437;0;0;3,681681761;-0,948630325
2178;101;2006;6;0;0;0;4,31372549;0;554,9930155;239,9956154;196471,5747;5594635,437;0;0;3,681681761;-0,948630325
2179;101;2006;7;0;0;0;4,31372549;0;508,1509598;298,0482308;196471,5747;5594635,437;0;0;3,681681761;-0,948630325
2180;101;2006;8;0;0;0;4,31372549;0;305,4237807;188,0066154;196471,5747;5594635,437;0;0;3,681681761;-0,948630325
2181;101;2006;9;0;0;0;4,31372549;0;188,1650048;126,6955385;196471,5747;5594635,437;0;0;3,681681761;-0,948630325
2182;101;2006;10;0;0;0;4,31372549;1;207,4239862;102,5953846;196471,5747;5594635,437;0;0;3,681681761;-0,948630325
2183;101;2006;11;0;0;0;4,31372549;1;76,06107937;91,23438462;196471,5747;5594635,437;0;0;3,681681761;-0,948630325
2184;101;2006;12;0;0;0;4,31372549;1;196,1135912;61,15030769;196471,5747;5594635,437;0;0;3,681681761;-0,948630325
2185;101;2007;1;0;0;0;4,31372549;1;34,36402242;48,14438462;196471,5747;5594635,437;0;0;3,681681761;-0,632140232
2186;101;2007;2;0;0;0;4,31372549;1;60,37895366;27,473;196471,5747;5594635,437;0;0;3,681681761;-0,632140232
2187;101;2007;3;0;0;0;4,31372549;1;49,2280023;32,07476923;196471,5747;5594635,437;0;0;3,681681761;-0,632140232
2188;101;2007;4;0;0;0;4,31372549;0;218,4085052;46,83315385;196471,5747;5594635,437;0;0;3,681681761;-0,632140232
2189;101;2007;5;0;0;0;4,31372549;0;126,398133;62,67646154;196471,5747;5594635,437;0;0;3,681681761;-0,632140232
2190;101;2007;6;0;0;0;4,31372549;0;283,7044713;94,126;196471,5747;5594635,437;0;0;3,681681761;-0,632140232
2191;101;2007;7;0;0;0;4,31372549;0;353,9574056;174,7523077;196471,5747;5594635,437;0;0;3,681681761;-0,632140232
2192;101;2007;8;0;0;0;4,31372549;0;212,8230414;140,5254615;196471,5747;5594635,437;0;0;3,681681761;-0,632140232
2193;101;2007;9;0;0;0;4,31372549;0;165,509995;124,5877692;196471,5747;5594635,437;0;0;3,681681761;-0,632140232
2194;101;2007;10;0;0;0;4,31372549;1;194,3359618;129,9305385;196471,5747;5594635,437;0;0;3,681681761;-0,632140232
2195;101;2007;11;0;0;0;4,31372549;1;61,81828456;137,5928462;196471,5747;5594635,437;0;0;3,681681761;-0,632140232
2196;101;2007;12;0;0;0;4,31372549;1;65,92002526;89,05484615;196471,5747;5594635,437;0;0;3,681681761;-0,632140232
2197;101;2008;1;0;0;0;4,31372549;1;53,96558891;54,42784615;196471,5747;5594635,437;0;0;3,681681761;-0,315755259
2198;101;2008;2;0;0;0;4,31372549;1;35,92509814;32,28315385;196471,5747;5594635,437;0;0;3,681681761;-0,315755259
2199;101;2008;3;0;0;0;4,31372549;1;67,85612349;27,38892308;196471,5747;5594635,437;0;0;3,681681761;-0,315755259
2200;101;2008;4;0;0;0;4,31372549;0;142,9126154;30,39146154;196471,5747;5594635,437;0;0;3,681681761;-0,315755259
2201;101;2008;5;0;0;0;4,31372549;0;408,5531261;109,6513077;196471,5747;5594635,437;0;0;3,681681761;-0,315755259
2202;101;2008;6;0;0;0;4,31372549;0;212,6193309;75,02869231;196471,5747;5594635,437;0;0;3,681681761;-0,315755259
2203;101;2008;7;0;0;0;4,31372549;0;494,2716576;218,7316154;196471,5747;5594635,437;0;0;3,681681761;-0,315755259
2204;101;2008;8;0;0;0;4,31372549;0;574,7028014;199,3463846;196471,5747;5594635,437;0;0;3,681681761;-0,315755259
2205;101;2008;9;0;0;0;4,31372549;0;63,53891018;215,5343846;196471,5747;5594635,437;0;0;3,681681761;-0,315755259
2206;101;2008;10;0;0;0;4,31372549;1;77,81353163;85,04123077;196471,5747;5594635,437;0;0;3,681681761;-0,315755259
2207;101;2008;11;0;0;0;4,31372549;1;104,7397696;69,30684615;196471,5747;5594635,437;0;0;3,681681761;-0,315755259
2208;101;2008;12;0;0;0;4,31372549;1;32,60634338;43,22784615;196471,5747;5594635,437;0;0;3,681681761;-0,315755259
2209;101;2009;1;0;0;0;4,31372549;1;29,15298599;24,81461538;196471,5747;5594635,437;0;0;3,681681761;0,000524686
2210;101;2009;2;0;0;0;4,31372549;1;58,71525584;17,05292308;196471,5747;5594635,437;0;0;3,681681761;0,000524686
2211;101;2009;3;0;0;0;4,31372549;1;65,63834842;16,54946154;196471,5747;5594635,437;0;0;3,681681761;0,000524686
2212;101;2009;4;0;0;0;4,31372549;0;149,2869191;28,467;196471,5747;5594635,437;0;0;3,681681761;0,000524686
2213;101;2009;5;0;0;0;4,31372549;0;496,5575412;109,065;196471,5747;5594635,437;0;0;3,681681761;0,000524686
2214;101;2009;6;0;0;0;4,31372549;0;297,7496964;128,3784615;196471,5747;5594635,437;0;0;3,681681761;0,000524686
2215;101;2009;7;0;0;0;4,31372549;0;197,6550084;150,2780769;196471,5747;5594635,437;0;0;3,681681761;0,000524686
2216;101;2009;8;0;0;0;4,31372549;0;560,5719745;183,8716923;196471,5747;5594635,437;0;0;3,681681761;0,000524686
2217;101;2009;9;0;0;0;4,31372549;0;121,5226111;186,2935385;196471,5747;5594635,437;0;0;3,681681761;0,000524686
2218;101;2009;10;0;0;0;4,31372549;1;308,7532295;94,54292308;196471,5747;5594635,437;0;0;3,681681761;0,000524686
2219;101;2009;11;0;0;0;4,31372549;1;220,3145522;133,5576154;196471,5747;5594635,437;0;0;3,681681761;0,000524686
2220;101;2009;12;0;0;0;4,31372549;1;134,3204031;84,16438462;196471,5747;5594635,437;0;0;3,681681761;0,000524686
2221;101;2010;1;3;0;0;4,31372549;1;57,4306542;64,68038462;196471,5747;5594635,437;0;0;3,681681761;0,316699693
2222;101;2010;2;0;0;0;2,959150327;1;133,626048;47,389;196471,5747;5594635,437;0;0;4,49888433;0,316699693
2223;101;2010;3;0;0;0;1,604575163;1;99,81557983;36,18184615;196471,5747;5594635,437;0;0;4,942501981;0,316699693
2224;101;2010;4;1;0;0;0,25;0;71,3715939;33,52723077;196471,5747;5594635,437;0;0;5,248727998;0,316699693
2225;101;2010;5;8;0;0;31,26048951;0;139,5193617;41,62784615;196471,5747;5594635,437;0;0;4,264026946;0,316699693
2226;101;2010;6;1;0;0;290;0;440,7039668;106,5733846;196471,5747;5594635,437;0;0;3,42380077;0,316699693
2227;101;2010;7;0;0;0;155;0;324,1834706;166,6638462;196471,5747;5594635,437;0;0;2,965245083;0,316699693
2228;101;2010;8;2;0;0;20;0;358,7806707;124,8556923;196471,5747;5594635,437;0;0;2,093478911;0,316699693
2229;101;2010;9;1;0;0;40;0;73,18121197;117,44;196471,5747;5594635,437;0;0;1,950510448;0,316699693
2230;101;2010;10;0;0;0;20,02097902;1;144,0413066;76,89269231;196471,5747;5594635,437;0;0;1,404211494;0,316699693
2231;101;2010;11;1;0;0;0,041958042;1;120,388767;100,8323077;196471,5747;5594635,437;0;0;0,106477223;0,316699693
2232;101;2010;12;2;0;0;0,062937063;1;121,7754521;77,503;196471,5747;5594635,437;0;0;0,105844786;0,316699693
2233;101;2011;1;1;0;0;0,041958042;1;98,78448762;46,39976923;196471,5747;5594635,437;0;0;0,104875785;0,632769855
2234;101;2011;2;2;0;0;5,5;1;47,3567737;31,16846154;196471,5747;5594635,437;0;0;2,790427974;0,632769855
2235;101;2011;3;1;0;0;60;1;146,5021078;25,25030769;196471,5747;5594635,437;0;0;3,143437238;0,632769855
2236;101;2011;4;0;0;0;40,13333333;0;196,6732055;42,447;196471,5747;5594635,437;0;0;4,027320305;0,632769855
2237;101;2011;5;0;0;0;20,26666667;0;168,5815634;57,86561538;196471,5747;5594635,437;0;0;4,489055214;0,632769855
2238;101;2011;6;2;0;0;0,4;0;300,4086714;103,8303077;196471,5747;5594635,437;0;0;4,803727715;0,632769855
2239;101;2011;7;3;0;0;0,163333333;0;306,5123675;105,3278462;196471,5747;5594635,437;0;0;6,210865845;0,632769855
2240;101;2011;8;1;0;0;0,1;0;368,7120732;149,6675385;196471,5747;5594635,437;0;0;6,120410355;0,632769855
2241;101;2011;9;0;0;0;13,4;0;264,0743541;142,7977692;196471,5747;5594635,437;0;0;5,722346115;0,632769855
2242;101;2011;10;0;0;0;26,7;1;59,93142215;104,2290769;196471,5747;5594635,437;0;0;5,051078467;0,632769855
2243;101;2011;11;1;0;0;40;1;104,1436732;72,67;196471,5747;5594635,437;0;0;1,91110217;0,632769855
2244;101;2011;12;2;0;0;6,147058824;1;35,70701556;47,19507692;196471,5747;5594635,437;0;0;5,141284553;0,632769855
2245;101;2012;1;0;0;0;9,897058824;1;136,2231842;29,71923077;196471,5747;5594635,437;0;0;4,725077416;0,948735263
2246;101;2012;2;4;0;0;13,64705882;1;189,6038994;35,36146154;196471,5747;5594635,437;0;0;3,998993946;0,948735263
2247;101;2012;3;0;0;0;18,19226905;1;59,8482396;44,83269231;196471,5747;5594635,437;0;0;4,803669527;0,948735263
2248;101;2012;4;0;0;0;22,73747928;0;78,63590285;26,75692308;196471,5747;5594635,437;0;0;5,243708032;0,948735263
2249;101;2012;5;4;0;0;27,28268951;0;340,3032941;47,77438462;196471,5747;5594635,437;0;0;5,54823865;0,948735263
2250;101;2012;6;0;0;0;29,90183427;0;441,6534092;183,469;196471,5747;5594635,437;0;0;4,86601484;0,948735263
2251;101;2012;7;2;0;0;32,52097902;0;183,7002941;155,6894615;196471,5747;5594635,437;0;0;1,036854596;0,948735263
2252;101;2012;8;2;0;0;0,326797386;0;249,9516885;92,29492308;196471,5747;5594635,437;0;0;3,891001977;0,948735263
2253;101;2012;9;2;0;0;2,647058824;0;123,4560181;84,02876923;196471,5747;5594635,437;0;0;6,449526266;0,948735263
2254;101;2012;10;0;0;0;1,584018922;1;85,30122853;66,79807692;196471,5747;5594635,437;0;0;5,908403266;0,948735263
2255;101;2012;11;2;0;0;0,520979021;1;44,23573773;45,51384615;196471,5747;5594635,437;0;0;4,642785459;0,948735263
2256;101;2012;12;2;0;0;0,310457517;1;369,6246255;83,85538462;196471,5747;5594635,437;0;0;3,962635301;0,948735263
2257;101;2013;1;0;0;0;0,176207779;1;29,03140557;66,40846154;196471,5747;5594635,437;0;0;4,36355076;1,264596008
2258;101;2013;2;1;0;0;0,041958042;1;141,4211862;36,84730769;196471,5747;5594635,437;0;0;4,648950222;1,264596008
2259;101;2013;3;2;0;0;10,125;1;60,61513607;27,42661538;196471,5747;5594635,437;0;0;5,167758327;1,264596008
2260;101;2013;4;0;0;0;8,108391608;0;151,3205964;24,20338462;196471,5747;5594635,437;0;0;5,790906736;1,264596008
2261;101;2013;5;0;0;0;6,091783217;0;358,1465329;54,28246154;196471,5747;5594635,437;0;0;6,171906027;1,264596008
2262;101;2013;6;0;0;0;4,075174825;0;272,1446754;134,5446923;196471,5747;5594635,437;0;0;6,447127001;1,264596008
2263;101;2013;7;0;0;0;2,058566434;0;239,3741066;167,6682308;196471,5747;5594635,437;0;0;6,662718672;1,264596008
2264;101;2013;8;1;0;0;0,041958042;0;309,3463136;134,5824615;196471,5747;5594635,437;0;0;6,83997377;1,264596008
2265;101;2013;9;1;0;0;0,041958042;0;247,2617101;160,1093077;196471,5747;5594635,437;0;0;6,94066157;1,264596008
2266;101;2013;10;0;0;0;6,020979021;1;82,06748699;73,64384615;196471,5747;5594635,437;0;0;6,249249755;1,264596008
2267;101;2013;11;1;0;0;12;1;124,4787907;66,67376923;196471,5747;5594635,437;0;0;0,584991998;1,264596008
2268;101;2013;12;0;0;0;6,007246504;1;28,50590532;39,08961538;196471,5747;5594635,437;0;0;5,733248092;1,264596008
2269;101;2014;1;6;0;0;0,014493007;1;136,8305099;29,96638462;196471,5747;5594635,437;0;0;6,423486282;1,58035218
2270;101;2014;2;3;0;0;0,666666667;1;58,20157553;39,06376923;196471,5747;5594635,437;0;0;4,157354207;1,58035218
2271;101;2014;3;1;0;0;0,009;1;160,6055283;31,83;196471,5747;5594635,437;0;0;5,79973623;1,58035218
2272;101;2014;4;3;0;0;39,18777778;0;137,9195149;42,16438462;196471,5747;5594635,437;0;0;4,137327706;1,58035218
2273;101;2014;5;0;0;0;59,59388889;0;334,5499413;87,87253846;196471,5747;5594635,437;0;0;3,46420523;1,58035218
2274;101;2014;6;1;0;0;80;0;410,0113461;188,9963846;196471,5747;5594635,437;0;0;0,236568238;1,58035218
2275;101;2014;7;1;0;0;0,041958042;0;404,0725665;119,2105385;196471,5747;5594635,437;0;0;5,290265534;1,58035218
2276;101;2014;8;2;0;0;10,0045;0;250,2773006;212,6056923;196471,5747;5594635,437;0;0;5,097392006;1,58035218
2277;101;2014;9;3;0;0;0,033972028;0;307,8634171;123,6277692;196471,5747;5594635,437;0;0;6,219539162;1,58035218
2278;101;2014;10;3;0;0;8,080652681;1;153,232781;100,3083846;196471,5747;5594635,437;0;0;5,765378898;1,58035218
2279;101;2014;11;0;0;0;8,080652681;1;72,50123483;70,66992308;196471,5747;5594635,437;0;0;5,765378898;1,58035218
2280;101;2014;12;0;0;0;8,080652681;1;48,52408529;41,49853846;196471,5747;5594635,437;0;0;5,765378898;1,58035218
2281;103;2005;1;0;0;0;1400;1;99,37691689;41,28655556;186695,3928;5505964,756;0;0;0,138125044;-1,26522563
2282;103;2005;2;0;0;0;1400;1;16,86192559;29,17477778;186695,3928;5505964,756;0;0;0,138125044;-1,26522563
2283;103;2005;3;0;0;0;1400;1;176,1665689;31,52972222;186695,3928;5505964,756;0;0;0,138125044;-1,26522563
2284;103;2005;4;0;0;0;1400;0;144,8703914;36,48672222;186695,3928;5505964,756;0;0;0,138125044;-1,26522563
2285;103;2005;5;0;0;0;1400;0;631,641152;117,7016667;186695,3928;5505964,756;0;0;0,138125044;-1,26522563
2286;103;2005;6;0;0;0;1400;0;423,4038772;168,6796111;186695,3928;5505964,756;0;0;0,138125044;-1,26522563
2287;103;2005;7;0;0;0;1400;0;263,2527269;142,4764444;186695,3928;5505964,756;0;0;0,138125044;-1,26522563
2288;103;2005;8;0;0;0;1400;0;309,4285275;119,1043889;186695,3928;5505964,756;0;0;0,138125044;-1,26522563
2289;103;2005;9;0;0;0;1400;0;104,6410529;77,89483333;186695,3928;5505964,756;0;0;0,138125044;-1,26522563
2290;103;2005;10;1;0;0;1400;1;93,78342034;50,25833333;186695,3928;5505964,756;0;0;0,138125044;-1,26522563
2291;103;2005;11;1;0;0;50;1;297,0061673;74,25411111;186695,3928;5505964,756;0;0;-0,582819906;-1,26522563
2292;103;2005;12;2;0;0;10,75;1;68,2308187;77,90416667;186695,3928;5505964,756;0;0;3,948694446;-1,26522563
2293;103;2006;1;0;0;0;18,27777778;1;203,2389215;63,60488889;186695,3928;5505964,756;0;0;3,551267549;-0,948630325
2294;103;2006;2;0;0;0;25,80555556;1;62,21902919;34,92894444;186695,3928;5505964,756;0;0;2,881854445;-0,948630325
2295;103;2006;3;3;0;0;33,33333333;1;152,8365128;36,55611111;186695,3928;5505964,756;0;0;-0,17768535;-0,948630325
2296;103;2006;4;0;0;0;23,88888889;0;235,8831528;50,13372222;186695,3928;5505964,756;0;0;3,555080517;-0,948630325
2297;103;2006;5;0;0;0;14,44444444;0;220,2369749;60,27744444;186695,3928;5505964,756;0;0;4,236192279;-0,948630325
2298;103;2006;6;1;0;0;5;0;492,8747655;140,4867222;186695,3928;5505964,756;0;0;4,637613174;-0,948630325
2299;103;2006;7;0;0;0;6,428571429;0;451,0763907;181,2451111;186695,3928;5505964,756;0;0;4,492222413;-0,948630325
2300;103;2006;8;0;0;0;7,857142857;0;262,3339252;116,2032778;186695,3928;5505964,756;0;0;4,322037239;-0,948630325
2301;103;2006;9;0;0;0;9,285714286;0;188,071122;81,96316667;186695,3928;5505964,756;0;0;4,11682648;-0,948630325
2302;103;2006;10;0;0;0;10,71428571;1;233,7029416;77,72833333;186695,3928;5505964,756;0;0;3,858335759;-0,948630325
2303;103;2006;11;0;0;0;12,14285714;1;103,2991435;69,71227778;186695,3928;5505964,756;0;0;3,508814971;-0,948630325
2304;103;2006;12;0;0;0;13,57142857;1;246,764702;57,17161111;186695,3928;5505964,756;0;0;2,966863807;-0,948630325
2305;103;2007;1;1;0;0;15;1;32,73247106;46,35438889;186695,3928;5505964,756;0;0;1,696187142;-0,632140232
2306;103;2007;2;3;0;0;30,33333333;1;68,39138385;30,92216667;186695,3928;5505964,756;0;0;3,327840022;-0,632140232
2307;103;2007;3;0;0;0;30,84210526;1;71,68193252;28,071;186695,3928;5505964,756;0;0;3,280925731;-0,632140232
2308;103;2007;4;0;0;0;31,35087719;0;220,0871889;34,738;186695,3928;5505964,756;0;0;3,231701685;-0,632140232
2309;103;2007;5;0;0;0;31,85964912;0;137,5176162;35,79227778;186695,3928;5505964,756;0;0;3,179928618;-0,632140232
2310;103;2007;6;0;0;0;32,36842105;0;244,8374061;46,73266667;186695,3928;5505964,756;0;0;3,125328045;-0,632140232
2311;103;2007;7;0;0;0;32,87719298;0;322,9894831;82,18911111;186695,3928;5505964,756;0;0;3,067573196;-0,632140232
2312;103;2007;8;0;0;0;33,38596491;0;204,7700612;77,27272222;186695,3928;5505964,756;0;0;3,006277158;-0,632140232
2313;103;2007;9;0;0;0;33,89473684;0;202,6022017;84,13183333;186695,3928;5505964,756;0;0;2,940977155;-0,632140232
2314;103;2007;10;0;0;0;34,40350877;1;233,4731153;70,16161111;186695,3928;5505964,756;0;0;2,871113307;-0,632140232
2315;103;2007;11;0;0;0;34,9122807;1;78,22538532;66,04877778;186695,3928;5505964,756;0;0;2,795999418;-0,632140232
2316;103;2007;12;0;0;0;35,42105263;1;90,34209874;47,47177778;186695,3928;5505964,756;0;0;2,71478186;-0,632140232
2317;103;2008;1;0;0;0;35,92982456;1;71,1599072;38,03972222;186695,3928;5505964,756;0;0;2,626380243;-0,315755259
2318;103;2008;2;0;0;0;36,43859649;1;48,99273725;26,19061111;186695,3928;5505964,756;0;0;2,529399219;-0,315755259
2319;103;2008;3;0;0;0;36,94736842;1;94,14468725;23,02816667;186695,3928;5505964,756;0;0;2,421992762;-0,315755259
2320;103;2008;4;0;0;0;37,45614035;0;170,6737491;29,48733333;186695,3928;5505964,756;0;0;2,3016464;-0,315755259
2321;103;2008;5;0;0;0;37,96491228;0;397,0171639;81,35844444;186695,3928;5505964,756;0;0;2,164809617;-0,315755259
2322;103;2008;6;0;0;0;38,47368421;0;223,3931701;84,46055556;186695,3928;5505964,756;0;0;2,006234686;-0,315755259
2323;103;2008;7;0;0;0;38,98245614;0;473,8096085;191,3849444;186695,3928;5505964,756;0;0;1,817686107;-0,315755259
2324;103;2008;8;0;0;0;39,49122807;0;483,8151042;190,0589444;186695,3928;5505964,756;0;0;1,58512871;-0,315755259
2325;103;2008;9;1;0;0;40;0;74,75887734;164,2685;186695,3928;5505964,756;0;0;1,28155724;-0,315755259
2326;103;2008;10;0;0;0;45,3125;1;108,3236732;73,63066667;186695,3928;5505964,756;0;0;1,249625937;-0,315755259
2327;103;2008;11;0;0;0;50,625;1;127,211148;61,33744444;186695,3928;5505964,756;0;0;1,216641299;-0,315755259
2328;103;2008;12;0;0;0;55,9375;1;39,9300254;42,78605556;186695,3928;5505964,756;0;0;1,182531454;-0,315755259
2329;103;2009;1;0;0;0;61,25;1;48,87516725;30,741;186695,3928;5505964,756;0;0;1,147216915;0,000524686
2330;103;2009;2;0;0;0;66,5625;1;89,94958592;22,46294444;186695,3928;5505964,756;0;0;1,110609462;0,000524686
2331;103;2009;3;0;0;0;71,875;1;90,89226165;21,19983333;186695,3928;5505964,756;0;0;1,072610814;0,000524686
2332;103;2009;4;0;0;0;77,1875;0;165,7935531;39,151;186695,3928;5505964,756;0;0;1,033111039;0,000524686
2333;103;2009;5;2;0;0;82,5;0;437,3954301;86,97466667;186695,3928;5505964,756;0;0;0,991986641;0,000524686
2334;103;2009;6;0;0;0;86,88888889;0;278,4673864;95,71583333;186695,3928;5505964,756;0;0;0,695202909;0,000524686
2335;103;2009;7;0;0;0;91,27777778;0;188,4362766;108,3332222;186695,3928;5505964,756;0;0;0,271282126;0,000524686
2336;103;2009;8;3;0;0;95,66666667;0;523,9199358;179,1064444;186695,3928;5505964,756;0;0;-0,47936822;0,000524686
2337;103;2009;9;0;0;0;79,83333333;0;117,5469361;145,046;186695,3928;5505964,756;0;0;0,892681754;0,000524686
2338;103;2009;10;0;0;0;64;1;302,1479526;99,51672222;186695,3928;5505964,756;0;0;1,450245964;0,000524686
2339;103;2009;11;0;0;0;48,16666667;1;253,154448;116,9689444;186695,3928;5505964,756;0;0;1,806099097;0,000524686
2340;103;2009;12;0;0;0;32,33333333;1;170,2849457;85,23033333;186695,3928;5505964,756;0;0;2,068020568;0,000524686
2341;103;2010;1;1;0;0;16,5;1;92,66360636;70,74127778;186695,3928;5505964,756;0;0;2,275383088;0,316699693
2342;103;2010;2;0;0;0;16,33333333;1;162,2304179;61,31777778;186695,3928;5505964,756;0;0;2,749138075;0,316699693
2343;103;2010;3;0;0;0;16,16666667;1;120,38488;48,10244444;186695,3928;5505964,756;0;0;3,069292327;0,316699693
2344;103;2010;4;0;0;0;16;0;100,8880069;47,9485;186695,3928;5505964,756;0;0;3,311424814;0,316699693
2345;103;2010;5;0;0;0;15,83333333;0;168,9130395;59,4;186695,3928;5505964,756;0;0;3,506208252;0,316699693
2346;103;2010;6;0;0;0;15,66666667;0;439,6375471;96,82422222;186695,3928;5505964,756;0;0;3,669166144;0,316699693
2347;103;2010;7;0;0;0;15,5;0;302,172125;154,2069444;186695,3928;5505964,756;0;0;3,809252413;0,316699693
2348;103;2010;8;0;0;0;15,33333333;0;320,0707899;127,716;186695,3928;5505964,756;0;0;3,932104146;0,316699693
2349;103;2010;9;0;0;0;15,16666667;0;104,1470195;102,2058333;186695,3928;5505964,756;0;0;4,041501202;0,316699693
2350;103;2010;10;1;0;0;15;1;151,606237;73,76833333;186695,3928;5505964,756;0;0;4,140101929;0,316699693
2351;103;2010;11;0;0;0;19,95833333;1;145,2099685;96,87772222;186695,3928;5505964,756;0;0;4,011002881;0,316699693
2352;103;2010;12;0;0;0;24,91666667;1;134,2064246;77,5445;186695,3928;5505964,756;0;0;3,862731599;0,316699693
2353;103;2011;1;0;0;0;29,875;1;126,49129;55,99994444;186695,3928;5505964,756;0;0;3,688583555;0,632769855
2354;103;2011;2;0;0;0;34,83333333;1;62,82815649;42,14433333;186695,3928;5505964,756;0;0;3,47757636;0,632769855
2355;103;2011;3;0;0;0;39,79166667;1;172,0457355;38,45261111;186695,3928;5505964,756;0;0;3,209799863;0,632769855
2356;103;2011;4;2;0;0;44,75;0;196,8143032;61,57477778;186695,3928;5505964,756;0;0;2,842995249;0,632769855
2357;103;2011;5;0;0;0;41,0625;0;171,0589069;74,17566667;186695,3928;5505964,756;0;0;2,578618136;0,632769855
2358;103;2011;6;0;0;0;37,375;0;293,9802108;117,5900556;186695,3928;5505964,756;0;0;2,218194261;0,632769855
2359;103;2011;7;0;0;0;33,6875;0;325,4302061;137,0178333;186695,3928;5505964,756;0;0;1,649144193;0,632769855
2360;103;2011;8;1;0;0;30;0;334,5909745;156,5543333;186695,3928;5505964,756;0;0;0,194193551;0,632769855
2361;103;2011;9;0;0;0;35;0;282,1406712;144,3682222;186695,3928;5505964,756;0;0;0,036025886;0,632769855
2362;103;2011;10;0;0;0;40;1;82,96985461;101,154;186695,3928;5505964,756;0;0;-0,151946696;0,632769855
2363;103;2011;11;0;0;0;45;1;144,948498;72,07305556;186695,3928;5505964,756;0;0;-0,383627118;0,632769855
2364;103;2011;12;0;0;0;50;1;56,75649749;53,82972222;186695,3928;5505964,756;0;0;-0,685701283;0,632769855
2365;103;2012;1;0;0;0;55;1;164,1707365;44,6565;186695,3928;5505964,756;0;0;-1,120587288;0,948735263
2366;103;2012;2;1;0;0;60;1;236,534087;56,30794444;186695,3928;5505964,756;0;0;-1,907577016;0,948735263
2367;103;2012;3;0;0;0;63,5;1;68,98786515;54,68783333;186695,3928;5505964,756;0;0;0,546002737;0,948735263
2368;103;2012;4;1;0;0;67;0;115,0511164;41,97433333;186695,3928;5505964,756;0;0;1,195205747;0,948735263
2369;103;2012;5;0;0;0;39,25;0;361,9260631;73,40022222;186695,3928;5505964,756;0;0;3,038407465;0,948735263
2370;103;2012;6;1;0;0;11,5;0;393,6241329;174,4389444;186695,3928;5505964,756;0;0;3,649091229;0,948735263
2371;103;2012;7;0;0;0;10,75;0;214,9330114;149,1881111;186695,3928;5505964,756;0;0;2,967406383;0,948735263
2372;103;2012;8;1;0;0;10;0;260,3750344;101,6072778;186695,3928;5505964,756;0;0;-0,813861029;0,948735263
2373;103;2012;9;0;0;0;32,5;0;155,3185257;82,93077778;186695,3928;5505964,756;0;0;1,869706117;0,948735263
2374;103;2012;10;2;0;0;55;1;89,05978417;59,33655556;186695,3928;5505964,756;0;0;2,528096717;0,948735263
2375;103;2012;11;0;0;0;50;1;59,54352486;49,37127778;186695,3928;5505964,756;0;0;2,672433051;0,948735263
2376;103;2012;12;0;0;0;45;1;384,497685;86,19555556;186695,3928;5505964,756;0;0;2,798539952;0,948735263
2377;103;2013;1;0;0;0;40;1;49,55743048;63,56072222;186695,3928;5505964,756;0;0;2,910510031;1,264596008
2378;103;2013;2;0;0;0;35;1;173,4191071;45,72238889;186695,3928;5505964,756;0;0;3,011195728;1,264596008
2379;103;2013;3;0;0;0;30;1;96,02177532;40,57055556;186695,3928;5505964,756;0;0;3,102664735;1,264596008
2380;103;2013;4;0;0;0;25;0;185,200922;32,42872222;186695,3928;5505964,756;0;0;3,186463825;1,264596008
2381;103;2013;5;1;0;0;20;0;387,7174486;95,61783333;186695,3928;5505964,756;0;0;3,26378036;1,264596008
2382;103;2013;6;0;0;0;16;0;314,3655716;156,51;186695,3928;5505964,756;0;0;3,241303725;1,264596008
2383;103;2013;7;0;0;0;12;0;217,7756313;147,4002222;186695,3928;5505964,756;0;0;3,218310251;1,264596008
2384;103;2013;8;0;0;0;8;0;345,7981997;123,2294444;186695,3928;5505964,756;0;0;3,19477561;1,264596008
2385;103;2013;9;1;0;0;4;0;259,7714455;159,6356667;186695,3928;5505964,756;0;0;3,170673712;1,264596008
2386;103;2013;10;0;0;0;4,615384615;1;108,8199647;73,35766667;186695,3928;5505964,756;0;0;3,414502796;1,264596008
2387;103;2013;11;0;0;0;5,230769231;1;131,4895831;62,02627778;186695,3928;5505964,756;0;0;3,610380751;1,264596008
2388;103;2013;12;0;0;0;5,846153846;1;55,45052592;40,15166667;186695,3928;5505964,756;0;0;3,774103278;1,264596008
2389;103;2014;1;0;0;0;6,461538462;1;125,6157271;33,44183333;186695,3928;5505964,756;0;0;3,914753905;1,58035218
2390;103;2014;2;0;0;0;7,076923077;1;77,31025721;37,12366667;186695,3928;5505964,756;0;0;4,038039294;1,58035218
2391;103;2014;3;0;0;0;7,692307692;1;175,0238779;34,27761111;186695,3928;5505964,756;0;0;4,147779997;1,58035218
2392;103;2014;4;0;0;0;8,307692308;0;162,310383;47,36677778;186695,3928;5505964,756;0;0;4,24665975;1,58035218
2393;103;2014;5;0;0;0;8,923076923;0;344,4536063;60,11461111;186695,3928;5505964,756;0;0;4,336636069;1,58035218
2394;103;2014;6;0;0;0;9,538461538;0;391,2629677;131,4894444;186695,3928;5505964,756;0;0;4,419180726;1,58035218
2395;103;2014;7;0;0;0;10,15384615;0;381,7213902;104,0452778;186695,3928;5505964,756;0;0;4,495428255;1,58035218
2396;103;2014;8;0;0;0;10,76923077;0;253,5285806;136,7261667;186695,3928;5505964,756;0;0;4,566271713;1,58035218
2397;103;2014;9;0;0;0;11,38461538;0;296,4432886;83,9395;186695,3928;5505964,756;0;0;4,632426694;1,58035218
2398;103;2014;10;2;0;0;12;1;180,1030939;54,53311111;186695,3928;5505964,756;0;0;4,694475436;1,58035218
2399;103;2014;11;2;0;0;35,215;1;90,50986673;35,988;186695,3928;5505964,756;0;0;2,782880671;1,58035218
2400;103;2014;12;0;0;0;35,215;1;74,80264331;31,54833333;186695,3928;5505964,756;0;0;2,782880671;1,58035218
