"","cuenca","year","month","pp_mes"
"1",101,1979,1,38.835925660618
"2",101,1979,2,25.6366317528377
"3",101,1979,3,51.8914107807954
"4",101,1979,4,62.3893707395769
"5",101,1979,5,410.340928584385
"6",101,1979,6,165.072687644938
"7",101,1979,7,424.274821896273
"8",101,1979,8,644.091860674615
"9",101,1979,9,244.119391326
"10",101,1979,10,165.730045345438
"11",101,1979,11,189.139085041301
"12",101,1979,12,189.092588861813
"13",101,1980,1,50.9349039579838
"14",101,1980,2,213.828890257869
"15",101,1980,3,100.135639656382
"16",101,1980,4,335.25961176402
"17",101,1980,5,584.0088120174
"18",101,1980,6,353.083632091977
"19",101,1980,7,345.055851013438
"20",101,1980,8,359.971235505495
"21",101,1980,9,132.212173775722
"22",101,1980,10,19.96204765033
"23",101,1980,11,148.718316076939
"24",101,1980,12,146.532985683923
"25",101,1981,1,183.754227285454
"26",101,1981,2,30.6152198274138
"27",101,1981,3,133.237390416644
"28",101,1981,4,151.912629390415
"29",101,1981,5,744.530385706986
"30",101,1981,6,255.623531520722
"31",101,1981,7,326.338901824838
"32",101,1981,8,180.934059497577
"33",101,1981,9,220.961301701308
"34",101,1981,10,107.453245382666
"35",101,1981,11,69.5980987020231
"36",101,1981,12,85.0686707237893
"37",101,1982,1,121.835738960644
"38",101,1982,2,90.7379309451923
"39",101,1982,3,89.1467799967231
"40",101,1982,4,78.9368733818462
"41",101,1982,5,432.217665653223
"42",101,1982,6,491.199733914254
"43",101,1982,7,505.123101481476
"44",101,1982,8,368.456222439385
"45",101,1982,9,255.540938829315
"46",101,1982,10,225.837246209343
"47",101,1982,11,111.309019721828
"48",101,1982,12,10.7407191344145
"49",101,1983,1,90.4890556321315
"50",101,1983,2,12.0369733743262
"51",101,1983,3,68.2647150126231
"52",101,1983,4,200.347411350586
"53",101,1983,5,210.027685815752
"54",101,1983,6,333.717708407985
"55",101,1983,7,325.590692342308
"56",101,1983,8,257.353985726582
"57",101,1983,9,265.786173778662
"58",101,1983,10,132.303940234372
"59",101,1983,11,8.5432566729
"60",101,1983,12,39.3314100013077
"61",101,1984,1,71.1432281917823
"62",101,1984,2,113.941097589193
"63",101,1984,3,81.0398432260138
"64",101,1984,4,100.821667734892
"65",101,1984,5,497.046502252867
"66",101,1984,6,387.399096195867
"67",101,1984,7,359.558815063916
"68",101,1984,8,134.464339350691
"69",101,1984,9,216.11696508366
"70",101,1984,10,336.770620338761
"71",101,1984,11,73.9634555725008
"72",101,1984,12,60.5428953294211
"73",101,1985,1,103.188638073275
"74",101,1985,2,64.9021756197
"75",101,1985,3,113.95158147568
"76",101,1985,4,248.636852851637
"77",101,1985,5,479.304016595231
"78",101,1985,6,351.932918505752
"79",101,1985,7,219.117618993527
"80",101,1985,8,180.679964775685
"81",101,1985,9,219.954700367408
"82",101,1985,10,125.076460443592
"83",101,1985,11,111.579243019119
"84",101,1985,12,39.7406480430308
"85",101,1986,1,60.7830305135176
"86",101,1986,2,123.207571600362
"87",101,1986,3,107.671639150664
"88",101,1986,4,275.925127663431
"89",101,1986,5,453.882079526295
"90",101,1986,6,445.3996964578
"91",101,1986,7,241.320243829451
"92",101,1986,8,370.552337618705
"93",101,1986,9,182.479519036792
"94",101,1986,10,97.3241979489769
"95",101,1986,11,269.9625655194
"96",101,1986,12,30.6273583177692
"97",101,1987,1,18.56415956351
"98",101,1987,2,40.5414627585385
"99",101,1987,3,174.368602808692
"100",101,1987,4,184.379625043285
"101",101,1987,5,218.160882941822
"102",101,1987,6,283.900544549717
"103",101,1987,7,521.384394972408
"104",101,1987,8,268.358897142185
"105",101,1987,9,177.459967281546
"106",101,1987,10,163.785487981131
"107",101,1987,11,101.189467678908
"108",101,1987,12,67.18921116533
"109",101,1988,1,78.9415483431423
"110",101,1988,2,0.171221364333846
"111",101,1988,3,134.986171231315
"112",101,1988,4,114.659297610023
"113",101,1988,5,139.111410967999
"114",101,1988,6,362.291543751708
"115",101,1988,7,174.887198519638
"116",101,1988,8,355.776661242492
"117",101,1988,9,107.093475823916
"118",101,1988,10,173.799492142067
"119",101,1988,11,48.4979203711769
"120",101,1988,12,92.6560651185154
"121",101,1989,1,45.90971710454
"122",101,1989,2,44.4520124933412
"123",101,1989,3,80.0854302498923
"124",101,1989,4,87.2223567968392
"125",101,1989,5,103.396083543254
"126",101,1989,6,383.379871869115
"127",101,1989,7,354.433453822138
"128",101,1989,8,300.610788737646
"129",101,1989,9,85.1682548038377
"130",101,1989,10,95.2795119452908
"131",101,1989,11,55.5937741949011
"132",101,1989,12,275.201190800569
"133",101,1990,1,53.7013904394462
"134",101,1990,2,70.2833513515062
"135",101,1990,3,155.576594673656
"136",101,1990,4,219.274388154195
"137",101,1990,5,364.607649485634
"138",101,1990,6,275.287965813822
"139",101,1990,7,236.245303506565
"140",101,1990,8,281.175245900073
"141",101,1990,9,296.518363696434
"142",101,1990,10,129.873521445626
"143",101,1990,11,91.0700001094692
"144",101,1990,12,63.3755731470974
"145",101,1991,1,40.8850943665869
"146",101,1991,2,29.3187024115788
"147",101,1991,3,97.1063756859077
"148",101,1991,4,195.781947842572
"149",101,1991,5,459.313232624762
"150",101,1991,6,197.377743632073
"151",101,1991,7,350.144306442915
"152",101,1991,8,238.477816628615
"153",101,1991,9,231.794801104977
"154",101,1991,10,99.3219214933685
"155",101,1991,11,81.7176476511769
"156",101,1991,12,255.535864559772
"157",101,1992,1,2.98347793719692
"158",101,1992,2,51.9739586250908
"159",101,1992,3,118.75135629227
"160",101,1992,4,215.063607818596
"161",101,1992,5,399.640890678375
"162",101,1992,6,417.136014805397
"163",101,1992,7,184.735106264117
"164",101,1992,8,158.688677918069
"165",101,1992,9,243.519572551152
"166",101,1992,10,237.394661230222
"167",101,1992,11,69.1045926089077
"168",101,1992,12,154.752808383246
"169",101,1993,1,55.6209128585169
"170",101,1993,2,15.8035751301538
"171",101,1993,3,200.167956420492
"172",101,1993,4,274.290659673769
"173",101,1993,5,509.856512052923
"174",101,1993,6,531.245365823431
"175",101,1993,7,404.750692385
"176",101,1993,8,223.383031892338
"177",101,1993,9,90.01952993603
"178",101,1993,10,162.705854328715
"179",101,1993,11,143.290226522014
"180",101,1993,12,149.887695447528
"181",101,1994,1,33.9994810044123
"182",101,1994,2,45.3042000073923
"183",101,1994,3,63.6449870358
"184",101,1994,4,238.924515493308
"185",101,1994,5,326.49936074625
"186",101,1994,6,399.260174566677
"187",101,1994,7,374.259731159185
"188",101,1994,8,182.499212074577
"189",101,1994,9,279.573189707762
"190",101,1994,10,183.950810454635
"191",101,1994,11,204.938465453902
"192",101,1994,12,134.3379072066
"193",101,1995,1,76.9031759487769
"194",101,1995,2,10.0057359637692
"195",101,1995,3,63.2442831356862
"196",101,1995,4,250.784544123
"197",101,1995,5,173.773758916231
"198",101,1995,6,542.375193648992
"199",101,1995,7,404.795831929965
"200",101,1995,8,380.21431365064
"201",101,1995,9,99.0789784588769
"202",101,1995,10,171.065819094768
"203",101,1995,11,62.2980600152
"204",101,1995,12,2.46300464265385
"205",101,1996,1,46.9335322659846
"206",101,1996,2,95.12100445545
"207",101,1996,3,131.359184207969
"208",101,1996,4,142.757501294605
"209",101,1996,5,224.079806245351
"210",101,1996,6,193.171619535308
"211",101,1996,7,114.4766818458
"212",101,1996,8,341.557218893146
"213",101,1996,9,99.9704998203846
"214",101,1996,10,117.014342143238
"215",101,1996,11,101.732243496448
"216",101,1996,12,62.8648899268538
"217",101,1997,1,130.875541319789
"218",101,1997,2,51.7020176764615
"219",101,1997,3,22.8988126202123
"220",101,1997,4,451.18012547081
"221",101,1997,5,197.767245771292
"222",101,1997,6,494.556263598861
"223",101,1997,7,536.358088636662
"224",101,1997,8,249.052153733531
"225",101,1997,9,217.029936896269
"226",101,1997,10,263.946563405069
"227",101,1997,11,209.082113106015
"228",101,1997,12,91.6929881507131
"229",101,1998,1,37.4004213732385
"230",101,1998,2,17.0196857104692
"231",101,1998,3,63.1842958265
"232",101,1998,4,104.263519754508
"233",101,1998,5,168.315872266509
"234",101,1998,6,213.833503839581
"235",101,1998,7,178.853492488
"236",101,1998,8,259.678954962121
"237",101,1998,9,110.52844358023
"238",101,1998,10,33.6853348959535
"239",101,1998,11,52.4529136261231
"240",101,1998,12,52.8738168601069
"241",101,1999,1,32.8722575830846
"242",101,1999,2,50.8374757240263
"243",101,1999,3,102.936730835594
"244",101,1999,4,61.4519084367585
"245",101,1999,5,216.352907193048
"246",101,1999,6,464.227571831196
"247",101,1999,7,188.711452922131
"248",101,1999,8,387.225045165162
"249",101,1999,9,257.556778145631
"250",101,1999,10,54.9277542223154
"251",101,1999,11,81.3788750629354
"252",101,1999,12,50.0798220338462
"253",101,2000,1,42.4678751125785
"254",101,2000,2,199.907780731103
"255",101,2000,3,97.1018941113077
"256",101,2000,4,131.886445792148
"257",101,2000,5,164.229481919817
"258",101,2000,6,743.077633328385
"259",101,2000,7,319.435103868919
"260",101,2000,8,207.441706155996
"261",101,2000,9,245.689324641018
"262",101,2000,10,143.601746003116
"263",101,2000,11,108.676608945183
"264",101,2000,12,134.135200573013
"265",101,2001,1,172.527873615172
"266",101,2001,2,51.703959183
"267",101,2001,3,116.800640602408
"268",101,2001,4,98.7933913825846
"269",101,2001,5,463.98725128681
"270",101,2001,6,462.061788070592
"271",101,2001,7,567.422994630057
"272",101,2001,8,244.248016240862
"273",101,2001,9,97.3670582773577
"274",101,2001,10,53.5563707737538
"275",101,2001,11,106.021878655265
"276",101,2001,12,18.0841466602077
"277",101,2002,1,36.2936496812315
"278",101,2002,2,73.7384118308231
"279",101,2002,3,213.274727873923
"280",101,2002,4,179.920943851636
"281",101,2002,5,368.580269949208
"282",101,2002,6,290.970126173769
"283",101,2002,7,245.827365143567
"284",101,2002,8,356.503544591449
"285",101,2002,9,241.298854709082
"286",101,2002,10,495.864315728601
"287",101,2002,11,229.417405958965
"288",101,2002,12,122.004224285449
"289",101,2003,1,78.2335816758126
"290",101,2003,2,32.0781198751615
"291",101,2003,3,52.0269812309538
"292",101,2003,4,86.7917022338563
"293",101,2003,5,124.216831020035
"294",101,2003,6,674.498910146154
"295",101,2003,7,243.296801018116
"296",101,2003,8,189.079596073077
"297",101,2003,9,288.045075813459
"298",101,2003,10,149.617892099592
"299",101,2003,11,161.349660707172
"300",101,2003,12,141.207960947412
"301",101,2004,1,18.4581648751769
"302",101,2004,2,50.1578291926845
"303",101,2004,3,118.601387964851
"304",101,2004,4,378.930765962384
"305",101,2004,5,31.0419969410692
"306",101,2004,6,567.581907169154
"307",101,2004,7,341.644762236733
"308",101,2004,8,192.2836765565
"309",101,2004,9,193.538800668148
"310",101,2004,10,246.073370934495
"311",101,2004,11,125.977834663528
"312",101,2004,12,90.7387563007231
"313",101,2005,1,54.0650138104077
"314",101,2005,2,6.3604415479
"315",101,2005,3,117.4198183354
"316",101,2005,4,94.3275400454846
"317",101,2005,5,666.802451786231
"318",101,2005,6,489.169817998927
"319",101,2005,7,288.109861533377
"320",101,2005,8,349.522144512946
"321",101,2005,9,98.2198665415923
"322",101,2005,10,80.4019562878
"323",101,2005,11,272.824461179923
"324",101,2005,12,70.3721321625238
"325",101,2006,1,151.884672298558
"326",101,2006,2,46.0858055054231
"327",101,2006,3,118.278986092031
"328",101,2006,4,229.688881342308
"329",101,2006,5,233.254090426046
"330",101,2006,6,554.993015526854
"331",101,2006,7,508.150959842321
"332",101,2006,8,305.423780747123
"333",101,2006,9,188.165004775367
"334",101,2006,10,207.423986195239
"335",101,2006,11,76.0610793676692
"336",101,2006,12,196.113591197556
"337",101,2007,1,34.3640224174154
"338",101,2007,2,60.3789536593208
"339",101,2007,3,49.2280023048469
"340",101,2007,4,218.408505240279
"341",101,2007,5,126.398133042666
"342",101,2007,6,283.704471254505
"343",101,2007,7,353.957405570098
"344",101,2007,8,212.823041429369
"345",101,2007,9,165.509994994676
"346",101,2007,10,194.335961814672
"347",101,2007,11,61.8182845640955
"348",101,2007,12,65.9200252579674
"349",101,2008,1,53.965588908182
"350",101,2008,2,35.9250981396015
"351",101,2008,3,67.8561234886154
"352",101,2008,4,142.912615441868
"353",101,2008,5,408.553126095392
"354",101,2008,6,212.61933092401
"355",101,2008,7,494.271657593554
"356",101,2008,8,574.702801390846
"357",101,2008,9,63.5389101764841
"358",101,2008,10,77.8135316314739
"359",101,2008,11,104.739769552308
"360",101,2008,12,32.6063433765794
"361",101,2009,1,29.1529859873869
"362",101,2009,2,58.7152558396462
"363",101,2009,3,65.6383484194615
"364",101,2009,4,149.286919125549
"365",101,2009,5,496.557541165923
"366",101,2009,6,297.749696359
"367",101,2009,7,197.65500840608
"368",101,2009,8,560.571974483829
"369",101,2009,9,121.522611106506
"370",101,2009,10,308.753229495769
"371",101,2009,11,220.314552153557
"372",101,2009,12,134.320403065195
"373",101,2010,1,57.4306542033661
"374",101,2010,2,133.626047962923
"375",101,2010,3,99.8155798327219
"376",101,2010,4,71.3715938981469
"377",101,2010,5,139.519361715639
"378",101,2010,6,440.703966759015
"379",101,2010,7,324.183470550331
"380",101,2010,8,358.780670712777
"381",101,2010,9,73.1812119728615
"382",101,2010,10,144.041306615462
"383",101,2010,11,120.388767024418
"384",101,2010,12,121.775452090065
"385",101,2011,1,98.7844876218692
"386",101,2011,2,47.3567736961538
"387",101,2011,3,146.502107788674
"388",101,2011,4,196.673205509885
"389",101,2011,5,168.58156344536
"390",101,2011,6,300.408671387005
"391",101,2011,7,306.512367544185
"392",101,2011,8,368.712073242231
"393",101,2011,9,264.074354133199
"394",101,2011,10,59.9314221491231
"395",101,2011,11,104.143673159974
"396",101,2011,12,35.7070155642423
"397",101,2012,1,136.223184160147
"398",101,2012,2,189.603899413003
"399",101,2012,3,59.8482396007462
"400",101,2012,4,78.6359028467539
"401",101,2012,5,340.303294057585
"402",101,2012,6,441.653409198409
"403",101,2012,7,183.700294087885
"404",101,2012,8,249.951688493923
"405",101,2012,9,123.456018071851
"406",101,2012,10,85.3012285288722
"407",101,2012,11,44.2357377341662
"408",101,2012,12,369.624625548856
"409",101,2013,1,29.0314055662115
"410",101,2013,2,141.421186239462
"411",101,2013,3,60.6151360687
"412",101,2013,4,151.32059641263
"413",101,2013,5,358.146532940931
"414",101,2013,6,272.144675429699
"415",101,2013,7,239.374106598176
"416",101,2013,8,309.346313640446
"417",101,2013,9,247.2617100988
"418",101,2013,10,82.0674869928485
"419",101,2013,11,124.478790726523
"420",101,2013,12,28.5059053176154
"421",101,2014,1,136.830509941923
"422",101,2014,2,58.20157553
"423",101,2014,3,160.605528308696
"424",101,2014,4,137.919514863941
"425",101,2014,5,334.549941257103
"426",101,2014,6,410.011346118808
"427",101,2014,7,404.072566498462
"428",101,2014,8,250.277300590615
"429",101,2014,9,307.863417134308
"430",101,2014,10,153.232780998403
"431",101,2014,11,72.5012348275723
"432",101,2014,12,48.5240852913631
"433",101,2015,1,0.275530803584616
"434",101,2015,2,15.5216629684615
"435",101,2015,3,42.4000572938085
"436",101,2015,4,127.143590836231
"437",101,2015,5,426.9950447087
"438",101,2015,6,397.947883296685
"439",101,2015,7,499.740051007454
"440",101,2015,8,432.977128733614
"441",101,2015,9,182.903770986114
"442",101,2015,10,106.281580077485
"443",101,2015,11,86.09467471305
"444",101,2015,12,102.800197851273
"445",101,2016,1,40.4220652755877
"446",101,2016,2,31.4700026317692
"447",101,2016,3,37.7617009792077
"448",101,2016,4,162.29313511089
"449",101,2016,5,96.8457719148846
"450",101,2016,6,45.4230038851089
"451",101,2016,7,296.091624320885
"452",101,2016,8,331.113367542247
"453",101,2016,9,112.431935208482
"454",101,2016,10,177.379923250042
"455",101,2016,11,86.1669955641608
"456",101,2016,12,128.426397265746
"457",101,2017,1,83.5778736786077
"458",101,2017,2,108.282910472754
"459",101,2017,3,88.1523136450154
"460",101,2017,4,156.672506671777
"461",101,2017,5,241.274834911132
"462",101,2017,6,360.414068913531
"463",101,2017,7,235.628751809538
"464",101,2017,8,468.249248886438
"465",101,2017,9,133.401317363085
"466",101,2017,10,311.442841073267
"467",101,2017,11,70.1133607457692
"468",101,2017,12,101.381377421592
"469",101,2018,1,69.4705360549561
"470",101,2018,2,28.345870306353
"471",101,2018,3,234.883882856518
"472",101,2018,4,248.532847420431
"473",101,2018,5,210.440722648108
"474",101,2018,6,338.993643527615
"475",101,2018,7,210.425562537569
"476",101,2018,8,296.450816586169
"477",101,2018,9,290.990292024585
"478",101,2018,10,211.815713356769
"479",101,2018,11,184.722091564285
"480",101,2018,12,71.1188945297585
"481",101,2019,1,34.0109270716077
"482",101,2019,2,25.8216651803846
"483",101,2019,3,49.4778172288054
"484",101,2019,4,84.9893197351079
"485",101,2019,5,288.326036388866
"486",101,2019,6,429.399046219612
"487",101,2019,7,465.613666057956
"488",101,2019,8,221.986000908382
"489",101,2019,9,120.230556317046
"490",101,2019,10,122.9978056967
"491",101,2019,11,115.184132057738
"492",101,2019,12,48.5572336327562
"493",101,2020,1,54.1829441931708
"494",101,2020,2,49.6132627471333
"495",101,2020,3,59.8854518665385
"496",101,2020,4,123.129918488462
"497",101,2020,5,0
"498",101,2020,6,0
"499",101,2020,7,0
"500",101,2020,8,0
"501",101,2020,9,0
"502",101,2020,10,0
"503",101,2020,11,0
"504",101,2020,12,0
"505",103,1979,1,55.0556652218556
"506",103,1979,2,52.4819487899043
"507",103,1979,3,89.8046324316944
"508",103,1979,4,78.3693681700564
"509",103,1979,5,456.819639389079
"510",103,1979,6,197.836767242877
"511",103,1979,7,399.125019331211
"512",103,1979,8,588.734701820939
"513",103,1979,9,254.820050466389
"514",103,1979,10,198.243623634322
"515",103,1979,11,184.211223638975
"516",103,1979,12,191.86663556575
"517",103,1980,1,75.4117974032167
"518",103,1980,2,239.811872482301
"519",103,1980,3,155.010472529233
"520",103,1980,4,343.358850209546
"521",103,1980,5,515.747480039109
"522",103,1980,6,331.356041135828
"523",103,1980,7,326.825839455394
"524",103,1980,8,346.043775388314
"525",103,1980,9,173.405193041494
"526",103,1980,10,36.0703785425861
"527",103,1980,11,178.977779758757
"528",103,1980,12,164.012837228944
"529",103,1981,1,176.701872042933
"530",103,1981,2,54.9724194525372
"531",103,1981,3,151.218419045262
"532",103,1981,4,161.549936397715
"533",103,1981,5,626.800527608079
"534",103,1981,6,284.397206861058
"535",103,1981,7,299.053836443918
"536",103,1981,8,213.441701350828
"537",103,1981,9,258.507295255556
"538",103,1981,10,124.629075195322
"539",103,1981,11,99.6890783046444
"540",103,1981,12,114.62591533506
"541",103,1982,1,155.214856625506
"542",103,1982,2,95.6069952243642
"543",103,1982,3,126.829841190631
"544",103,1982,4,94.0210011908256
"545",103,1982,5,441.717908193267
"546",103,1982,6,414.045864456393
"547",103,1982,7,401.364615417797
"548",103,1982,8,345.605662287229
"549",103,1982,9,241.203288659879
"550",103,1982,10,245.876793624461
"551",103,1982,11,142.123054667394
"552",103,1982,12,30.2963337701167
"553",103,1983,1,96.4903067218767
"554",103,1983,2,37.1773683654712
"555",103,1983,3,106.208543169332
"556",103,1983,4,191.212330779386
"557",103,1983,5,223.597342543412
"558",103,1983,6,301.189692035377
"559",103,1983,7,311.025526157794
"560",103,1983,8,255.6782263924
"561",103,1983,9,262.832152273672
"562",103,1983,10,140.876380103367
"563",103,1983,11,34.2655243837983
"564",103,1983,12,39.3045496893811
"565",103,1984,1,117.022774745197
"566",103,1984,2,155.056538281347
"567",103,1984,3,84.0453529590339
"568",103,1984,4,141.706149517914
"569",103,1984,5,403.702079516871
"570",103,1984,6,330.688770944741
"571",103,1984,7,284.698663981235
"572",103,1984,8,141.065823708505
"573",103,1984,9,214.024335263785
"574",103,1984,10,335.145194567322
"575",103,1984,11,105.779194874416
"576",103,1984,12,95.9241503006811
"577",103,1985,1,108.935889537533
"578",103,1985,2,108.650117521672
"579",103,1985,3,143.407917051956
"580",103,1985,4,262.836983850964
"581",103,1985,5,471.901100004006
"582",103,1985,6,363.188496894571
"583",103,1985,7,257.450287256072
"584",103,1985,8,187.746782123694
"585",103,1985,9,228.774103618691
"586",103,1985,10,140.502841102376
"587",103,1985,11,137.036604715294
"588",103,1985,12,67.5434553021078
"589",103,1986,1,99.1522163534692
"590",103,1986,2,136.011662516885
"591",103,1986,3,146.839192438934
"592",103,1986,4,316.659061343901
"593",103,1986,5,413.303669403216
"594",103,1986,6,419.141621982778
"595",103,1986,7,234.414045276836
"596",103,1986,8,317.898824506076
"597",103,1986,9,204.503024348156
"598",103,1986,10,119.04660711032
"599",103,1986,11,262.533326926838
"600",103,1986,12,48.1253552017122
"601",103,1987,1,37.5572285352929
"602",103,1987,2,44.9895615959995
"603",103,1987,3,180.744457981043
"604",103,1987,4,223.950673770641
"605",103,1987,5,221.583315793429
"606",103,1987,6,280.140654979378
"607",103,1987,7,491.220616525413
"608",103,1987,8,256.719413374572
"609",103,1987,9,209.25634099856
"610",103,1987,10,184.108906460468
"611",103,1987,11,106.00618869124
"612",103,1987,12,101.945432667218
"613",103,1988,1,102.821110034855
"614",103,1988,2,4.81533608961839
"615",103,1988,3,139.020171185894
"616",103,1988,4,154.269785373001
"617",103,1988,5,142.806408614433
"618",103,1988,6,338.101862369606
"619",103,1988,7,163.145855853517
"620",103,1988,8,335.442168335203
"621",103,1988,9,132.349033218257
"622",103,1988,10,199.367689585533
"623",103,1988,11,81.6740219591511
"624",103,1988,12,133.773601146158
"625",103,1989,1,84.6183594297252
"626",103,1989,2,63.9740443367783
"627",103,1989,3,116.516728639677
"628",103,1989,4,149.391089941583
"629",103,1989,5,122.919564375
"630",103,1989,6,341.276014423999
"631",103,1989,7,320.447426214707
"632",103,1989,8,365.469191792147
"633",103,1989,9,110.28136725649
"634",103,1989,10,109.939748320799
"635",103,1989,11,80.2545771920344
"636",103,1989,12,278.588890522895
"637",103,1990,1,100.339382033828
"638",103,1990,2,81.6446499642627
"639",103,1990,3,152.580235636126
"640",103,1990,4,258.456838574269
"641",103,1990,5,377.384450193609
"642",103,1990,6,289.489359490977
"643",103,1990,7,249.747653410694
"644",103,1990,8,293.041635877059
"645",103,1990,9,278.618642397665
"646",103,1990,10,162.616396961806
"647",103,1990,11,123.38924159559
"648",103,1990,12,103.076676163472
"649",103,1991,1,72.306015874405
"650",103,1991,2,60.9686086544111
"651",103,1991,3,96.4393973332634
"652",103,1991,4,167.786851019196
"653",103,1991,5,380.708829764956
"654",103,1991,6,192.745046671681
"655",103,1991,7,329.336632449067
"656",103,1991,8,236.406488154106
"657",103,1991,9,248.892970662832
"658",103,1991,10,124.057099784147
"659",103,1991,11,101.00108201861
"660",103,1991,12,334.896316787843
"661",103,1992,1,2.96573959154444
"662",103,1992,2,113.455118146282
"663",103,1992,3,141.005661937243
"664",103,1992,4,229.414515760949
"665",103,1992,5,338.640180311718
"666",103,1992,6,364.179783653778
"667",103,1992,7,169.580085269466
"668",103,1992,8,187.234204952931
"669",103,1992,9,255.05644898684
"670",103,1992,10,296.228365254653
"671",103,1992,11,86.46723574633
"672",103,1992,12,182.947491134944
"673",103,1993,1,83.22167656025
"674",103,1993,2,35.1098922166306
"675",103,1993,3,277.181161196
"676",103,1993,4,295.663755016091
"677",103,1993,5,422.916551580294
"678",103,1993,6,480.200265130556
"679",103,1993,7,367.042830579436
"680",103,1993,8,187.049599286003
"681",103,1993,9,98.3584397984327
"682",103,1993,10,143.593697856504
"683",103,1993,11,166.177955752795
"684",103,1993,12,140.258735408098
"685",103,1994,1,78.0346660532364
"686",103,1994,2,73.9931849460506
"687",103,1994,3,82.9070807894229
"688",103,1994,4,253.520142482761
"689",103,1994,5,401.650823327404
"690",103,1994,6,400.599331439991
"691",103,1994,7,329.482914835606
"692",103,1994,8,247.061469526571
"693",103,1994,9,285.014714501646
"694",103,1994,10,190.253296776753
"695",103,1994,11,235.945792451544
"696",103,1994,12,156.683589829803
"697",103,1995,1,113.433936926803
"698",103,1995,2,24.6929983253461
"699",103,1995,3,89.6637069097167
"700",103,1995,4,258.05509366915
"701",103,1995,5,249.629077908983
"702",103,1995,6,493.995344618661
"703",103,1995,7,360.275431496272
"704",103,1995,8,347.053518922324
"705",103,1995,9,118.912424869329
"706",103,1995,10,175.122174232771
"707",103,1995,11,88.0592549917244
"708",103,1995,12,8.80189533890556
"709",103,1996,1,69.5511356131095
"710",103,1996,2,118.49263661679
"711",103,1996,3,158.278332318583
"712",103,1996,4,158.653686426964
"713",103,1996,5,220.809002037725
"714",103,1996,6,174.096956607252
"715",103,1996,7,151.350576066859
"716",103,1996,8,316.903015918527
"717",103,1996,9,127.633754534307
"718",103,1996,10,157.567992640533
"719",103,1996,11,143.593536001117
"720",103,1996,12,86.5071782741689
"721",103,1997,1,178.195127693043
"722",103,1997,2,78.3865636040033
"723",103,1997,3,44.0854647766006
"724",103,1997,4,405.217059714328
"725",103,1997,5,171.874020801374
"726",103,1997,6,438.75646817455
"727",103,1997,7,463.843127476744
"728",103,1997,8,235.447774462113
"729",103,1997,9,223.856794790092
"730",103,1997,10,251.441380483863
"731",103,1997,11,213.631521349622
"732",103,1997,12,116.384884403835
"733",103,1998,1,68.9061252276874
"734",103,1998,2,37.8977109181667
"735",103,1998,3,93.4159281702778
"736",103,1998,4,109.228443191313
"737",103,1998,5,165.833910029081
"738",103,1998,6,220.166351862586
"739",103,1998,7,201.339055878014
"740",103,1998,8,270.008892293194
"741",103,1998,9,110.619051163034
"742",103,1998,10,59.454228939845
"743",103,1998,11,67.0508688738661
"744",103,1998,12,64.8055912065695
"745",103,1999,1,45.5478394956378
"746",103,1999,2,73.3975035261072
"747",103,1999,3,126.871006764483
"748",103,1999,4,78.6539311357477
"749",103,1999,5,220.270134372622
"750",103,1999,6,372.827134648344
"751",103,1999,7,224.27751521028
"752",103,1999,8,368.442818764704
"753",103,1999,9,251.946005472174
"754",103,1999,10,72.089370762545
"755",103,1999,11,97.5973796706261
"756",103,1999,12,89.74767675475
"757",103,2000,1,67.5276736582433
"758",103,2000,2,206.128198826207
"759",103,2000,3,123.278210489818
"760",103,2000,4,152.06186365217
"761",103,2000,5,150.259104902979
"762",103,2000,6,611.829820423217
"763",103,2000,7,356.954657737075
"764",103,2000,8,211.858462277738
"765",103,2000,9,212.016759963126
"766",103,2000,10,175.497936958556
"767",103,2000,11,143.918839703407
"768",103,2000,12,145.567822268334
"769",103,2001,1,220.968858947263
"770",103,2001,2,82.8439521463028
"771",103,2001,3,144.545095865311
"772",103,2001,4,117.872778003046
"773",103,2001,5,413.61282995225
"774",103,2001,6,383.531227539389
"775",103,2001,7,467.744112322921
"776",103,2001,8,244.255239359632
"777",103,2001,9,109.822427980207
"778",103,2001,10,72.9185009208389
"779",103,2001,11,135.062902005374
"780",103,2001,12,31.1626372624256
"781",103,2002,1,54.9288445157172
"782",103,2002,2,96.9008575996056
"783",103,2002,3,219.771164098177
"784",103,2002,4,210.051494153333
"785",103,2002,5,387.944241301106
"786",103,2002,6,285.614918558451
"787",103,2002,7,257.204129887324
"788",103,2002,8,354.219535134221
"789",103,2002,9,249.914719795239
"790",103,2002,10,461.332443004073
"791",103,2002,11,265.095357971189
"792",103,2002,12,135.3364356448
"793",103,2003,1,120.537174966533
"794",103,2003,2,58.9382992258556
"795",103,2003,3,72.1726085994167
"796",103,2003,4,110.106114022878
"797",103,2003,5,145.849071121147
"798",103,2003,6,543.231027217439
"799",103,2003,7,237.385301881094
"800",103,2003,8,204.624940958215
"801",103,2003,9,289.540642494956
"802",103,2003,10,164.830319067095
"803",103,2003,11,186.529543483552
"804",103,2003,12,189.746431095856
"805",103,2004,1,38.5341112284206
"806",103,2004,2,64.4526649945117
"807",103,2004,3,139.022095614528
"808",103,2004,4,433.716832299317
"809",103,2004,5,36.3530220546139
"810",103,2004,6,563.328612681322
"811",103,2004,7,286.080920558718
"812",103,2004,8,211.752787170673
"813",103,2004,9,193.505235019403
"814",103,2004,10,254.433540367544
"815",103,2004,11,137.704586219089
"816",103,2004,12,148.201048143812
"817",103,2005,1,99.3769168945667
"818",103,2005,2,16.8619255901222
"819",103,2005,3,176.166568865308
"820",103,2005,4,144.870391357267
"821",103,2005,5,631.641152034633
"822",103,2005,6,423.403877221989
"823",103,2005,7,263.252726933599
"824",103,2005,8,309.42852754314
"825",103,2005,9,104.641052874796
"826",103,2005,10,93.7834203444989
"827",103,2005,11,297.006167265584
"828",103,2005,12,68.2308187033002
"829",103,2006,1,203.238921495111
"830",103,2006,2,62.2190291915499
"831",103,2006,3,152.836512849549
"832",103,2006,4,235.883152770814
"833",103,2006,5,220.236974909272
"834",103,2006,6,492.874765508778
"835",103,2006,7,451.076390743369
"836",103,2006,8,262.333925233422
"837",103,2006,9,188.071122030746
"838",103,2006,10,233.702941560002
"839",103,2006,11,103.299143488801
"840",103,2006,12,246.764701953112
"841",103,2007,1,32.7324710567624
"842",103,2007,2,68.3913838514994
"843",103,2007,3,71.6819325211319
"844",103,2007,4,220.087188895649
"845",103,2007,5,137.51761621435
"846",103,2007,6,244.83740612146
"847",103,2007,7,322.9894831365
"848",103,2007,8,204.770061244837
"849",103,2007,9,202.602201749217
"850",103,2007,10,233.473115299291
"851",103,2007,11,78.2253853212667
"852",103,2007,12,90.3420987397611
"853",103,2008,1,71.1599072018811
"854",103,2008,2,48.9927372492522
"855",103,2008,3,94.1446872459511
"856",103,2008,4,170.673749125747
"857",103,2008,5,397.01716394925
"858",103,2008,6,223.393170096508
"859",103,2008,7,473.809608531806
"860",103,2008,8,483.815104246933
"861",103,2008,9,74.7588773393522
"862",103,2008,10,108.323673169167
"863",103,2008,11,127.211148025003
"864",103,2008,12,39.9300254023111
"865",103,2009,1,48.875167251417
"866",103,2009,2,89.9495859175589
"867",103,2009,3,90.8922616489967
"868",103,2009,4,165.793553053195
"869",103,2009,5,437.39543005038
"870",103,2009,6,278.467386381628
"871",103,2009,7,188.436276602667
"872",103,2009,8,523.91993580924
"873",103,2009,9,117.546936130777
"874",103,2009,10,302.147952574582
"875",103,2009,11,253.154447959761
"876",103,2009,12,170.284945689583
"877",103,2010,1,92.6636063580048
"878",103,2010,2,162.230417874422
"879",103,2010,3,120.384880042659
"880",103,2010,4,100.888006869771
"881",103,2010,5,168.913039535957
"882",103,2010,6,439.637547068779
"883",103,2010,7,302.172125003059
"884",103,2010,8,320.070789904795
"885",103,2010,9,104.147019521289
"886",103,2010,10,151.606236968345
"887",103,2010,11,145.209968466177
"888",103,2010,12,134.206424609539
"889",103,2011,1,126.49129004387
"890",103,2011,2,62.8281564876222
"891",103,2011,3,172.045735516375
"892",103,2011,4,196.814303238624
"893",103,2011,5,171.058906869998
"894",103,2011,6,293.98021078788
"895",103,2011,7,325.430206067755
"896",103,2011,8,334.590974503411
"897",103,2011,9,282.140671242533
"898",103,2011,10,82.9698546081472
"899",103,2011,11,144.948497988374
"900",103,2011,12,56.7564974867806
"901",103,2012,1,164.170736453867
"902",103,2012,2,236.534086981579
"903",103,2012,3,68.9878651459213
"904",103,2012,4,115.051116403719
"905",103,2012,5,361.92606308868
"906",103,2012,6,393.624132927111
"907",103,2012,7,214.933011399691
"908",103,2012,8,260.375034428667
"909",103,2012,9,155.318525682738
"910",103,2012,10,89.0597841749352
"911",103,2012,11,59.5435248615889
"912",103,2012,12,384.497685035111
"913",103,2013,1,49.5574304755889
"914",103,2013,2,173.419107107442
"915",103,2013,3,96.0217753245556
"916",103,2013,4,185.200922036817
"917",103,2013,5,387.717448613798
"918",103,2013,6,314.365571584687
"919",103,2013,7,217.775631348977
"920",103,2013,8,345.79819965687
"921",103,2013,9,259.771445519047
"922",103,2013,10,108.819964679072
"923",103,2013,11,131.489583105157
"924",103,2013,12,55.4505259245517
"925",103,2014,1,125.615727117339
"926",103,2014,2,77.3102572138389
"927",103,2014,3,175.023877861344
"928",103,2014,4,162.310382984233
"929",103,2014,5,344.453606338967
"930",103,2014,6,391.262967724837
"931",103,2014,7,381.721390178411
"932",103,2014,8,253.528580632608
"933",103,2014,9,296.443288634829
"934",103,2014,10,180.103093882392
"935",103,2014,11,90.5098667336597
"936",103,2014,12,74.8026433073875
"937",103,2015,1,4.52507992870111
"938",103,2015,2,29.9462405212756
"939",103,2015,3,85.8932865512922
"940",103,2015,4,171.637743176856
"941",103,2015,5,422.651304465955
"942",103,2015,6,353.60892659078
"943",103,2015,7,491.404099425617
"944",103,2015,8,402.145385136225
"945",103,2015,9,173.167884171594
"946",103,2015,10,105.16384594668
"947",103,2015,11,125.662293911211
"948",103,2015,12,101.539031123083
"949",103,2016,1,43.5680431482628
"950",103,2016,2,55.6235158883711
"951",103,2016,3,43.7997363699622
"952",103,2016,4,164.931307808167
"953",103,2016,5,71.4261701242318
"954",103,2016,6,60.4213019400809
"955",103,2016,7,246.294954161831
"956",103,2016,8,330.232234646195
"957",103,2016,9,121.373102652496
"958",103,2016,10,172.838816172118
"959",103,2016,11,111.968836559528
"960",103,2016,12,157.570186120986
"961",103,2017,1,125.846095631245
"962",103,2017,2,142.5313576622
"963",103,2017,3,99.31570696305
"964",103,2017,4,190.418585704237
"965",103,2017,5,292.066193450286
"966",103,2017,6,384.532461326667
"967",103,2017,7,223.257324177367
"968",103,2017,8,469.141454780856
"969",103,2017,9,148.832686899507
"970",103,2017,10,303.306860390589
"971",103,2017,11,82.2502008237406
"972",103,2017,12,144.467481573539
"973",103,2018,1,84.5527102938044
"974",103,2018,2,42.3554114633778
"975",103,2018,3,249.219695582033
"976",103,2018,4,257.687805420578
"977",103,2018,5,221.308312399764
"978",103,2018,6,329.192273117722
"979",103,2018,7,185.413272071653
"980",103,2018,8,320.166449141688
"981",103,2018,9,283.665921710261
"982",103,2018,10,219.401257679417
"983",103,2018,11,204.196939699517
"984",103,2018,12,102.67302942855
"985",103,2019,1,44.7440156393472
"986",103,2019,2,35.6386400619622
"987",103,2019,3,78.4000564368
"988",103,2019,4,136.644950444068
"989",103,2019,5,284.320497315712
"990",103,2019,6,387.803952142333
"991",103,2019,7,420.958036431961
"992",103,2019,8,236.376512616119
"993",103,2019,9,133.497365401886
"994",103,2019,10,142.89802661784
"995",103,2019,11,161.364087548078
"996",103,2019,12,80.8953528830061
"997",103,2020,1,84.5226696460889
"998",103,2020,2,69.1803161597278
"999",103,2020,3,85.7160317066584
"1000",103,2020,4,150.970688195648
"1001",103,2020,5,0
"1002",103,2020,6,0
"1003",103,2020,7,0
"1004",103,2020,8,0
"1005",103,2020,9,0
"1006",103,2020,10,0
"1007",103,2020,11,0
"1008",103,2020,12,0
"1009",44,1979,1,0
"1010",44,1979,2,0
"1011",44,1979,3,0
"1012",44,1979,4,5.4598229
"1013",44,1979,5,0
"1014",44,1979,6,0
"1015",44,1979,7,11.2161906
"1016",44,1979,8,0.016114628
"1017",44,1979,9,6.6006087
"1018",44,1979,10,0
"1019",44,1979,11,0
"1020",44,1979,12,0
"1021",44,1980,1,0
"1022",44,1980,2,0.00085104813
"1023",44,1980,3,0
"1024",44,1980,4,45.41196716631
"1025",44,1980,5,0
"1026",44,1980,6,11.16113402
"1027",44,1980,7,43.269353205
"1028",44,1980,8,15.1256948
"1029",44,1980,9,11.18073112
"1030",44,1980,10,0
"1031",44,1980,11,0.39106059
"1032",44,1980,12,0
"1033",44,1981,1,0
"1034",44,1981,2,0
"1035",44,1981,3,0
"1036",44,1981,4,0
"1037",44,1981,5,23.59177904
"1038",44,1981,6,4.2034275
"1039",44,1981,7,9.0495377
"1040",44,1981,8,18.8301167
"1041",44,1981,9,2.70192025
"1042",44,1981,10,0.00077557033
"1043",44,1981,11,0
"1044",44,1981,12,0
"1045",44,1982,1,0
"1046",44,1982,2,0
"1047",44,1982,3,2.016206
"1048",44,1982,4,0
"1049",44,1982,5,38.91330004
"1050",44,1982,6,52.0998871
"1051",44,1982,7,21.187171225
"1052",44,1982,8,38.4524681
"1053",44,1982,9,4.202276978
"1054",44,1982,10,0.14054949
"1055",44,1982,11,0
"1056",44,1982,12,0
"1057",44,1983,1,0
"1058",44,1983,2,0
"1059",44,1983,3,0
"1060",44,1983,4,0
"1061",44,1983,5,8.38420682
"1062",44,1983,6,5.16598417
"1063",44,1983,7,88.95765053
"1064",44,1983,8,45.925383995
"1065",44,1983,9,1.0979809283
"1066",44,1983,10,0
"1067",44,1983,11,0
"1068",44,1983,12,0
"1069",44,1984,1,0
"1070",44,1984,2,0
"1071",44,1984,3,0.5842374395
"1072",44,1984,4,0
"1073",44,1984,5,0.238019773
"1074",44,1984,6,14.968692264
"1075",44,1984,7,204.5778296
"1076",44,1984,8,1.716976022
"1077",44,1984,9,0.64454388
"1078",44,1984,10,0.25213216
"1079",44,1984,11,0.61598795
"1080",44,1984,12,0
"1081",44,1985,1,0
"1082",44,1985,2,0
"1083",44,1985,3,0.5962681
"1084",44,1985,4,0
"1085",44,1985,5,1.806669
"1086",44,1985,6,4.7268243
"1087",44,1985,7,46.59017718656
"1088",44,1985,8,0.28032394
"1089",44,1985,9,3.984085
"1090",44,1985,10,0.050091239
"1091",44,1985,11,0
"1092",44,1985,12,0
"1093",44,1986,1,0
"1094",44,1986,2,0
"1095",44,1986,3,0
"1096",44,1986,4,0.79081883
"1097",44,1986,5,37.9677162262
"1098",44,1986,6,5.05239566
"1099",44,1986,7,11.4047079
"1100",44,1986,8,40.496431
"1101",44,1986,9,1.4475791946
"1102",44,1986,10,2.366578727
"1103",44,1986,11,0
"1104",44,1986,12,0
"1105",44,1987,1,0.043521223
"1106",44,1987,2,0
"1107",44,1987,3,7.259748536
"1108",44,1987,4,0
"1109",44,1987,5,33.69432646
"1110",44,1987,6,3.3888376
"1111",44,1987,7,183.982104016
"1112",44,1987,8,36.5035292
"1113",44,1987,9,0.00055241683
"1114",44,1987,10,4.32585409
"1115",44,1987,11,0.040177738
"1116",44,1987,12,0
"1117",44,1988,1,0
"1118",44,1988,2,0
"1119",44,1988,3,0
"1120",44,1988,4,0
"1121",44,1988,5,3.26862
"1122",44,1988,6,8.437070841
"1123",44,1988,7,0.0135958948
"1124",44,1988,8,0.207501698
"1125",44,1988,9,3.87399250929
"1126",44,1988,10,0
"1127",44,1988,11,0.21009322
"1128",44,1988,12,0
"1129",44,1989,1,0
"1130",44,1989,2,0
"1131",44,1989,3,0
"1132",44,1989,4,4.040969621
"1133",44,1989,5,16.431177716
"1134",44,1989,6,0
"1135",44,1989,7,8.7846469524
"1136",44,1989,8,36.985480769
"1137",44,1989,9,2.923037419
"1138",44,1989,10,0
"1139",44,1989,11,0
"1140",44,1989,12,0
"1141",44,1990,1,0
"1142",44,1990,2,0
"1143",44,1990,3,0.0087036226
"1144",44,1990,4,0.17124961
"1145",44,1990,5,0
"1146",44,1990,6,4.3452909
"1147",44,1990,7,22.7930379
"1148",44,1990,8,5.4301997246
"1149",44,1990,9,3.5015156
"1150",44,1990,10,0.0193892583
"1151",44,1990,11,0
"1152",44,1990,12,0
"1153",44,1991,1,0
"1154",44,1991,2,0
"1155",44,1991,3,0
"1156",44,1991,4,0
"1157",44,1991,5,9.66127703
"1158",44,1991,6,111.787377192
"1159",44,1991,7,36.664915793
"1160",44,1991,8,0.293784575
"1161",44,1991,9,12.26625469
"1162",44,1991,10,0.2409063272
"1163",44,1991,11,0.0039640261
"1164",44,1991,12,4.67215838637
"1165",44,1992,1,0
"1166",44,1992,2,0
"1167",44,1992,3,39.166574
"1168",44,1992,4,18.892805241
"1169",44,1992,5,9.261763242
"1170",44,1992,6,124.5487945
"1171",44,1992,7,1.334604663
"1172",44,1992,8,38.04065991
"1173",44,1992,9,0
"1174",44,1992,10,0
"1175",44,1992,11,5.81422026
"1176",44,1992,12,0
"1177",44,1993,1,0
"1178",44,1993,2,0
"1179",44,1993,3,0
"1180",44,1993,4,15.9143058
"1181",44,1993,5,15.255451396
"1182",44,1993,6,0
"1183",44,1993,7,2.7325954
"1184",44,1993,8,19.308787
"1185",44,1993,9,0.3636197
"1186",44,1993,10,1.99376066
"1187",44,1993,11,0.0089665854
"1188",44,1993,12,0
"1189",44,1994,1,0
"1190",44,1994,2,0
"1191",44,1994,3,0
"1192",44,1994,4,0
"1193",44,1994,5,0
"1194",44,1994,6,15.0438843
"1195",44,1994,7,13.449477
"1196",44,1994,8,0.185530982
"1197",44,1994,9,0
"1198",44,1994,10,0.47287202
"1199",44,1994,11,0
"1200",44,1994,12,0
"1201",44,1995,1,0.55678013
"1202",44,1995,2,0
"1203",44,1995,3,0
"1204",44,1995,4,3.8231507
"1205",44,1995,5,0
"1206",44,1995,6,0.30142221
"1207",44,1995,7,7.2477830708
"1208",44,1995,8,0.12846517
"1209",44,1995,9,14.12995507
"1210",44,1995,10,0
"1211",44,1995,11,1.4264689
"1212",44,1995,12,0
"1213",44,1996,1,0
"1214",44,1996,2,0
"1215",44,1996,3,0
"1216",44,1996,4,5.05843105
"1217",44,1996,5,0
"1218",44,1996,6,7.97317164481
"1219",44,1996,7,18.6558452
"1220",44,1996,8,44.1187270689
"1221",44,1996,9,3.49856
"1222",44,1996,10,4.111205527
"1223",44,1996,11,0
"1224",44,1996,12,0
"1225",44,1997,1,0
"1226",44,1997,2,0
"1227",44,1997,3,0.010746012
"1228",44,1997,4,0
"1229",44,1997,5,5.750097211
"1230",44,1997,6,161.63270288
"1231",44,1997,7,17.1465401
"1232",44,1997,8,98.5166928
"1233",44,1997,9,5.5983348449
"1234",44,1997,10,32.714585505
"1235",44,1997,11,0.01020359
"1236",44,1997,12,0.096630668
"1237",44,1998,1,0.040094355
"1238",44,1998,2,7.7938788886
"1239",44,1998,3,3.78298286
"1240",44,1998,4,11.01839479
"1241",44,1998,5,0.163096404
"1242",44,1998,6,16.389526305
"1243",44,1998,7,0
"1244",44,1998,8,0
"1245",44,1998,9,0.013755457
"1246",44,1998,10,0
"1247",44,1998,11,0
"1248",44,1998,12,0
"1249",44,1999,1,0
"1250",44,1999,2,0
"1251",44,1999,3,5.5751184
"1252",44,1999,4,5.3621792
"1253",44,1999,5,15.014934
"1254",44,1999,6,11.3634039
"1255",44,1999,7,0
"1256",44,1999,8,9.6187609298
"1257",44,1999,9,14.16253582
"1258",44,1999,10,7.4658662796
"1259",44,1999,11,0
"1260",44,1999,12,0
"1261",44,2000,1,0
"1262",44,2000,2,0
"1263",44,2000,3,0
"1264",44,2000,4,7.62710155
"1265",44,2000,5,17.2198429
"1266",44,2000,6,65.29605976
"1267",44,2000,7,24.3332416
"1268",44,2000,8,0.86121777
"1269",44,2000,9,39.3001384
"1270",44,2000,10,0.0178271088
"1271",44,2000,11,0
"1272",44,2000,12,0
"1273",44,2001,1,0
"1274",44,2001,2,0
"1275",44,2001,3,7.348802523
"1276",44,2001,4,0.024683444
"1277",44,2001,5,3.11042077
"1278",44,2001,6,0
"1279",44,2001,7,50.9192356282
"1280",44,2001,8,39.6627647
"1281",44,2001,9,23.9233726
"1282",44,2001,10,6.15160459
"1283",44,2001,11,0
"1284",44,2001,12,0
"1285",44,2002,1,0
"1286",44,2002,2,0
"1287",44,2002,3,0
"1288",44,2002,4,0.050159478
"1289",44,2002,5,62.472464512
"1290",44,2002,6,59.6043044
"1291",44,2002,7,78.00976034
"1292",44,2002,8,39.1270172217
"1293",44,2002,9,0.022976778
"1294",44,2002,10,0
"1295",44,2002,11,0
"1296",44,2002,12,0
"1297",44,2003,1,0
"1298",44,2003,2,0
"1299",44,2003,3,0
"1300",44,2003,4,0
"1301",44,2003,5,57.497187
"1302",44,2003,6,16.41678248
"1303",44,2003,7,15.562224094
"1304",44,2003,8,0
"1305",44,2003,9,0.2976771
"1306",44,2003,10,0
"1307",44,2003,11,0
"1308",44,2003,12,0
"1309",44,2004,1,0
"1310",44,2004,2,0
"1311",44,2004,3,2.80087314795
"1312",44,2004,4,8.1214699
"1313",44,2004,5,0.059243097
"1314",44,2004,6,1.0463285
"1315",44,2004,7,58.809649528
"1316",44,2004,8,19.2309404751
"1317",44,2004,9,0.1466671146
"1318",44,2004,10,0
"1319",44,2004,11,2.205519306
"1320",44,2004,12,0
"1321",44,2005,1,0
"1322",44,2005,2,0
"1323",44,2005,3,1.73730083
"1324",44,2005,4,0
"1325",44,2005,5,36.4376557
"1326",44,2005,6,0.16542565
"1327",44,2005,7,2.21945263
"1328",44,2005,8,27.792085783
"1329",44,2005,9,6.746267117
"1330",44,2005,10,2.2416660943
"1331",44,2005,11,0.032852258
"1332",44,2005,12,0
"1333",44,2006,1,0
"1334",44,2006,2,0
"1335",44,2006,3,0
"1336",44,2006,4,0
"1337",44,2006,5,0
"1338",44,2006,6,25.620417962
"1339",44,2006,7,51.10302426
"1340",44,2006,8,0.045275715
"1341",44,2006,9,0.31662887
"1342",44,2006,10,11.0577554
"1343",44,2006,11,0.014320828
"1344",44,2006,12,0
"1345",44,2007,1,0
"1346",44,2007,2,0
"1347",44,2007,3,0.80404076
"1348",44,2007,4,0
"1349",44,2007,5,4.074451732
"1350",44,2007,6,26.7841827189
"1351",44,2007,7,2.68987813
"1352",44,2007,8,15.076703424
"1353",44,2007,9,0
"1354",44,2007,10,0.44244402
"1355",44,2007,11,0.08550538
"1356",44,2007,12,0
"1357",44,2008,1,0
"1358",44,2008,2,0
"1359",44,2008,3,0.718882972
"1360",44,2008,4,0.11563803
"1361",44,2008,5,20.6268636302
"1362",44,2008,6,12.71575
"1363",44,2008,7,30.371299495
"1364",44,2008,8,42.4306732
"1365",44,2008,9,5.17463263
"1366",44,2008,10,0.0078148228
"1367",44,2008,11,3.3703288
"1368",44,2008,12,0
"1369",44,2009,1,0
"1370",44,2009,2,0
"1371",44,2009,3,0
"1372",44,2009,4,0
"1373",44,2009,5,7.69659669
"1374",44,2009,6,22.569339
"1375",44,2009,7,7.4570386
"1376",44,2009,8,40.7926031
"1377",44,2009,9,0.071093747
"1378",44,2009,10,0
"1379",44,2009,11,0
"1380",44,2009,12,0
"1381",44,2010,1,0
"1382",44,2010,2,0
"1383",44,2010,3,0
"1384",44,2010,4,0
"1385",44,2010,5,85.830550956
"1386",44,2010,6,35.20243878
"1387",44,2010,7,4.9522137836
"1388",44,2010,8,17.0243559
"1389",44,2010,9,12.5144345
"1390",44,2010,10,0
"1391",44,2010,11,0.98353048
"1392",44,2010,12,0
"1393",44,2011,1,0
"1394",44,2011,2,0
"1395",44,2011,3,0
"1396",44,2011,4,0.32902537
"1397",44,2011,5,0
"1398",44,2011,6,81.7232821
"1399",44,2011,7,25.84781062
"1400",44,2011,8,6.140162065
"1401",44,2011,9,0
"1402",44,2011,10,15.849366218
"1403",44,2011,11,0
"1404",44,2011,12,0
"1405",44,2012,1,0
"1406",44,2012,2,0
"1407",44,2012,3,0
"1408",44,2012,4,6.5889346
"1409",44,2012,5,8.6824065
"1410",44,2012,6,0
"1411",44,2012,7,0
"1412",44,2012,8,14.700155415
"1413",44,2012,9,2.478018
"1414",44,2012,10,1.363667273
"1415",44,2012,11,0.030792179
"1416",44,2012,12,0.03946611
"1417",44,2013,1,0
"1418",44,2013,2,0
"1419",44,2013,3,0
"1420",44,2013,4,0
"1421",44,2013,5,39.8852979762
"1422",44,2013,6,1.4339595
"1423",44,2013,7,19.4050177
"1424",44,2013,8,0
"1425",44,2013,9,0.10041462
"1426",44,2013,10,0.006980133
"1427",44,2013,11,0.048429861
"1428",44,2013,12,0
"1429",44,2014,1,0
"1430",44,2014,2,0
"1431",44,2014,3,1.9104908
"1432",44,2014,4,0
"1433",44,2014,5,0.402082347
"1434",44,2014,6,34.629780518
"1435",44,2014,7,5.911741632
"1436",44,2014,8,2.57905129
"1437",44,2014,9,15.1244724
"1438",44,2014,10,0.017982774
"1439",44,2014,11,0
"1440",44,2014,12,0
"1441",44,2015,1,0
"1442",44,2015,2,0
"1443",44,2015,3,34.8387445
"1444",44,2015,4,0
"1445",44,2015,5,0
"1446",44,2015,6,0
"1447",44,2015,7,24.628697
"1448",44,2015,8,68.360754709
"1449",44,2015,9,1.4173421658
"1450",44,2015,10,40.51398182
"1451",44,2015,11,0
"1452",44,2015,12,0
"1453",44,2016,1,0
"1454",44,2016,2,0
"1455",44,2016,3,0
"1456",44,2016,4,2.738528785
"1457",44,2016,5,16.49170732
"1458",44,2016,6,21.9610952
"1459",44,2016,7,32.36589806
"1460",44,2016,8,0
"1461",44,2016,9,0
"1462",44,2016,10,1.62588537
"1463",44,2016,11,0
"1464",44,2016,12,0.28563258
"1465",44,2017,1,0
"1466",44,2017,2,0.022610138
"1467",44,2017,3,0
"1468",44,2017,4,0
"1469",44,2017,5,140.2456701
"1470",44,2017,6,53.02996374
"1471",44,2017,7,0.27462205
"1472",44,2017,8,7.7199996
"1473",44,2017,9,0.28469947
"1474",44,2017,10,0
"1475",44,2017,11,0.12120226
"1476",44,2017,12,0
"1477",44,2018,1,0
"1478",44,2018,2,0
"1479",44,2018,3,0
"1480",44,2018,4,2.4989636
"1481",44,2018,5,0.53761175
"1482",44,2018,6,32.0899948262
"1483",44,2018,7,11.8257998166
"1484",44,2018,8,0
"1485",44,2018,9,0
"1486",44,2018,10,2.0495395
"1487",44,2018,11,0
"1488",44,2018,12,0
"1489",44,2019,1,0
"1490",44,2019,2,0
"1491",44,2019,3,0.0046089986
"1492",44,2019,4,5.6476472
"1493",44,2019,5,7.4063763
"1494",44,2019,6,0.738467753
"1495",44,2019,7,0
"1496",44,2019,8,0
"1497",44,2019,9,1.1586966
"1498",44,2019,10,0.58369291
"1499",44,2019,11,0
"1500",44,2019,12,0
"1501",44,2020,1,0
"1502",44,2020,2,0
"1503",44,2020,3,0
"1504",44,2020,4,0
"1505",44,2020,5,0
"1506",44,2020,6,0
"1507",44,2020,7,0
"1508",44,2020,8,0
"1509",44,2020,9,0
"1510",44,2020,10,0
"1511",44,2020,11,0
"1512",44,2020,12,0
"1513",45,1979,1,4.0017383509303
"1514",45,1979,2,4.06402489267188
"1515",45,1979,3,0.648439233760606
"1516",45,1979,4,19.1473656523764
"1517",45,1979,5,2.19835645330303
"1518",45,1979,6,0.335587129636364
"1519",45,1979,7,50.8544078450788
"1520",45,1979,8,10.6298314823648
"1521",45,1979,9,19.2147522268945
"1522",45,1979,10,0.0193035454254545
"1523",45,1979,11,0.380321754027273
"1524",45,1979,12,0.972382775632424
"1525",45,1980,1,6.79853791492626
"1526",45,1980,2,15.514608596154
"1527",45,1980,3,1.52059099663424
"1528",45,1980,4,147.455170217803
"1529",45,1980,5,14.8144149966419
"1530",45,1980,6,25.2743503935485
"1531",45,1980,7,91.9420939451111
"1532",45,1980,8,11.9313387090909
"1533",45,1980,9,14.2014482092645
"1534",45,1980,10,11.4367724510972
"1535",45,1980,11,9.08959601121212
"1536",45,1980,12,2.84658274333655
"1537",45,1981,1,2.01242838326148
"1538",45,1981,2,13.3136719916718
"1539",45,1981,3,0
"1540",45,1981,4,8.44370610945152
"1541",45,1981,5,68.8933737350909
"1542",45,1981,6,6.86868660429182
"1543",45,1981,7,18.0528090956364
"1544",45,1981,8,56.989866613293
"1545",45,1981,9,12.6867774191418
"1546",45,1981,10,1.34920833797263
"1547",45,1981,11,3.77476920451012
"1548",45,1981,12,0.0683303783034546
"1549",45,1982,1,3.07744657182802
"1550",45,1982,2,1.2696971525703
"1551",45,1982,3,14.4375957917366
"1552",45,1982,4,0
"1553",45,1982,5,86.0592563015485
"1554",45,1982,6,147.959087447347
"1555",45,1982,7,99.9534165654057
"1556",45,1982,8,75.4702839528879
"1557",45,1982,9,66.1178155086909
"1558",45,1982,10,3.92215192609303
"1559",45,1982,11,0.598478071727273
"1560",45,1982,12,1.68799873294106
"1561",45,1983,1,6.16519101125909
"1562",45,1983,2,11.3427559826064
"1563",45,1983,3,2.13548241860909
"1564",45,1983,4,10.1137071670203
"1565",45,1983,5,29.0550342731259
"1566",45,1983,6,18.9842144714236
"1567",45,1983,7,146.12367248261
"1568",45,1983,8,101.456381990161
"1569",45,1983,9,21.2136384646452
"1570",45,1983,10,1.01749273735152
"1571",45,1983,11,0.547564328460606
"1572",45,1983,12,0.95664628658303
"1573",45,1984,1,5.75837025429939
"1574",45,1984,2,2.41937263356118
"1575",45,1984,3,34.84469496422
"1576",45,1984,4,4.19874727160576
"1577",45,1984,5,13.7143414919676
"1578",45,1984,6,51.6504847811235
"1579",45,1984,7,512.718046794752
"1580",45,1984,8,18.4498524287248
"1581",45,1984,9,21.7443013282247
"1582",45,1984,10,4.22607825967359
"1583",45,1984,11,12.9028746914582
"1584",45,1984,12,1.90659897115697
"1585",45,1985,1,13.6410865195815
"1586",45,1985,2,1.37149466343606
"1587",45,1985,3,10.2259944417136
"1588",45,1985,4,0.200900293731758
"1589",45,1985,5,4.82222178785152
"1590",45,1985,6,7.1511722067297
"1591",45,1985,7,60.5795867527085
"1592",45,1985,8,10.6472336224467
"1593",45,1985,9,8.46000935989306
"1594",45,1985,10,20.8113414828893
"1595",45,1985,11,0.00029275941030303
"1596",45,1985,12,0.118991419194545
"1597",45,1986,1,0.0223018695084848
"1598",45,1986,2,6.67633420473865
"1599",45,1986,3,0.0251149891928788
"1600",45,1986,4,7.02482864437576
"1601",45,1986,5,76.0693190424106
"1602",45,1986,6,59.8165872417009
"1603",45,1986,7,22.3474316730515
"1604",45,1986,8,42.1178240226824
"1605",45,1986,9,11.0271231314919
"1606",45,1986,10,20.1132110964979
"1607",45,1986,11,1.21992562235294
"1608",45,1986,12,0.761280680275758
"1609",45,1987,1,3.35220602556727
"1610",45,1987,2,10.232959900967
"1611",45,1987,3,25.5032705621845
"1612",45,1987,4,5.05316217566152
"1613",45,1987,5,79.7286372875301
"1614",45,1987,6,47.9600073488606
"1615",45,1987,7,373.046649249614
"1616",45,1987,8,175.289139194164
"1617",45,1987,9,3.4898250286669
"1618",45,1987,10,20.0261725322285
"1619",45,1987,11,2.94743473371606
"1620",45,1987,12,3.10602561410909
"1621",45,1988,1,1.03175978387061
"1622",45,1988,2,2.06224098913333
"1623",45,1988,3,0
"1624",45,1988,4,0.675389424606061
"1625",45,1988,5,5.61101556093939
"1626",45,1988,6,18.2893312923745
"1627",45,1988,7,20.0871871949596
"1628",45,1988,8,17.6464976677432
"1629",45,1988,9,14.6528673010648
"1630",45,1988,10,0
"1631",45,1988,11,2.80216548139394
"1632",45,1988,12,5.81990855926164
"1633",45,1989,1,8.27035837316858
"1634",45,1989,2,0.813553181458697
"1635",45,1989,3,1.05984905465758
"1636",45,1989,4,15.4535719690606
"1637",45,1989,5,49.6539408821212
"1638",45,1989,6,4.15633216928161
"1639",45,1989,7,43.6490998025152
"1640",45,1989,8,115.683077373025
"1641",45,1989,9,22.6510917653477
"1642",45,1989,10,0
"1643",45,1989,11,2.61554840115152
"1644",45,1989,12,5.419775447549
"1645",45,1990,1,0.727279304566849
"1646",45,1990,2,4.93580911912212
"1647",45,1990,3,4.79177344624242
"1648",45,1990,4,15.4516790294928
"1649",45,1990,5,4.17440965151515
"1650",45,1990,6,5.35920588857164
"1651",45,1990,7,33.7953173847913
"1652",45,1990,8,17.3535121038603
"1653",45,1990,9,39.871440304183
"1654",45,1990,10,4.19893151007406
"1655",45,1990,11,0.0417715059228333
"1656",45,1990,12,0.0528852246741818
"1657",45,1991,1,1.47677092927809
"1658",45,1991,2,0.0223426535006061
"1659",45,1991,3,0
"1660",45,1991,4,20.9488879687545
"1661",45,1991,5,60.8109501051073
"1662",45,1991,6,194.792137478862
"1663",45,1991,7,81.8747844522424
"1664",45,1991,8,7.51181564301661
"1665",45,1991,9,43.0048382106359
"1666",45,1991,10,1.63753704492522
"1667",45,1991,11,2.62696029273369
"1668",45,1991,12,12.3462381936383
"1669",45,1992,1,0.839284668829307
"1670",45,1992,2,9.53281970896818
"1671",45,1992,3,29.1301101234148
"1672",45,1992,4,39.6922414666724
"1673",45,1992,5,47.9436353059738
"1674",45,1992,6,191.954075119888
"1675",45,1992,7,31.8319663361948
"1676",45,1992,8,63.6970580546261
"1677",45,1992,9,0.220242087329455
"1678",45,1992,10,1.31709693616479
"1679",45,1992,11,17.9496646072586
"1680",45,1992,12,0.728310270152576
"1681",45,1993,1,0.730874258029091
"1682",45,1993,2,14.8970236963116
"1683",45,1993,3,0.493195776302
"1684",45,1993,4,35.3304537564709
"1685",45,1993,5,116.707161540855
"1686",45,1993,6,12.3917124230303
"1687",45,1993,7,26.9279838135744
"1688",45,1993,8,23.2757825639439
"1689",45,1993,9,16.4870551520712
"1690",45,1993,10,1.95466018138029
"1691",45,1993,11,1.47940264633636
"1692",45,1993,12,0.29972639169697
"1693",45,1994,1,0.583234515454545
"1694",45,1994,2,3.10700889889288
"1695",45,1994,3,0.0413774523939394
"1696",45,1994,4,0.982912425128273
"1697",45,1994,5,6.51172324369394
"1698",45,1994,6,19.6349311755518
"1699",45,1994,7,75.7351043600394
"1700",45,1994,8,14.8650515914324
"1701",45,1994,9,5.86162200632333
"1702",45,1994,10,1.91377211114612
"1703",45,1994,11,0.0897433186648485
"1704",45,1994,12,0
"1705",45,1995,1,18.8867379782788
"1706",45,1995,2,4.71088353193014
"1707",45,1995,3,0.189759121561818
"1708",45,1995,4,14.1062294945284
"1709",45,1995,5,0.673854771818182
"1710",45,1995,6,17.0233400117848
"1711",45,1995,7,12.56577497513
"1712",45,1995,8,5.20903866450992
"1713",45,1995,9,30.2449880171597
"1714",45,1995,10,2.90345310444
"1715",45,1995,11,2.09490492466364
"1716",45,1995,12,9.1518398565103
"1717",45,1996,1,9.10794235676255
"1718",45,1996,2,0.274546134245455
"1719",45,1996,3,0
"1720",45,1996,4,38.4746851711909
"1721",45,1996,5,0.942771967518182
"1722",45,1996,6,40.0472546738964
"1723",45,1996,7,28.7729780956364
"1724",45,1996,8,84.1359057153503
"1725",45,1996,9,11.3535252272567
"1726",45,1996,10,7.02691253969697
"1727",45,1996,11,0
"1728",45,1996,12,0.667828309148788
"1729",45,1997,1,4.04350167701212
"1730",45,1997,2,1.65139451708348
"1731",45,1997,3,5.3453288292497
"1732",45,1997,4,0.347008165315151
"1733",45,1997,5,35.4082250938528
"1734",45,1997,6,355.394568343511
"1735",45,1997,7,44.8421282357333
"1736",45,1997,8,189.565495871719
"1737",45,1997,9,34.4986154234215
"1738",45,1997,10,56.4246948766123
"1739",45,1997,11,1.15572404456109
"1740",45,1997,12,5.28198689818091
"1741",45,1998,1,0.0261109246751515
"1742",45,1998,2,25.1513768991906
"1743",45,1998,3,11.397170965793
"1744",45,1998,4,44.2407951337868
"1745",45,1998,5,12.7839417431642
"1746",45,1998,6,42.2912026047227
"1747",45,1998,7,6.33358424142424
"1748",45,1998,8,1.91824992624455
"1749",45,1998,9,4.47580995880697
"1750",45,1998,10,0.461654835634061
"1751",45,1998,11,0.0328971605060606
"1752",45,1998,12,1.40546621606639
"1753",45,1999,1,8.69649932196667
"1754",45,1999,2,0.731029618168485
"1755",45,1999,3,18.9237407258192
"1756",45,1999,4,18.1764147783152
"1757",45,1999,5,24.7964551064729
"1758",45,1999,6,21.6898454605273
"1759",45,1999,7,2.66306218246394
"1760",45,1999,8,26.648572873003
"1761",45,1999,9,66.251360223947
"1762",45,1999,10,21.5617355538995
"1763",45,1999,11,3.74209986496061
"1764",45,1999,12,0.0972179256663333
"1765",45,2000,1,1.35252537250162
"1766",45,2000,2,6.86897460840479
"1767",45,2000,3,0.313265997909091
"1768",45,2000,4,18.3208588384418
"1769",45,2000,5,34.1641238331385
"1770",45,2000,6,142.160158584661
"1771",45,2000,7,53.5450302626939
"1772",45,2000,8,4.55160840137578
"1773",45,2000,9,58.549316312803
"1774",45,2000,10,1.9973472206623
"1775",45,2000,11,11.1608122593818
"1776",45,2000,12,1.62124573356082
"1777",45,2001,1,0.960740784233636
"1778",45,2001,2,1.75304655551515
"1779",45,2001,3,27.8550214221521
"1780",45,2001,4,10.0598607348457
"1781",45,2001,5,35.1308326376485
"1782",45,2001,6,0
"1783",45,2001,7,117.806974370952
"1784",45,2001,8,62.4010020872033
"1785",45,2001,9,21.5040593962539
"1786",45,2001,10,13.0053983236558
"1787",45,2001,11,0.287438616969636
"1788",45,2001,12,3.76789035815606
"1789",45,2002,1,4.18770228317439
"1790",45,2002,2,0.0929032466753333
"1791",45,2002,3,1.36969466998788
"1792",45,2002,4,11.7880966303945
"1793",45,2002,5,192.113577528846
"1794",45,2002,6,101.309451861735
"1795",45,2002,7,131.767379985818
"1796",45,2002,8,67.6405989979135
"1797",45,2002,9,16.4859788618585
"1798",45,2002,10,3.35140002787879
"1799",45,2002,11,0
"1800",45,2002,12,5.32004878395576
"1801",45,2003,1,0.511710994704242
"1802",45,2003,2,1.38237101226861
"1803",45,2003,3,0.506927926319091
"1804",45,2003,4,2.81771091998212
"1805",45,2003,5,100.112154609008
"1806",45,2003,6,27.0542887166345
"1807",45,2003,7,49.207043323847
"1808",45,2003,8,4.25821323356394
"1809",45,2003,9,3.56677007958879
"1810",45,2003,10,0.0224873317117861
"1811",45,2003,11,0.603046782651515
"1812",45,2003,12,0.0574324677060606
"1813",45,2004,1,4.00779401587273
"1814",45,2004,2,7.1681021954565
"1815",45,2004,3,15.6348202492273
"1816",45,2004,4,36.7885019371555
"1817",45,2004,5,7.95526472517576
"1818",45,2004,6,9.18698604666667
"1819",45,2004,7,72.3144642188449
"1820",45,2004,8,62.7548776189735
"1821",45,2004,9,20.6058069170641
"1822",45,2004,10,9.22831522015864
"1823",45,2004,11,27.9452506852391
"1824",45,2004,12,0.0903959317406061
"1825",45,2005,1,5.4126025803103
"1826",45,2005,2,1.24279824348788
"1827",45,2005,3,35.34997552305
"1828",45,2005,4,10.8562874364303
"1829",45,2005,5,71.0019482659939
"1830",45,2005,6,84.3492981718151
"1831",45,2005,7,10.3283184851922
"1832",45,2005,8,76.1756240972636
"1833",45,2005,9,29.7875012164373
"1834",45,2005,10,13.3466336184497
"1835",45,2005,11,0.601442281312727
"1836",45,2005,12,0.00423653658818182
"1837",45,2006,1,4.10571837319424
"1838",45,2006,2,10.4729533842923
"1839",45,2006,3,0.839476249121515
"1840",45,2006,4,1.45540904257061
"1841",45,2006,5,6.84570995680064
"1842",45,2006,6,43.7478870829091
"1843",45,2006,7,164.005623664434
"1844",45,2006,8,4.15088669186788
"1845",45,2006,9,0.291981196203403
"1846",45,2006,10,19.2678794632815
"1847",45,2006,11,2.32371300898788
"1848",45,2006,12,0.752592104973939
"1849",45,2007,1,7.50555227522133
"1850",45,2007,2,10.2721287502827
"1851",45,2007,3,12.3761864662879
"1852",45,2007,4,13.411617058598
"1853",45,2007,5,24.8955192022973
"1854",45,2007,6,98.4470360876882
"1855",45,2007,7,48.7641731237733
"1856",45,2007,8,18.6910348868282
"1857",45,2007,9,0.345152118890909
"1858",45,2007,10,4.1724479859697
"1859",45,2007,11,3.20586847469667
"1860",45,2007,12,1.70740142456988
"1861",45,2008,1,3.28462566813806
"1862",45,2008,2,3.16882676825069
"1863",45,2008,3,12.2519504537224
"1864",45,2008,4,4.59010416446288
"1865",45,2008,5,79.6746419085191
"1866",45,2008,6,53.2820031436621
"1867",45,2008,7,28.2360972897241
"1868",45,2008,8,114.348187071244
"1869",45,2008,9,17.4956889545297
"1870",45,2008,10,0.7396383413
"1871",45,2008,11,1.04771909904273
"1872",45,2008,12,1.10570596279697
"1873",45,2009,1,4.70020579305242
"1874",45,2009,2,4.65237606191364
"1875",45,2009,3,1.2013931326697
"1876",45,2009,4,0.0543451805151515
"1877",45,2009,5,5.72372059059018
"1878",45,2009,6,44.9330420948041
"1879",45,2009,7,20.3234779969424
"1880",45,2009,8,53.8013973657396
"1881",45,2009,9,6.54947828646485
"1882",45,2009,10,0.202036758593939
"1883",45,2009,11,1.22432677756445
"1884",45,2009,12,0.0238419551818182
"1885",45,2010,1,5.71693386724703
"1886",45,2010,2,3.57622636415515
"1887",45,2010,3,0
"1888",45,2010,4,3.84865936839542
"1889",45,2010,5,73.0623905097973
"1890",45,2010,6,61.1901270278135
"1891",45,2010,7,19.7657042920145
"1892",45,2010,8,10.7089328566667
"1893",45,2010,9,29.209846710897
"1894",45,2010,10,2.86031298885152
"1895",45,2010,11,12.3862571228885
"1896",45,2010,12,0.673900464329091
"1897",45,2011,1,1.42597846875063
"1898",45,2011,2,6.70044635622464
"1899",45,2011,3,1.37308103131152
"1900",45,2011,4,2.73183470030303
"1901",45,2011,5,3.28030215094818
"1902",45,2011,6,133.777723638546
"1903",45,2011,7,38.5509673055182
"1904",45,2011,8,28.5479258195476
"1905",45,2011,9,0.0141291001424242
"1906",45,2011,10,5.97777560679
"1907",45,2011,11,0.333698344764848
"1908",45,2011,12,1.42269883296515
"1909",45,2012,1,9.10495875558782
"1910",45,2012,2,6.73645721839091
"1911",45,2012,3,0.000539384513939394
"1912",45,2012,4,24.3996708179045
"1913",45,2012,5,32.9682538437515
"1914",45,2012,6,25.5594795998427
"1915",45,2012,7,0.310710250966667
"1916",45,2012,8,42.1899113795333
"1917",45,2012,9,2.27580750699251
"1918",45,2012,10,7.18197573558788
"1919",45,2012,11,1.12113665234242
"1920",45,2012,12,2.36516415996303
"1921",45,2013,1,18.9287124630082
"1922",45,2013,2,4.87898947125866
"1923",45,2013,3,0.00708763418424242
"1924",45,2013,4,0.993326183419212
"1925",45,2013,5,78.5166401562788
"1926",45,2013,6,14.2342409562761
"1927",45,2013,7,11.6439446560879
"1928",45,2013,8,17.1246920853567
"1929",45,2013,9,4.95933836477485
"1930",45,2013,10,4.73138967506836
"1931",45,2013,11,11.1194115301682
"1932",45,2013,12,0.846288759134242
"1933",45,2014,1,4.74275484745121
"1934",45,2014,2,3.64033305118875
"1935",45,2014,3,3.68266605154997
"1936",45,2014,4,2.70776093978788
"1937",45,2014,5,2.98419053787727
"1938",45,2014,6,63.5493250690039
"1939",45,2014,7,8.51945807044545
"1940",45,2014,8,15.5651508057055
"1941",45,2014,9,21.2735773677894
"1942",45,2014,10,6.71296310397714
"1943",45,2014,11,1.23237503559373
"1944",45,2014,12,0.777389005866667
"1945",45,2015,1,0.08372311345
"1946",45,2015,2,6.75091210218182
"1947",45,2015,3,27.0431164223473
"1948",45,2015,4,1.36605110871818
"1949",45,2015,5,0
"1950",45,2015,6,0
"1951",45,2015,7,52.9348634310885
"1952",45,2015,8,143.710614852864
"1953",45,2015,9,28.105553017253
"1954",45,2015,10,49.2819957842365
"1955",45,2015,11,2.04957380239506
"1956",45,2015,12,0.476106454700606
"1957",45,2016,1,3.07602987701618
"1958",45,2016,2,0.359177591032727
"1959",45,2016,3,1.82875956610727
"1960",45,2016,4,85.5257473639848
"1961",45,2016,5,60.4323523914214
"1962",45,2016,6,106.574943452788
"1963",45,2016,7,62.7494871011636
"1964",45,2016,8,1.26822424876782
"1965",45,2016,9,0
"1966",45,2016,10,14.6685146705758
"1967",45,2016,11,3.86199121123939
"1968",45,2016,12,9.43867574460606
"1969",45,2017,1,1.45818804025061
"1970",45,2017,2,7.63798920953415
"1971",45,2017,3,0.238576390376606
"1972",45,2017,4,2.02476966950148
"1973",45,2017,5,184.793459074418
"1974",45,2017,6,68.2208063167787
"1975",45,2017,7,3.9201948802697
"1976",45,2017,8,25.1223122857042
"1977",45,2017,9,8.94499696300619
"1978",45,2017,10,0.108921480854545
"1979",45,2017,11,0.136193144030606
"1980",45,2017,12,0.569946930211664
"1981",45,2018,1,3.04067840066461
"1982",45,2018,2,2.44408068384327
"1983",45,2018,3,0
"1984",45,2018,4,1.14012757416212
"1985",45,2018,5,13.2285713008242
"1986",45,2018,6,59.5654848254388
"1987",45,2018,7,32.3245267252785
"1988",45,2018,8,1.93630371821215
"1989",45,2018,9,0.275862114545455
"1990",45,2018,10,32.3870898984455
"1991",45,2018,11,3.62107072727273
"1992",45,2018,12,2.31428771728121
"1993",45,2019,1,4.93987956153424
"1994",45,2019,2,2.880340314138
"1995",45,2019,3,0.146647322189394
"1996",45,2019,4,5.25945414629394
"1997",45,2019,5,18.4721114204318
"1998",45,2019,6,24.4613487612154
"1999",45,2019,7,3.53322869760606
"2000",45,2019,8,0
"2001",45,2019,9,17.0833383231924
"2002",45,2019,10,5.79832117611
"2003",45,2019,11,0
"2004",45,2019,12,0
"2005",45,2020,1,6.05649744481242
"2006",45,2020,2,0.904285030412121
"2007",45,2020,3,0
"2008",45,2020,4,1.5998735708393
"2009",45,2020,5,0
"2010",45,2020,6,0
"2011",45,2020,7,0
"2012",45,2020,8,0
"2013",45,2020,9,0
"2014",45,2020,10,0
"2015",45,2020,11,0
"2016",45,2020,12,0
"2017",47,1979,1,2.09748975004
"2018",47,1979,2,0.147380805316923
"2019",47,1979,3,0.000865439402307692
"2020",47,1979,4,6.29076754961538
"2021",47,1979,5,4.15317494769231
"2022",47,1979,6,0
"2023",47,1979,7,71.4022023156154
"2024",47,1979,8,35.5646315321177
"2025",47,1979,9,13.9595313755608
"2026",47,1979,10,0
"2027",47,1979,11,0.176681003185385
"2028",47,1979,12,0.877854881373077
"2029",47,1980,1,13.8416188718361
"2030",47,1980,2,13.7137668142624
"2031",47,1980,3,0.258830654220769
"2032",47,1980,4,155.937430736929
"2033",47,1980,5,18.94996383108
"2034",47,1980,6,35.3550442501666
"2035",47,1980,7,97.9494499019392
"2036",47,1980,8,6.95676104893308
"2037",47,1980,9,27.4305778522308
"2038",47,1980,10,9.79617979693615
"2039",47,1980,11,9.69168602031538
"2040",47,1980,12,6.98605568593077
"2041",47,1981,1,1.20390231081849
"2042",47,1981,2,14.5667581133809
"2043",47,1981,3,0
"2044",47,1981,4,2.87217046601538
"2045",47,1981,5,89.4418455476646
"2046",47,1981,6,10.1385195305231
"2047",47,1981,7,20.3705539698977
"2048",47,1981,8,41.4448072394031
"2049",47,1981,9,5.30169254993846
"2050",47,1981,10,0.0477444206353846
"2051",47,1981,11,0.231779571201846
"2052",47,1981,12,0.564121530997692
"2053",47,1982,1,1.09302871787914
"2054",47,1982,2,0.773972577090892
"2055",47,1982,3,17.1178724749312
"2056",47,1982,4,0
"2057",47,1982,5,104.75057049
"2058",47,1982,6,240.965010379959
"2059",47,1982,7,112.069818183581
"2060",47,1982,8,106.39903998485
"2061",47,1982,9,64.5181690284846
"2062",47,1982,10,9.12324351508254
"2063",47,1982,11,0.00201210236923077
"2064",47,1982,12,2.37143982542308
"2065",47,1983,1,11.6346023823245
"2066",47,1983,2,4.06676945676749
"2067",47,1983,3,0.0428995242093846
"2068",47,1983,4,6.21657139338746
"2069",47,1983,5,31.0173599555747
"2070",47,1983,6,41.5311521213884
"2071",47,1983,7,161.697393974769
"2072",47,1983,8,82.4148250832385
"2073",47,1983,9,10.6571537847488
"2074",47,1983,10,0.129092916516154
"2075",47,1983,11,0.199463187507692
"2076",47,1983,12,0.00101641759538462
"2077",47,1984,1,6.78504271413038
"2078",47,1984,2,0.272691105935
"2079",47,1984,3,22.3853024279631
"2080",47,1984,4,1.62606360266154
"2081",47,1984,5,25.97022136839
"2082",47,1984,6,50.0857900601608
"2083",47,1984,7,510.711828067385
"2084",47,1984,8,21.4096851953
"2085",47,1984,9,31.0489224963794
"2086",47,1984,10,3.88160155515846
"2087",47,1984,11,14.2318951109769
"2088",47,1984,12,0.0611355284192308
"2089",47,1985,1,9.76895034048208
"2090",47,1985,2,0.000533074044461538
"2091",47,1985,3,11.8096693770008
"2092",47,1985,4,0.0957037564846154
"2093",47,1985,5,5.62778269992308
"2094",47,1985,6,7.94914804056308
"2095",47,1985,7,55.6512645971492
"2096",47,1985,8,6.08088855806923
"2097",47,1985,9,11.3806602768308
"2098",47,1985,10,18.3854633563608
"2099",47,1985,11,0.291692806761538
"2100",47,1985,12,0.5736203269395
"2101",47,1986,1,0.0103512887538462
"2102",47,1986,2,4.87496219956351
"2103",47,1986,3,0
"2104",47,1986,4,2.56512171273077
"2105",47,1986,5,132.477655434947
"2106",47,1986,6,122.569351679562
"2107",47,1986,7,13.3939296370689
"2108",47,1986,8,36.3564180214345
"2109",47,1986,9,7.09230484443231
"2110",47,1986,10,9.00359952196077
"2111",47,1986,11,0.752597292457692
"2112",47,1986,12,1.07439629068154
"2113",47,1987,1,0.713330044162077
"2114",47,1987,2,10.2242950883515
"2115",47,1987,3,13.6838839927404
"2116",47,1987,4,3.79569830184077
"2117",47,1987,5,66.4751988641544
"2118",47,1987,6,41.0449238465692
"2119",47,1987,7,414.593968510384
"2120",47,1987,8,197.256139310394
"2121",47,1987,9,6.24621088232308
"2122",47,1987,10,17.2055957362088
"2123",47,1987,11,0.347582976366462
"2124",47,1987,12,1.13535820790377
"2125",47,1988,1,0.125949497861538
"2126",47,1988,2,6.66391094837262
"2127",47,1988,3,0.0978414074184615
"2128",47,1988,4,0
"2129",47,1988,5,0.196341578861538
"2130",47,1988,6,10.8369819687423
"2131",47,1988,7,28.6391524784092
"2132",47,1988,8,31.2952118050955
"2133",47,1988,9,15.3897980454919
"2134",47,1988,10,0
"2135",47,1988,11,9.14457512846377
"2136",47,1988,12,12.3529721841719
"2137",47,1989,1,11.5862685341585
"2138",47,1989,2,0.283204141056846
"2139",47,1989,3,0.479730047230769
"2140",47,1989,4,9.21967416923077
"2141",47,1989,5,56.9863739769231
"2142",47,1989,6,8.46136532166154
"2143",47,1989,7,65.9356423446538
"2144",47,1989,8,113.827151152085
"2145",47,1989,9,32.2272977537512
"2146",47,1989,10,0
"2147",47,1989,11,0.0141306606153846
"2148",47,1989,12,3.83062121901923
"2149",47,1990,1,0.410198265030769
"2150",47,1990,2,3.06935272313338
"2151",47,1990,3,6.76141810299231
"2152",47,1990,4,5.37419253807692
"2153",47,1990,5,4.30436787084615
"2154",47,1990,6,13.4704884352077
"2155",47,1990,7,32.7026530947462
"2156",47,1990,8,23.9159484265162
"2157",47,1990,9,32.3158861672308
"2158",47,1990,10,4.44743360252877
"2159",47,1990,11,0.00554905143846154
"2160",47,1990,12,2.45195138577769
"2161",47,1991,1,0.0198057359746154
"2162",47,1991,2,0.103085364268369
"2163",47,1991,3,0.0510951695538462
"2164",47,1991,4,25.6115988213154
"2165",47,1991,5,79.6298249701639
"2166",47,1991,6,143.787089838641
"2167",47,1991,7,107.976354742303
"2168",47,1991,8,11.3877569659578
"2169",47,1991,9,58.7136584854038
"2170",47,1991,10,2.67577641227554
"2171",47,1991,11,2.74147319844615
"2172",47,1991,12,8.34039410206462
"2173",47,1992,1,0.169037585940808
"2174",47,1992,2,2.82542060067282
"2175",47,1992,3,21.5994717945331
"2176",47,1992,4,38.8022614038988
"2177",47,1992,5,59.6416923989401
"2178",47,1992,6,200.70554686704
"2179",47,1992,7,20.1867542914223
"2180",47,1992,8,64.3243354876154
"2181",47,1992,9,5.54197340938692
"2182",47,1992,10,0.0338559553664615
"2183",47,1992,11,14.0147773
"2184",47,1992,12,0.120791179730769
"2185",47,1993,1,0.618875481837077
"2186",47,1993,2,13.0805950812216
"2187",47,1993,3,0
"2188",47,1993,4,43.0876800199236
"2189",47,1993,5,172.443761872841
"2190",47,1993,6,15.4559146084615
"2191",47,1993,7,43.4909702747485
"2192",47,1993,8,22.30209944
"2193",47,1993,9,10.6728285890462
"2194",47,1993,10,1.889607136469
"2195",47,1993,11,0.749671883076923
"2196",47,1993,12,0.118453474469231
"2197",47,1994,1,0.0324255821301538
"2198",47,1994,2,2.33133393863498
"2199",47,1994,3,0
"2200",47,1994,4,5.31650962465254
"2201",47,1994,5,15.5133069918923
"2202",47,1994,6,16.2002171983885
"2203",47,1994,7,82.8138436169377
"2204",47,1994,8,12.5828365222147
"2205",47,1994,9,2.60198795075385
"2206",47,1994,10,4.13624115835
"2207",47,1994,11,0.877660678461539
"2208",47,1994,12,0
"2209",47,1995,1,26.1812140839615
"2210",47,1995,2,0.382353515731292
"2211",47,1995,3,0.578664971969231
"2212",47,1995,4,21.1097528870769
"2213",47,1995,5,0.291471918692308
"2214",47,1995,6,38.9054426335154
"2215",47,1995,7,32.1912157932977
"2216",47,1995,8,15.4100549481038
"2217",47,1995,9,22.5611608562215
"2218",47,1995,10,1.47152853307692
"2219",47,1995,11,1.81466673934615
"2220",47,1995,12,17.5526236544385
"2221",47,1996,1,5.640466006974
"2222",47,1996,2,0.0568210695861538
"2223",47,1996,3,0.0553463770177769
"2224",47,1996,4,29.2693897034692
"2225",47,1996,5,1.71709601083385
"2226",47,1996,6,32.3694862815213
"2227",47,1996,7,15.7551192258769
"2228",47,1996,8,83.8868667432846
"2229",47,1996,9,11.4957525409315
"2230",47,1996,10,5.52098030585292
"2231",47,1996,11,0.248161529107692
"2232",47,1996,12,1.39640422763385
"2233",47,1997,1,3.84425982979538
"2234",47,1997,2,1.16366953242362
"2235",47,1997,3,3.07262172734338
"2236",47,1997,4,0
"2237",47,1997,5,45.8697772157708
"2238",47,1997,6,393.632242741269
"2239",47,1997,7,38.2306893182
"2240",47,1997,8,158.067651075909
"2241",47,1997,9,41.0034031915105
"2242",47,1997,10,56.4185209153455
"2243",47,1997,11,4.53135183592154
"2244",47,1997,12,2.89822370538462
"2245",47,1998,1,0
"2246",47,1998,2,13.5887285724346
"2247",47,1998,3,6.5626389261638
"2248",47,1998,4,38.8831135735
"2249",47,1998,5,9.79794262335
"2250",47,1998,6,32.8551959649112
"2251",47,1998,7,0.609370334453846
"2252",47,1998,8,1.07609194511538
"2253",47,1998,9,10.4582111749288
"2254",47,1998,10,0
"2255",47,1998,11,0
"2256",47,1998,12,0.522025383449231
"2257",47,1999,1,6.59833189290915
"2258",47,1999,2,0.0183267711615385
"2259",47,1999,3,12.8882505424987
"2260",47,1999,4,11.4206101946154
"2261",47,1999,5,22.8630808692308
"2262",47,1999,6,25.0300132044308
"2263",47,1999,7,1.54416794957792
"2264",47,1999,8,57.62340939867
"2265",47,1999,9,84.8605825940231
"2266",47,1999,10,24.3998091827112
"2267",47,1999,11,0.119254002146154
"2268",47,1999,12,0.433671887041538
"2269",47,2000,1,0.117977827076923
"2270",47,2000,2,3.9638522116374
"2271",47,2000,3,8.03064168461538e-05
"2272",47,2000,4,11.5189052566394
"2273",47,2000,5,26.1993542426164
"2274",47,2000,6,177.849764465694
"2275",47,2000,7,37.7874404132601
"2276",47,2000,8,3.23518645257692
"2277",47,2000,9,68.1945235964615
"2278",47,2000,10,4.57573495265731
"2279",47,2000,11,10.2474485871231
"2280",47,2000,12,0.363280566107692
"2281",47,2001,1,0.0982599602126
"2282",47,2001,2,1.50903790339692
"2283",47,2001,3,14.5558493979231
"2284",47,2001,4,9.88349802207935
"2285",47,2001,5,29.7650652618769
"2286",47,2001,6,0.175360028794615
"2287",47,2001,7,173.831311550883
"2288",47,2001,8,72.3107727884362
"2289",47,2001,9,11.4296634086123
"2290",47,2001,10,9.08995189205385
"2291",47,2001,11,0.0616868142384615
"2292",47,2001,12,4.23431730870169
"2293",47,2002,1,2.37794177292231
"2294",47,2002,2,0.105536953308769
"2295",47,2002,3,2.94611440298308
"2296",47,2002,4,2.99737215139931
"2297",47,2002,5,145.771481838454
"2298",47,2002,6,110.508510268385
"2299",47,2002,7,132.454547276831
"2300",47,2002,8,79.8119494315715
"2301",47,2002,9,28.8296665938162
"2302",47,2002,10,1.26646001103846
"2303",47,2002,11,0.253977230253846
"2304",47,2002,12,3.927911390863
"2305",47,2003,1,3.25463750333077
"2306",47,2003,2,0.376211138041666
"2307",47,2003,3,0.563573430893846
"2308",47,2003,4,2.65469156
"2309",47,2003,5,96.7862837582123
"2310",47,2003,6,51.66389615489
"2311",47,2003,7,41.5891303017231
"2312",47,2003,8,5.81870486229769
"2313",47,2003,9,5.72682977688846
"2314",47,2003,10,0
"2315",47,2003,11,8.81461307017923
"2316",47,2003,12,0.388662524411154
"2317",47,2004,1,6.04192206988831
"2318",47,2004,2,6.76663740264715
"2319",47,2004,3,12.436138269142
"2320",47,2004,4,31.6731002208308
"2321",47,2004,5,3.95667989301692
"2322",47,2004,6,19.2788230917231
"2323",47,2004,7,61.3108159342346
"2324",47,2004,8,73.3259970889154
"2325",47,2004,9,33.0539353731795
"2326",47,2004,10,9.24272456677
"2327",47,2004,11,36.0960510908878
"2328",47,2004,12,0.390980363584615
"2329",47,2005,1,10.534366853651
"2330",47,2005,2,0.0205273602552077
"2331",47,2005,3,29.1472074602785
"2332",47,2005,4,6.67250465695615
"2333",47,2005,5,53.5461687109892
"2334",47,2005,6,124.096676473
"2335",47,2005,7,11.7639259521322
"2336",47,2005,8,127.189837727097
"2337",47,2005,9,30.2561650918858
"2338",47,2005,10,11.452957078699
"2339",47,2005,11,4.3028673641
"2340",47,2005,12,0.000100820039615385
"2341",47,2006,1,9.37260594407886
"2342",47,2006,2,3.43589541116567
"2343",47,2006,3,0.0513698559107692
"2344",47,2006,4,0.436685916040077
"2345",47,2006,5,1.75612727634231
"2346",47,2006,6,48.9221797244875
"2347",47,2006,7,206.31935548596
"2348",47,2006,8,9.05258682653461
"2349",47,2006,9,0.205715962668623
"2350",47,2006,10,30.4926503386385
"2351",47,2006,11,0
"2352",47,2006,12,0
"2353",47,2007,1,3.06399994457154
"2354",47,2007,2,4.93876493902492
"2355",47,2007,3,16.4343905872308
"2356",47,2007,4,3.12865228026154
"2357",47,2007,5,17.0805613825508
"2358",47,2007,6,122.231402233462
"2359",47,2007,7,36.157538606489
"2360",47,2007,8,23.7714665200909
"2361",47,2007,9,2.55816799230769e-06
"2362",47,2007,10,1.74975319692308
"2363",47,2007,11,3.42480767166154
"2364",47,2007,12,2.86084936337731
"2365",47,2008,1,1.04466979732231
"2366",47,2008,2,1.55123812992238
"2367",47,2008,3,9.92113922760912
"2368",47,2008,4,6.29966773298462
"2369",47,2008,5,94.2789781654454
"2370",47,2008,6,69.6864567134355
"2371",47,2008,7,38.8546378038492
"2372",47,2008,8,119.924742914077
"2373",47,2008,9,12.2142674988776
"2374",47,2008,10,2.22647865153846
"2375",47,2008,11,0.0416747816615385
"2376",47,2008,12,1.41481657476077
"2377",47,2009,1,9.01674370496154
"2378",47,2009,2,5.1198411110492
"2379",47,2009,3,0.673113168023077
"2380",47,2009,4,0
"2381",47,2009,5,6.04181550230769
"2382",47,2009,6,65.3113584866654
"2383",47,2009,7,20.8963516979538
"2384",47,2009,8,81.5730924277074
"2385",47,2009,9,23.4613630467254
"2386",47,2009,10,1.97760927870769
"2387",47,2009,11,0.372028121996154
"2388",47,2009,12,0
"2389",47,2010,1,4.21800462322538
"2390",47,2010,2,0.0751156172483077
"2391",47,2010,3,0
"2392",47,2010,4,0.626101397692308
"2393",47,2010,5,51.4794097986154
"2394",47,2010,6,68.6173451077231
"2395",47,2010,7,23.9221684951004
"2396",47,2010,8,9.33040088461538
"2397",47,2010,9,27.0173364860562
"2398",47,2010,10,4.999451748735
"2399",47,2010,11,20.6783351646846
"2400",47,2010,12,1.04877452872154
"2401",47,2011,1,2.61842747172462
"2402",47,2011,2,3.83690716721783
"2403",47,2011,3,1.08260428657923
"2404",47,2011,4,0.415226881692308
"2405",47,2011,5,0.294762766461538
"2406",47,2011,6,116.660741182108
"2407",47,2011,7,42.960648459463
"2408",47,2011,8,42.4781052679257
"2409",47,2011,9,0.301037674484615
"2410",47,2011,10,5.15098500500692
"2411",47,2011,11,0.0904336556153846
"2412",47,2011,12,1.50084069388269
"2413",47,2012,1,10.8334385404495
"2414",47,2012,2,2.156184262992
"2415",47,2012,3,0.0872758776923077
"2416",47,2012,4,21.6251108707706
"2417",47,2012,5,33.8022574769231
"2418",47,2012,6,39.5093066416211
"2419",47,2012,7,3.44889397310377
"2420",47,2012,8,42.4536421468665
"2421",47,2012,9,4.87312003245977
"2422",47,2012,10,10.6102310734846
"2423",47,2012,11,0.385203294062308
"2424",47,2012,12,9.76909915384615
"2425",47,2013,1,25.88356392336
"2426",47,2013,2,9.73901576543097
"2427",47,2013,3,0.329182358357077
"2428",47,2013,4,0.0999712371423077
"2429",47,2013,5,91.3909136158462
"2430",47,2013,6,29.8285031969846
"2431",47,2013,7,11.6423683128731
"2432",47,2013,8,24.4728986597923
"2433",47,2013,9,7.38139982117482
"2434",47,2013,10,3.60043438105892
"2435",47,2013,11,11.3227664200615
"2436",47,2013,12,0.390186236207692
"2437",47,2014,1,11.4113430541154
"2438",47,2014,2,5.76958783324727
"2439",47,2014,3,7.06922861955039
"2440",47,2014,4,0.532306386153846
"2441",47,2014,5,2.47330140586308
"2442",47,2014,6,77.538017251
"2443",47,2014,7,6.25684902030152
"2444",47,2014,8,20.7440892032928
"2445",47,2014,9,16.0366738076605
"2446",47,2014,10,5.77319882153846
"2447",47,2014,11,2.80327969245615
"2448",47,2014,12,0.0700561802076923
"2449",47,2015,1,0
"2450",47,2015,2,4.14103625534446
"2451",47,2015,3,17.2080213923077
"2452",47,2015,4,0
"2453",47,2015,5,0
"2454",47,2015,6,0
"2455",47,2015,7,47.5361227193846
"2456",47,2015,8,140.246946167854
"2457",47,2015,9,24.9540598508448
"2458",47,2015,10,43.0584174291799
"2459",47,2015,11,14.1481942181846
"2460",47,2015,12,0.195453431315385
"2461",47,2016,1,1.66323174128785
"2462",47,2016,2,0.317968655153846
"2463",47,2016,3,0.208565691388462
"2464",47,2016,4,87.4828010270438
"2465",47,2016,5,42.2062539593408
"2466",47,2016,6,112.209899526054
"2467",47,2016,7,68.3739451909932
"2468",47,2016,8,0.105697324923078
"2469",47,2016,9,1.98735600769231e-06
"2470",47,2016,10,19.9816303003097
"2471",47,2016,11,11.2146809353
"2472",47,2016,12,23.8195760027692
"2473",47,2017,1,0.313933501279054
"2474",47,2017,2,7.22667583807808
"2475",47,2017,3,0.0159484603076923
"2476",47,2017,4,0.917979408489231
"2477",47,2017,5,164.658652160524
"2478",47,2017,6,65.3849453447692
"2479",47,2017,7,9.79234981710492
"2480",47,2017,8,20.5228705088862
"2481",47,2017,9,15.1118683774454
"2482",47,2017,10,3.68489405998385
"2483",47,2017,11,0.0284892228769231
"2484",47,2017,12,0.0451539008554308
"2485",47,2018,1,6.71042973293192
"2486",47,2018,2,2.04973420811562
"2487",47,2018,3,0.0790959132993077
"2488",47,2018,4,0.218425149230769
"2489",47,2018,5,14.1496160261538
"2490",47,2018,6,54.9964701207692
"2491",47,2018,7,34.7797245095015
"2492",47,2018,8,6.40228135992308
"2493",47,2018,9,9.87065858563545
"2494",47,2018,10,23.0114154228731
"2495",47,2018,11,1.81624597079231
"2496",47,2018,12,3.24580111986077
"2497",47,2019,1,0.06373846
"2498",47,2019,2,1.04689430256154
"2499",47,2019,3,0.281637290210769
"2500",47,2019,4,3.82326770717538
"2501",47,2019,5,16.8485919226077
"2502",47,2019,6,33.3543728805585
"2503",47,2019,7,0.810861540769231
"2504",47,2019,8,0
"2505",47,2019,9,4.57539396138815
"2506",47,2019,10,1.40713927875246
"2507",47,2019,11,0
"2508",47,2019,12,0
"2509",47,2020,1,2.50313023709154
"2510",47,2020,2,7.40454179230769e-06
"2511",47,2020,3,0.00166519356153846
"2512",47,2020,4,0.305897770214769
"2513",47,2020,5,0
"2514",47,2020,6,0
"2515",47,2020,7,0
"2516",47,2020,8,0
"2517",47,2020,9,0
"2518",47,2020,10,0
"2519",47,2020,11,0
"2520",47,2020,12,0
"2521",48,1979,1,0
"2522",48,1979,2,0
"2523",48,1979,3,0
"2524",48,1979,4,9.81613795333333
"2525",48,1979,5,3.29347686666667
"2526",48,1979,6,0
"2527",48,1979,7,93.7520960666667
"2528",48,1979,8,38.251114505
"2529",48,1979,9,20.0602556666667
"2530",48,1979,10,0
"2531",48,1979,11,0
"2532",48,1979,12,4.37112044533333
"2533",48,1980,1,0.82509235
"2534",48,1980,2,13.6787022375667
"2535",48,1980,3,0
"2536",48,1980,4,136.2874514084
"2537",48,1980,5,8.88215344333333
"2538",48,1980,6,44.26861519
"2539",48,1980,7,122.20955045
"2540",48,1980,8,19.5862624533333
"2541",48,1980,9,43.356543
"2542",48,1980,10,4.2980526
"2543",48,1980,11,0.00690879724666667
"2544",48,1980,12,0
"2545",48,1981,1,0
"2546",48,1981,2,10.0106296723333
"2547",48,1981,3,0
"2548",48,1981,4,0.216005523
"2549",48,1981,5,115.663512747
"2550",48,1981,6,14.6200036666667
"2551",48,1981,7,16.8653392366667
"2552",48,1981,8,46.3615097685333
"2553",48,1981,9,5.18852226333333
"2554",48,1981,10,1.08285335
"2555",48,1981,11,0.229116063666667
"2556",48,1981,12,0
"2557",48,1982,1,0
"2558",48,1982,2,0
"2559",48,1982,3,12.1700336415
"2560",48,1982,4,0
"2561",48,1982,5,122.682727002
"2562",48,1982,6,237.7420929995
"2563",48,1982,7,112.401673977933
"2564",48,1982,8,103.515828888
"2565",48,1982,9,67.6945123016667
"2566",48,1982,10,10.8774011333333
"2567",48,1982,11,0
"2568",48,1982,12,0
"2569",48,1983,1,3.71589599
"2570",48,1983,2,0
"2571",48,1983,3,0
"2572",48,1983,4,0.00731339273333682
"2573",48,1983,5,53.8684862924133
"2574",48,1983,6,83.5883799653333
"2575",48,1983,7,157.423727466667
"2576",48,1983,8,95.82611695
"2577",48,1983,9,23.3732868673333
"2578",48,1983,10,0
"2579",48,1983,11,0
"2580",48,1983,12,0
"2581",48,1984,1,7.8055458e-16
"2582",48,1984,2,0
"2583",48,1984,3,15.717135366
"2584",48,1984,4,5.587519
"2585",48,1984,5,52.175492628
"2586",48,1984,6,56.4931989633333
"2587",48,1984,7,457.86214393
"2588",48,1984,8,46.1735033863333
"2589",48,1984,9,63.5252799
"2590",48,1984,10,0.338828163333333
"2591",48,1984,11,15.2717531333333
"2592",48,1984,12,0
"2593",48,1985,1,1.50001517
"2594",48,1985,2,0
"2595",48,1985,3,14.6002283266667
"2596",48,1985,4,0
"2597",48,1985,5,8.23900763333333
"2598",48,1985,6,15.6893975279667
"2599",48,1985,7,74.3150315743333
"2600",48,1985,8,0
"2601",48,1985,9,10.8762839453333
"2602",48,1985,10,2.216483058
"2603",48,1985,11,0.330972513333333
"2604",48,1985,12,0
"2605",48,1986,1,0
"2606",48,1986,2,0.806118783333333
"2607",48,1986,3,0
"2608",48,1986,4,16.2589739273333
"2609",48,1986,5,177.62674725
"2610",48,1986,6,119.1722796
"2611",48,1986,7,18.5178818
"2612",48,1986,8,40.8729597623333
"2613",48,1986,9,9.4750849
"2614",48,1986,10,3.96843680237667
"2615",48,1986,11,0
"2616",48,1986,12,0
"2617",48,1987,1,0
"2618",48,1987,2,2.12726844073333
"2619",48,1987,3,11.5825895223333
"2620",48,1987,4,5.3356931
"2621",48,1987,5,110.6932881778
"2622",48,1987,6,24.2440947666667
"2623",48,1987,7,424.03612887187
"2624",48,1987,8,227.5220720354
"2625",48,1987,9,10.9990034
"2626",48,1987,10,29.9641330389333
"2627",48,1987,11,0
"2628",48,1987,12,0
"2629",48,1988,1,0
"2630",48,1988,2,0
"2631",48,1988,3,0.0307184052333333
"2632",48,1988,4,0
"2633",48,1988,5,1.62076653333333
"2634",48,1988,6,21.9784774
"2635",48,1988,7,43.9662634511333
"2636",48,1988,8,43.9035482903333
"2637",48,1988,9,27.8486879333333
"2638",48,1988,10,0
"2639",48,1988,11,4.78611646866667
"2640",48,1988,12,0.193864557666667
"2641",48,1989,1,1.15402581333333
"2642",48,1989,2,0
"2643",48,1989,3,0
"2644",48,1989,4,12.588782
"2645",48,1989,5,58.8345697
"2646",48,1989,6,7.00285807666667
"2647",48,1989,7,92.2832792509
"2648",48,1989,8,91.01968213323
"2649",48,1989,9,17.1900386133333
"2650",48,1989,10,0
"2651",48,1989,11,0
"2652",48,1989,12,0
"2653",48,1990,1,0
"2654",48,1990,2,0
"2655",48,1990,3,5.61682463333333
"2656",48,1990,4,16.5283593
"2657",48,1990,5,8.79393156666667
"2658",48,1990,6,9.05750866666667
"2659",48,1990,7,49.7051252843667
"2660",48,1990,8,22.1686061666667
"2661",48,1990,9,38.0533667156667
"2662",48,1990,10,4.88368516666667
"2663",48,1990,11,0
"2664",48,1990,12,0
"2665",48,1991,1,0
"2666",48,1991,2,0
"2667",48,1991,3,0
"2668",48,1991,4,18.3329666833333
"2669",48,1991,5,51.15108232
"2670",48,1991,6,142.224858573333
"2671",48,1991,7,116.152100433333
"2672",48,1991,8,19.9726136749933
"2673",48,1991,9,54.7303322520667
"2674",48,1991,10,5.79935479056667
"2675",48,1991,11,0.00051774792
"2676",48,1991,12,1.28401175563333
"2677",48,1992,1,0
"2678",48,1992,2,0
"2679",48,1992,3,26.7036716333333
"2680",48,1992,4,32.2821790666667
"2681",48,1992,5,87.7852483066667
"2682",48,1992,6,180.039284333333
"2683",48,1992,7,16.1174516487333
"2684",48,1992,8,101.492929066667
"2685",48,1992,9,11.6682516666667
"2686",48,1992,10,0
"2687",48,1992,11,5.52822375926
"2688",48,1992,12,0
"2689",48,1993,1,8.251577e-15
"2690",48,1993,2,0.708699673033333
"2691",48,1993,3,0
"2692",48,1993,4,50.8789375666667
"2693",48,1993,5,125.032335199033
"2694",48,1993,6,17.5543498333333
"2695",48,1993,7,46.8290786666667
"2696",48,1993,8,30.7685930885667
"2697",48,1993,9,14.5995216333333
"2698",48,1993,10,3.226833643
"2699",48,1993,11,0
"2700",48,1993,12,0.0264210145333333
"2701",48,1994,1,0
"2702",48,1994,2,0.00967018733333333
"2703",48,1994,3,0
"2704",48,1994,4,7.0054257
"2705",48,1994,5,36.4003462817667
"2706",48,1994,6,22.7525448197833
"2707",48,1994,7,84.3133794503333
"2708",48,1994,8,11.3816300043333
"2709",48,1994,9,0
"2710",48,1994,10,0.589504029993333
"2711",48,1994,11,0
"2712",48,1994,12,0
"2713",48,1995,1,10.641356151
"2714",48,1995,2,0
"2715",48,1995,3,0
"2716",48,1995,4,19.9745766666667
"2717",48,1995,5,0.348091936666667
"2718",48,1995,6,41.4779263666667
"2719",48,1995,7,44.4919839899333
"2720",48,1995,8,27.8594157682023
"2721",48,1995,9,14.7145799833333
"2722",48,1995,10,0.061386416
"2723",48,1995,11,0.000149659912333333
"2724",48,1995,12,0.324456637333333
"2725",48,1996,1,0.458801400333342
"2726",48,1996,2,0
"2727",48,1996,3,0
"2728",48,1996,4,31.6169692723333
"2729",48,1996,5,1.7217809
"2730",48,1996,6,42.39349955
"2731",48,1996,7,38.6901621666667
"2732",48,1996,8,114.58144233
"2733",48,1996,9,7.3391325
"2734",48,1996,10,6.80958843333333
"2735",48,1996,11,0
"2736",48,1996,12,0.689706296666667
"2737",48,1997,1,0.108880466666667
"2738",48,1997,2,0
"2739",48,1997,3,7.6890153
"2740",48,1997,4,0
"2741",48,1997,5,105.736055665333
"2742",48,1997,6,386.1240771
"2743",48,1997,7,60.7057019253333
"2744",48,1997,8,179.134258033333
"2745",48,1997,9,68.7183180666667
"2746",48,1997,10,71.32746959
"2747",48,1997,11,3.08254607863
"2748",48,1997,12,0
"2749",48,1998,1,0
"2750",48,1998,2,18.6765526945333
"2751",48,1998,3,7.7294445
"2752",48,1998,4,55.3085124143333
"2753",48,1998,5,21.3765711333333
"2754",48,1998,6,37.9803289333333
"2755",48,1998,7,0
"2756",48,1998,8,1.6260809
"2757",48,1998,9,7.0780826877
"2758",48,1998,10,0
"2759",48,1998,11,0
"2760",48,1998,12,0
"2761",48,1999,1,0.00190416480000022
"2762",48,1999,2,0
"2763",48,1999,3,10.626879781
"2764",48,1999,4,21.7546104666667
"2765",48,1999,5,20.8688908
"2766",48,1999,6,37.590993872
"2767",48,1999,7,5.47875798703333
"2768",48,1999,8,99.0300437633333
"2769",48,1999,9,90.7901536333333
"2770",48,1999,10,21.5725279
"2771",48,1999,11,0
"2772",48,1999,12,0.178149884
"2773",48,2000,1,0
"2774",48,2000,2,0
"2775",48,2000,3,0
"2776",48,2000,4,23.7782572603333
"2777",48,2000,5,43.1383650333333
"2778",48,2000,6,200.185171044833
"2779",48,2000,7,31.4203104666667
"2780",48,2000,8,7.35365563186667
"2781",48,2000,9,83.6844302
"2782",48,2000,10,9.0080113007
"2783",48,2000,11,7.25902613333333
"2784",48,2000,12,0
"2785",48,2001,1,0
"2786",48,2001,2,0
"2787",48,2001,3,23.27256174
"2788",48,2001,4,10.1715406
"2789",48,2001,5,58.0556867333333
"2790",48,2001,6,0
"2791",48,2001,7,199.119891866667
"2792",48,2001,8,78.5330172333333
"2793",48,2001,9,19.7132130666667
"2794",48,2001,10,6.58646056666667
"2795",48,2001,11,0
"2796",48,2001,12,0
"2797",48,2002,1,5.74265136666667e-15
"2798",48,2002,2,0
"2799",48,2002,3,3.40487206296333
"2800",48,2002,4,2.21044656266667
"2801",48,2002,5,194.14562576
"2802",48,2002,6,126.344591493117
"2803",48,2002,7,133.392138337667
"2804",48,2002,8,82.27556492
"2805",48,2002,9,17.7610552666667
"2806",48,2002,10,0
"2807",48,2002,11,0
"2808",48,2002,12,2.63325676666667e-15
"2809",48,2003,1,4.75718931
"2810",48,2003,2,0
"2811",48,2003,3,0
"2812",48,2003,4,3.00607956666667
"2813",48,2003,5,80.3110266666667
"2814",48,2003,6,47.5889943333333
"2815",48,2003,7,36.6940193673
"2816",48,2003,8,9.33603073333333
"2817",48,2003,9,0.0421737407333333
"2818",48,2003,10,0
"2819",48,2003,11,4.12049036666667
"2820",48,2003,12,0
"2821",48,2004,1,0
"2822",48,2004,2,0.142530143493333
"2823",48,2004,3,14.73913137
"2824",48,2004,4,55.5816638
"2825",48,2004,5,7.02109196
"2826",48,2004,6,33.976102
"2827",48,2004,7,104.310319066667
"2828",48,2004,8,99.6169575333333
"2829",48,2004,9,20.6861556
"2830",48,2004,10,2.11282296666667
"2831",48,2004,11,18.4787446666667
"2832",48,2004,12,0
"2833",48,2005,1,3.27145786666667
"2834",48,2005,2,0
"2835",48,2005,3,12.6296985719333
"2836",48,2005,4,1.64685204
"2837",48,2005,5,50.6127703333333
"2838",48,2005,6,82.67997094
"2839",48,2005,7,24.8986105646
"2840",48,2005,8,126.713991318333
"2841",48,2005,9,31.3232507533333
"2842",48,2005,10,15.015413055
"2843",48,2005,11,2.49047780933333
"2844",48,2005,12,0
"2845",48,2006,1,0
"2846",48,2006,2,0
"2847",48,2006,3,0
"2848",48,2006,4,0
"2849",48,2006,5,0
"2850",48,2006,6,58.4481926
"2851",48,2006,7,184.61933648028
"2852",48,2006,8,16.7793294955667
"2853",48,2006,9,0.0182478045333333
"2854",48,2006,10,40.6580778333333
"2855",48,2006,11,0
"2856",48,2006,12,0
"2857",48,2007,1,0
"2858",48,2007,2,0.202054427333333
"2859",48,2007,3,17.6362912313333
"2860",48,2007,4,0
"2861",48,2007,5,9.72654793333333
"2862",48,2007,6,128.935998966667
"2863",48,2007,7,11.96491248
"2864",48,2007,8,29.9961780766333
"2865",48,2007,9,0
"2866",48,2007,10,1.4818892
"2867",48,2007,11,2.87892526666667
"2868",48,2007,12,0
"2869",48,2008,1,0
"2870",48,2008,2,0
"2871",48,2008,3,18.6485787263333
"2872",48,2008,4,21.2353552476667
"2873",48,2008,5,98.8265566
"2874",48,2008,6,85.0004236
"2875",48,2008,7,69.0888153333333
"2876",48,2008,8,103.133695593333
"2877",48,2008,9,14.0818305886667
"2878",48,2008,10,0.000934409333333333
"2879",48,2008,11,0
"2880",48,2008,12,0
"2881",48,2009,1,2.8434488e-15
"2882",48,2009,2,0.261968320333333
"2883",48,2009,3,0
"2884",48,2009,4,0
"2885",48,2009,5,8.1437253
"2886",48,2009,6,82.2663073463
"2887",48,2009,7,24.8999760098333
"2888",48,2009,8,95.341394025
"2889",48,2009,9,16.312922971
"2890",48,2009,10,0.134604664733333
"2891",48,2009,11,0.00193178083333333
"2892",48,2009,12,0
"2893",48,2010,1,0
"2894",48,2010,2,0
"2895",48,2010,3,0
"2896",48,2010,4,4.33386463333333
"2897",48,2010,5,64.7050062966667
"2898",48,2010,6,86.7100335333333
"2899",48,2010,7,35.9857928866667
"2900",48,2010,8,15.6342138
"2901",48,2010,9,38.0534656333333
"2902",48,2010,10,3.92495148566667
"2903",48,2010,11,22.0795329666667
"2904",48,2010,12,0
"2905",48,2011,1,0
"2906",48,2011,2,2.80346032
"2907",48,2011,3,0
"2908",48,2011,4,0.731264973333333
"2909",48,2011,5,0.00488218626666667
"2910",48,2011,6,124.5305575
"2911",48,2011,7,71.4139785666667
"2912",48,2011,8,32.1264342
"2913",48,2011,9,0
"2914",48,2011,10,4.663939518
"2915",48,2011,11,0
"2916",48,2011,12,0
"2917",48,2012,1,0
"2918",48,2012,2,0
"2919",48,2012,3,0
"2920",48,2012,4,17.6888672666667
"2921",48,2012,5,33.8361203333333
"2922",48,2012,6,53.647499902
"2923",48,2012,7,4.92701626666667
"2924",48,2012,8,74.50406870464
"2925",48,2012,9,3.19067056666667
"2926",48,2012,10,17.7568295506
"2927",48,2012,11,9.11176166666667e-05
"2928",48,2012,12,4.58438296666667
"2929",48,2013,1,2.78631657033333
"2930",48,2013,2,0.669234208
"2931",48,2013,3,2.4892866
"2932",48,2013,4,0.0069027892
"2933",48,2013,5,100.7961409
"2934",48,2013,6,31.8134273333333
"2935",48,2013,7,20.0102419
"2936",48,2013,8,17.313545
"2937",48,2013,9,0
"2938",48,2013,10,0.58982671
"2939",48,2013,11,0.600986382666667
"2940",48,2013,12,0.240417596
"2941",48,2014,1,0.720488263333333
"2942",48,2014,2,1.07343135666667
"2943",48,2014,3,2.75202041863333
"2944",48,2014,4,0
"2945",48,2014,5,0.168215118666667
"2946",48,2014,6,90.8405685513333
"2947",48,2014,7,22.451388912
"2948",48,2014,8,27.5379199666667
"2949",48,2014,9,25.2516958616667
"2950",48,2014,10,0.57834362
"2951",48,2014,11,0.465463536666667
"2952",48,2014,12,0
"2953",48,2015,1,0
"2954",48,2015,2,3.51440433333333
"2955",48,2015,3,10.8298574333333
"2956",48,2015,4,0
"2957",48,2015,5,0
"2958",48,2015,6,0
"2959",48,2015,7,50.4649807626667
"2960",48,2015,8,151.899028877237
"2961",48,2015,9,30.3101036666667
"2962",48,2015,10,55.0759470316
"2963",48,2015,11,8.97079930000001
"2964",48,2015,12,0
"2965",48,2016,1,1.43755466666667
"2966",48,2016,2,0
"2967",48,2016,3,0.00138850576666667
"2968",48,2016,4,117.412183133333
"2969",48,2016,5,35.01179883
"2970",48,2016,6,100.002780266667
"2971",48,2016,7,98.5168524133333
"2972",48,2016,8,0
"2973",48,2016,9,0
"2974",48,2016,10,38.645275
"2975",48,2016,11,2.200691178
"2976",48,2016,12,11.7460905703333
"2977",48,2017,1,0
"2978",48,2017,2,0.5711977665
"2979",48,2017,3,0
"2980",48,2017,4,0.271516209666667
"2981",48,2017,5,192.727912507536
"2982",48,2017,6,85.2043764808333
"2983",48,2017,7,27.0292051333333
"2984",48,2017,8,35.7087554333333
"2985",48,2017,9,17.24225481168
"2986",48,2017,10,14.0582403333333
"2987",48,2017,11,0
"2988",48,2017,12,0
"2989",48,2018,1,0
"2990",48,2018,2,0
"2991",48,2018,3,0
"2992",48,2018,4,4.23612996666667
"2993",48,2018,5,17.4324895333333
"2994",48,2018,6,63.2697267
"2995",48,2018,7,72.746676881
"2996",48,2018,8,8.2843948
"2997",48,2018,9,10.4894500533333
"2998",48,2018,10,0.00725444513333333
"2999",48,2018,11,0.481732843333333
"3000",48,2018,12,0.0529929533333333
"3001",48,2019,1,5.5753898e-17
"3002",48,2019,2,0
"3003",48,2019,3,0.00558238633333333
"3004",48,2019,4,11.6814360333333
"3005",48,2019,5,16.6794644366667
"3006",48,2019,6,41.2343354101733
"3007",48,2019,7,3.28699993333333
"3008",48,2019,8,0
"3009",48,2019,9,5.9853311
"3010",48,2019,10,1.21559090533333
"3011",48,2019,11,0
"3012",48,2019,12,0
"3013",48,2020,1,0
"3014",48,2020,2,0
"3015",48,2020,3,0
"3016",48,2020,4,0.00511607386666667
"3017",48,2020,5,0
"3018",48,2020,6,0
"3019",48,2020,7,0
"3020",48,2020,8,0
"3021",48,2020,9,0
"3022",48,2020,10,0
"3023",48,2020,11,0
"3024",48,2020,12,0
"3025",51,1979,1,1.992755548444
"3026",51,1979,2,1.573988382
"3027",51,1979,3,0.000728098074
"3028",51,1979,4,10.702765112044
"3029",51,1979,5,5.63177279642
"3030",51,1979,6,0
"3031",51,1979,7,94.06961872436
"3032",51,1979,8,47.024589922322
"3033",51,1979,9,32.6453938696
"3034",51,1979,10,0
"3035",51,1979,11,1.41633652712
"3036",51,1979,12,11.001477821366
"3037",51,1980,1,8.999989204998
"3038",51,1980,2,20.641293131986
"3039",51,1980,3,0.001314622366
"3040",51,1980,4,158.3742451606
"3041",51,1980,5,35.082792660162
"3042",51,1980,6,46.0769883136
"3043",51,1980,7,119.69473298102
"3044",51,1980,8,10.0868166202
"3045",51,1980,9,46.40061693232
"3046",51,1980,10,13.38522894638
"3047",51,1980,11,6.58020264669
"3048",51,1980,12,3.5562926162226
"3049",51,1981,1,1.20901925522
"3050",51,1981,2,18.74384313334
"3051",51,1981,3,0
"3052",51,1981,4,1.833989016
"3053",51,1981,5,131.9398878626
"3054",51,1981,6,14.1547936042456
"3055",51,1981,7,30.969193032
"3056",51,1981,8,57.4554687378
"3057",51,1981,9,10.4888638408
"3058",51,1981,10,0.5839779016
"3059",51,1981,11,4.8344214422
"3060",51,1981,12,0
"3061",51,1982,1,0.779087087242
"3062",51,1982,2,0.63150873576
"3063",51,1982,3,28.01245867402
"3064",51,1982,4,0
"3065",51,1982,5,124.078481568
"3066",51,1982,6,296.80226842762
"3067",51,1982,7,119.107491773926
"3068",51,1982,8,124.62397164164
"3069",51,1982,9,87.97009614616
"3070",51,1982,10,18.77725900342
"3071",51,1982,11,0.23723988109
"3072",51,1982,12,0.939214906
"3073",51,1983,1,17.2269520414
"3074",51,1983,2,3.91414504944
"3075",51,1983,3,0.923573706
"3076",51,1983,4,9.988040783568
"3077",51,1983,5,50.6080076238324
"3078",51,1983,6,79.000632213554
"3079",51,1983,7,166.11065166076
"3080",51,1983,8,110.6885230976
"3081",51,1983,9,35.92944605544
"3082",51,1983,10,0.458682781
"3083",51,1983,11,0.5262921134612
"3084",51,1983,12,0
"3085",51,1984,1,5.05376043646724
"3086",51,1984,2,0.052162305
"3087",51,1984,3,23.970203490782
"3088",51,1984,4,7.02173856
"3089",51,1984,5,53.0520753098
"3090",51,1984,6,58.57912248761
"3091",51,1984,7,510.68382885
"3092",51,1984,8,32.56622419302
"3093",51,1984,9,66.999858443277
"3094",51,1984,10,12.517194346
"3095",51,1984,11,21.5671156267
"3096",51,1984,12,0.016103005
"3097",51,1985,1,9.32912806128
"3098",51,1985,2,0.32649298
"3099",51,1985,3,17.3405946732
"3100",51,1985,4,1.45481246062
"3101",51,1985,5,11.59892639666
"3102",51,1985,6,10.38264633198
"3103",51,1985,7,75.586659272
"3104",51,1985,8,2.46899722504
"3105",51,1985,9,25.05328671404
"3106",51,1985,10,15.149469059966
"3107",51,1985,11,3.16405487874
"3108",51,1985,12,0.00771319216
"3109",51,1986,1,0.0244606602964
"3110",51,1986,2,6.85624876288
"3111",51,1986,3,0
"3112",51,1986,4,13.0385407339
"3113",51,1986,5,180.19665731665
"3114",51,1986,6,151.7662190686
"3115",51,1986,7,11.7156644978
"3116",51,1986,8,45.00121555752
"3117",51,1986,9,11.9329207868
"3118",51,1986,10,10.32522475904
"3119",51,1986,11,0.91176696354
"3120",51,1986,12,0.5170394998
"3121",51,1987,1,2.225421297446
"3122",51,1987,2,13.8936932416
"3123",51,1987,3,23.1396052816
"3124",51,1987,4,11.5012720546
"3125",51,1987,5,81.84010145446
"3126",51,1987,6,40.76258668
"3127",51,1987,7,448.2035216268
"3128",51,1987,8,233.3533084014
"3129",51,1987,9,13.09851339008
"3130",51,1987,10,33.34218967772
"3131",51,1987,11,2.05547904654
"3132",51,1987,12,0.660367957024
"3133",51,1988,1,0.097344772878
"3134",51,1988,2,4.07790024228
"3135",51,1988,3,4.088020611176
"3136",51,1988,4,0.121928478
"3137",51,1988,5,1.74201973627
"3138",51,1988,6,16.8943848626
"3139",51,1988,7,52.07554185246
"3140",51,1988,8,50.2847084496
"3141",51,1988,9,31.981803941
"3142",51,1988,10,0
"3143",51,1988,11,14.06348864
"3144",51,1988,12,14.203620714
"3145",51,1989,1,7.167472037752
"3146",51,1989,2,0.217224223
"3147",51,1989,3,2.66741124
"3148",51,1989,4,10.4418298
"3149",51,1989,5,65.90450532
"3150",51,1989,6,10.27021299552
"3151",51,1989,7,102.0346018472
"3152",51,1989,8,126.8056672048
"3153",51,1989,9,37.554332386
"3154",51,1989,10,0
"3155",51,1989,11,0.2952082906
"3156",51,1989,12,1.810691959582
"3157",51,1990,1,1.551947854198
"3158",51,1990,2,1.6313710554
"3159",51,1990,3,10.210407876448
"3160",51,1990,4,15.61361159952
"3161",51,1990,5,9.715245998
"3162",51,1990,6,20.589105952
"3163",51,1990,7,44.85287544926
"3164",51,1990,8,30.4256393418
"3165",51,1990,9,41.962045784
"3166",51,1990,10,20.84800224356
"3167",51,1990,11,0.0228504582
"3168",51,1990,12,2.4034640056
"3169",51,1991,1,0.4514536731428
"3170",51,1991,2,0
"3171",51,1991,3,0.07655343006
"3172",51,1991,4,30.471575842196
"3173",51,1991,5,85.6494143363506
"3174",51,1991,6,142.5080346215
"3175",51,1991,7,133.601543913
"3176",51,1991,8,13.96804731514
"3177",51,1991,9,75.67335280856
"3178",51,1991,10,10.6153559541
"3179",51,1991,11,7.2632622916
"3180",51,1991,12,11.4309520654346
"3181",51,1992,1,0.00014921641456
"3182",51,1992,2,4.58619122252
"3183",51,1992,3,22.60533281783
"3184",51,1992,4,49.3947684663
"3185",51,1992,5,84.8199777434
"3186",51,1992,6,212.5275823422
"3187",51,1992,7,27.506544957
"3188",51,1992,8,85.344454928
"3189",51,1992,9,14.4494271622
"3190",51,1992,10,0.0180304364
"3191",51,1992,11,21.00164830656
"3192",51,1992,12,0.0016448856
"3193",51,1993,1,3.047658116
"3194",51,1993,2,10.049182569
"3195",51,1993,3,0
"3196",51,1993,4,55.6524358778
"3197",51,1993,5,178.4678387565
"3198",51,1993,6,24.765334658
"3199",51,1993,7,60.65160305
"3200",51,1993,8,29.653560098
"3201",51,1993,9,21.242360518916
"3202",51,1993,10,6.472951333154
"3203",51,1993,11,0.33119124208
"3204",51,1993,12,0.686446598408
"3205",51,1994,1,0.06419549068416
"3206",51,1994,2,1.24929807512
"3207",51,1994,3,0.5914333906
"3208",51,1994,4,10.4122800594382
"3209",51,1994,5,30.509213222
"3210",51,1994,6,21.26434624028
"3211",51,1994,7,91.247714544678
"3212",51,1994,8,17.73582419052
"3213",51,1994,9,3.14142012546
"3214",51,1994,10,9.91157429698
"3215",51,1994,11,1.594345118
"3216",51,1994,12,0
"3217",51,1995,1,23.712661793634
"3218",51,1995,2,1.28502345434
"3219",51,1995,3,0.0201955237
"3220",51,1995,4,22.2121383086
"3221",51,1995,5,1.250640942
"3222",51,1995,6,57.14926065168
"3223",51,1995,7,52.95234607756
"3224",51,1995,8,31.1641897713
"3225",51,1995,9,30.06745877756
"3226",51,1995,10,5.053810524706
"3227",51,1995,11,2.763934452
"3228",51,1995,12,12.9834134996
"3229",51,1996,1,5.638011626346
"3230",51,1996,2,0
"3231",51,1996,3,9.48719044e-06
"3232",51,1996,4,42.0037203704
"3233",51,1996,5,2.9051912696
"3234",51,1996,6,46.41216721
"3235",51,1996,7,22.1255036832
"3236",51,1996,8,114.45690992722
"3237",51,1996,9,14.645189078538
"3238",51,1996,10,12.695448545
"3239",51,1996,11,0
"3240",51,1996,12,8.4017958480652
"3241",51,1997,1,6.10577713344
"3242",51,1997,2,1.033255434
"3243",51,1997,3,4.92333225
"3244",51,1997,4,0.016719914
"3245",51,1997,5,100.524214898428
"3246",51,1997,6,422.26053336518
"3247",51,1997,7,62.43035554924
"3248",51,1997,8,175.56199186
"3249",51,1997,9,66.9342462386
"3250",51,1997,10,71.3646989012
"3251",51,1997,11,9.30939742822
"3252",51,1997,12,7.26102137583
"3253",51,1998,1,0
"3254",51,1998,2,19.754204745
"3255",51,1998,3,8.92552782342
"3256",51,1998,4,55.620080214822
"3257",51,1998,5,22.75819774528
"3258",51,1998,6,37.32357459846
"3259",51,1998,7,2.45965699
"3260",51,1998,8,4.973266761858
"3261",51,1998,9,20.56261414644
"3262",51,1998,10,0
"3263",51,1998,11,0
"3264",51,1998,12,0.35932079078
"3265",51,1999,1,9.4064181525834
"3266",51,1999,2,0.0216065208
"3267",51,1999,3,20.9827894502
"3268",51,1999,4,21.58595468
"3269",51,1999,5,22.51557734
"3270",51,1999,6,37.92724967
"3271",51,1999,7,3.275411393712
"3272",51,1999,8,104.732284174
"3273",51,1999,9,97.008882302338
"3274",51,1999,10,39.914571386842
"3275",51,1999,11,0.015341543
"3276",51,1999,12,0.8967082598
"3277",51,2000,1,0.1041610065986
"3278",51,2000,2,3.206484791548
"3279",51,2000,3,0
"3280",51,2000,4,23.8030965644
"3281",51,2000,5,38.431942418
"3282",51,2000,6,220.64780767426
"3283",51,2000,7,36.285915704
"3284",51,2000,8,18.07172662352
"3285",51,2000,9,86.501353034
"3286",51,2000,10,19.5180997964
"3287",51,2000,11,18.8177298771
"3288",51,2000,12,0.0902427668
"3289",51,2001,1,0.14417062
"3290",51,2001,2,0.150268880778
"3291",51,2001,3,21.6360233136
"3292",51,2001,4,13.5738660186
"3293",51,2001,5,55.79960269826
"3294",51,2001,6,0.04145363144
"3295",51,2001,7,209.726760352
"3296",51,2001,8,90.6629444231
"3297",51,2001,9,22.79041940692
"3298",51,2001,10,13.625003082
"3299",51,2001,11,1.156201392
"3300",51,2001,12,6.99917371672
"3301",51,2002,1,2.82972757506
"3302",51,2002,2,0
"3303",51,2002,3,9.49935228
"3304",51,2002,4,10.662955464
"3305",51,2002,5,168.797817361352
"3306",51,2002,6,145.42114988
"3307",51,2002,7,141.0235417762
"3308",51,2002,8,95.6491763826
"3309",51,2002,9,30.81210959686
"3310",51,2002,10,2.563185586
"3311",51,2002,11,1.795227726286
"3312",51,2002,12,6.4675996242
"3313",51,2003,1,6.28586793948
"3314",51,2003,2,0.181630758
"3315",51,2003,3,0.1376606212
"3316",51,2003,4,2.947727
"3317",51,2003,5,91.75044857352
"3318",51,2003,6,59.755121315166
"3319",51,2003,7,50.89587789709
"3320",51,2003,8,10.442670282
"3321",51,2003,9,8.18134658844
"3322",51,2003,10,0
"3323",51,2003,11,18.1590164762604
"3324",51,2003,12,0
"3325",51,2004,1,4.918288040318
"3326",51,2004,2,5.58394854738
"3327",51,2004,3,17.6716397118
"3328",51,2004,4,42.416107332154
"3329",51,2004,5,10.84875002307
"3330",51,2004,6,31.8954865218
"3331",51,2004,7,87.92937871
"3332",51,2004,8,107.220520176
"3333",51,2004,9,33.558916652
"3334",51,2004,10,14.292918575
"3335",51,2004,11,43.48296435822
"3336",51,2004,12,0.1748954848
"3337",51,2005,1,12.88960287932
"3338",51,2005,2,0.0006474973
"3339",51,2005,3,30.970182671
"3340",51,2005,4,4.74602210972
"3341",51,2005,5,58.3489221649
"3342",51,2005,6,136.774741589504
"3343",51,2005,7,25.231950237
"3344",51,2005,8,159.7493036912
"3345",51,2005,9,44.51216734456
"3346",51,2005,10,26.26230758548
"3347",51,2005,11,6.6494566126
"3348",51,2005,12,0
"3349",51,2006,1,6.064609148308
"3350",51,2006,2,2.75303164762
"3351",51,2006,3,0
"3352",51,2006,4,4.0645370912
"3353",51,2006,5,0.8637381244
"3354",51,2006,6,61.918544032
"3355",51,2006,7,252.7555974162
"3356",51,2006,8,20.602003314
"3357",51,2006,9,0.6764294552
"3358",51,2006,10,50.640384729516
"3359",51,2006,11,0.01137730848
"3360",51,2006,12,0
"3361",51,2007,1,5.358985003184
"3362",51,2007,2,5.84947790286
"3363",51,2007,3,26.11573055
"3364",51,2007,4,2.6142477044
"3365",51,2007,5,17.706813122
"3366",51,2007,6,135.380506531
"3367",51,2007,7,38.89564513184
"3368",51,2007,8,34.3230644951
"3369",51,2007,9,0.1780748384
"3370",51,2007,10,3.55698626
"3371",51,2007,11,7.13271556
"3372",51,2007,12,2.10786424922
"3373",51,2008,1,2.10334651234
"3374",51,2008,2,2.502239294578
"3375",51,2008,3,17.209768648
"3376",51,2008,4,14.985693252
"3377",51,2008,5,113.4957733836
"3378",51,2008,6,84.40837534
"3379",51,2008,7,53.6078827346
"3380",51,2008,8,129.7947887878
"3381",51,2008,9,18.91915355628
"3382",51,2008,10,2.323122878
"3383",51,2008,11,0
"3384",51,2008,12,0.46098832544
"3385",51,2009,1,8.727409248
"3386",51,2009,2,5.4052022271804
"3387",51,2009,3,4.2620286954398
"3388",51,2009,4,0
"3389",51,2009,5,9.902706183
"3390",51,2009,6,94.0000389442
"3391",51,2009,7,28.263085494
"3392",51,2009,8,104.830902175574
"3393",51,2009,9,45.04809217898
"3394",51,2009,10,2.753468118
"3395",51,2009,11,1.0052603362
"3396",51,2009,12,0
"3397",51,2010,1,2.34051419334
"3398",51,2010,2,0.04074672316
"3399",51,2010,3,0
"3400",51,2010,4,3.1807468
"3401",51,2010,5,59.4018000736
"3402",51,2010,6,84.07841648102
"3403",51,2010,7,34.396852712
"3404",51,2010,8,17.50360474
"3405",51,2010,9,43.978698086
"3406",51,2010,10,10.16852981228
"3407",51,2010,11,27.532282511692
"3408",51,2010,12,0.989104711918
"3409",51,2011,1,4.4050900201482
"3410",51,2011,2,7.51547775144
"3411",51,2011,3,3.6161951850986
"3412",51,2011,4,1.3086022664
"3413",51,2011,5,0.2906457512
"3414",51,2011,6,116.6722486502
"3415",51,2011,7,63.3705737868
"3416",51,2011,8,53.386822079504
"3417",51,2011,9,2.9887745452
"3418",51,2011,10,14.044999704
"3419",51,2011,11,0.50813147226
"3420",51,2011,12,0.8773061352
"3421",51,2012,1,8.01907239669
"3422",51,2012,2,3.26224808
"3423",51,2012,3,0.00479793422
"3424",51,2012,4,22.05806998
"3425",51,2012,5,40.4558381
"3426",51,2012,6,57.715990436
"3427",51,2012,7,5.23127152
"3428",51,2012,8,67.63609825442
"3429",51,2012,9,12.01198032998
"3430",51,2012,10,29.50228310198
"3431",51,2012,11,3.73374281708
"3432",51,2012,12,18.9406221332
"3433",51,2013,1,21.292355961146
"3434",51,2013,2,7.551992183798
"3435",51,2013,3,0.9062225968
"3436",51,2013,4,1.90306558992
"3437",51,2013,5,107.630826972
"3438",51,2013,6,36.67000504392
"3439",51,2013,7,17.65829993106
"3440",51,2013,8,27.0640094054
"3441",51,2013,9,10.306020285
"3442",51,2013,10,3.8815501866
"3443",51,2013,11,10.11234033
"3444",51,2013,12,0.5706836434
"3445",51,2014,1,6.42021323656894
"3446",51,2014,2,11.925936318588
"3447",51,2014,3,8.74393601606
"3448",51,2014,4,0.6701112066
"3449",51,2014,5,5.82870027884
"3450",51,2014,6,95.9173309
"3451",51,2014,7,14.148586868
"3452",51,2014,8,37.643506393
"3453",51,2014,9,33.32393661634
"3454",51,2014,10,9.80563048
"3455",51,2014,11,4.61750628
"3456",51,2014,12,0.784176478592
"3457",51,2015,1,0.0134558658
"3458",51,2015,2,4.24885849402
"3459",51,2015,3,9.762246
"3460",51,2015,4,0
"3461",51,2015,5,0
"3462",51,2015,6,0
"3463",51,2015,7,56.3790759252
"3464",51,2015,8,158.511911002285
"3465",51,2015,9,38.800828717096
"3466",51,2015,10,55.401875912792
"3467",51,2015,11,23.81688991316
"3468",51,2015,12,0.48130661326
"3469",51,2016,1,3.284516500798
"3470",51,2016,2,0
"3471",51,2016,3,0.331917164
"3472",51,2016,4,115.749223008
"3473",51,2016,5,53.42967279328
"3474",51,2016,6,114.972590242
"3475",51,2016,7,86.029782456
"3476",51,2016,8,0.1202077314
"3477",51,2016,9,0
"3478",51,2016,10,39.8236701712
"3479",51,2016,11,16.6904531934
"3480",51,2016,12,47.1976895504
"3481",51,2017,1,0.171388243
"3482",51,2017,2,9.1647272472
"3483",51,2017,3,0.00848436624
"3484",51,2017,4,1.543742494
"3485",51,2017,5,163.62166249398
"3486",51,2017,6,86.263245684
"3487",51,2017,7,25.3885958006
"3488",51,2017,8,38.899289162
"3489",51,2017,9,24.3226793655474
"3490",51,2017,10,12.5442436466
"3491",51,2017,11,0.10139161481
"3492",51,2017,12,0.242779027
"3493",51,2018,1,2.7213467506326
"3494",51,2018,2,0.32686076386
"3495",51,2018,3,0.05517869446
"3496",51,2018,4,0.031334204
"3497",51,2018,5,18.90851387535
"3498",51,2018,6,61.15525314
"3499",51,2018,7,56.455280619
"3500",51,2018,8,12.38820651562
"3501",51,2018,9,16.4689610444
"3502",51,2018,10,10.23007119622
"3503",51,2018,11,5.58455001576
"3504",51,2018,12,8.004277325
"3505",51,2019,1,1.62718064478
"3506",51,2019,2,0.020283937678
"3507",51,2019,3,0.0690092184574
"3508",51,2019,4,6.882059088
"3509",51,2019,5,20.7496370272
"3510",51,2019,6,51.095596071454
"3511",51,2019,7,4.4604663532
"3512",51,2019,8,0
"3513",51,2019,9,8.731519740286
"3514",51,2019,10,7.010131156
"3515",51,2019,11,0
"3516",51,2019,12,0
"3517",51,2020,1,1.901399253268
"3518",51,2020,2,0
"3519",51,2020,3,0
"3520",51,2020,4,2.17098400942
"3521",51,2020,5,0
"3522",51,2020,6,0
"3523",51,2020,7,0
"3524",51,2020,8,0
"3525",51,2020,9,0
"3526",51,2020,10,0
"3527",51,2020,11,0
"3528",51,2020,12,0
"3529",52,1979,1,1.95597625113667
"3530",52,1979,2,1.98238417866667
"3531",52,1979,3,0.0395417601333333
"3532",52,1979,4,12.6860253433333
"3533",52,1979,5,6.76900752596667
"3534",52,1979,6,0
"3535",52,1979,7,94.9275931233333
"3536",52,1979,8,43.3757546250883
"3537",52,1979,9,34.1308416536667
"3538",52,1979,10,0
"3539",52,1979,11,2.17749482409667
"3540",52,1979,12,14.3012622626167
"3541",52,1980,1,8.96248084481
"3542",52,1980,2,20.2061958268333
"3543",52,1980,3,6.7858139e-17
"3544",52,1980,4,145.4720172408
"3545",52,1980,5,39.9049451319
"3546",52,1980,6,54.943467422
"3547",52,1980,7,119.349553525567
"3548",52,1980,8,15.88985487
"3549",52,1980,9,48.0980996527267
"3550",52,1980,10,11.983633267
"3551",52,1980,11,5.26038099666667
"3552",52,1980,12,3.13398286344667
"3553",52,1981,1,0.860388798666667
"3554",52,1981,2,18.747537216
"3555",52,1981,3,0.268457406666667
"3556",52,1981,4,3.56993531666667
"3557",52,1981,5,141.011053651333
"3558",52,1981,6,15.0068006373267
"3559",52,1981,7,32.1556148333333
"3560",52,1981,8,60.9109791833333
"3561",52,1981,9,11.7117872946667
"3562",52,1981,10,1.03830498933333
"3563",52,1981,11,4.80481522003333
"3564",52,1981,12,0
"3565",52,1982,1,0.513309777
"3566",52,1982,2,0.7488264871
"3567",52,1982,3,26.3612256819
"3568",52,1982,4,0.000126974143333333
"3569",52,1982,5,121.159698933333
"3570",52,1982,6,297.152000130667
"3571",52,1982,7,113.614507450893
"3572",52,1982,8,112.5865881532
"3573",52,1982,9,88.9789667648
"3574",52,1982,10,20.8559773876667
"3575",52,1982,11,0.450281812666667
"3576",52,1982,12,0.745763656666667
"3577",52,1983,1,16.1988567953333
"3578",52,1983,2,4.97484593
"3579",52,1983,3,1.16009336666667
"3580",52,1983,4,11.25293122
"3581",52,1983,5,53.4396346493333
"3582",52,1983,6,94.6118776626667
"3583",52,1983,7,151.811213557967
"3584",52,1983,8,112.510211927977
"3585",52,1983,9,35.984119526
"3586",52,1983,10,0.18243803934
"3587",52,1983,11,0.0461918076666667
"3588",52,1983,12,0
"3589",52,1984,1,4.47007168934333
"3590",52,1984,2,0.071142926
"3591",52,1984,3,20.98719558
"3592",52,1984,4,8.19356499533333
"3593",52,1984,5,62.3660686950547
"3594",52,1984,6,62.053615642
"3595",52,1984,7,461.998492613333
"3596",52,1984,8,37.8146248273333
"3597",52,1984,9,69.1143382027333
"3598",52,1984,10,12.54324317
"3599",52,1984,11,17.9210725583333
"3600",52,1984,12,0
"3601",52,1985,1,8.56215982716667
"3602",52,1985,2,0.039864654
"3603",52,1985,3,16.8916904
"3604",52,1985,4,1.58797064
"3605",52,1985,5,12.7647362253333
"3606",52,1985,6,14.5991110113333
"3607",52,1985,7,80.116000856424
"3608",52,1985,8,2.24299312333333
"3609",52,1985,9,24.0911945063333
"3610",52,1985,10,13.986188263
"3611",52,1985,11,4.16279268633333
"3612",52,1985,12,0.0161733146333333
"3613",52,1986,1,0.0235667269366667
"3614",52,1986,2,7.40717525498667
"3615",52,1986,3,0
"3616",52,1986,4,16.2466437285
"3617",52,1986,5,176.248207487833
"3618",52,1986,6,145.21185815663
"3619",52,1986,7,11.4367777726667
"3620",52,1986,8,44.8180037226667
"3621",52,1986,9,9.83901364386667
"3622",52,1986,10,10.9866253198
"3623",52,1986,11,0.999353311666667
"3624",52,1986,12,0.480525973333333
"3625",52,1987,1,2.09932063896667
"3626",52,1987,2,12.7197433612033
"3627",52,1987,3,25.9987223019333
"3628",52,1987,4,11.5299470898667
"3629",52,1987,5,80.9101598706
"3630",52,1987,6,35.5892850666667
"3631",52,1987,7,416.446895946667
"3632",52,1987,8,220.200098251667
"3633",52,1987,9,14.0975397020633
"3634",52,1987,10,32.9753950966667
"3635",52,1987,11,3.08851313193333
"3636",52,1987,12,0.0817860652333333
"3637",52,1988,1,0.0653528063333333
"3638",52,1988,2,3.97033058766667
"3639",52,1988,3,5.38372553333333
"3640",52,1988,4,0.178490017966667
"3641",52,1988,5,2.08053994233333
"3642",52,1988,6,20.1799099333333
"3643",52,1988,7,53.6337382143333
"3644",52,1988,8,51.8404423706667
"3645",52,1988,9,33.0700555833333
"3646",52,1988,10,0
"3647",52,1988,11,14.9105992
"3648",52,1988,12,12.1251481491667
"3649",52,1989,1,7.32498797677333
"3650",52,1989,2,0.28466803
"3651",52,1989,3,3.21253383333333
"3652",52,1989,4,10.1124272
"3653",52,1989,5,59.6779549333333
"3654",52,1989,6,13.3866449633333
"3655",52,1989,7,106.663842696667
"3656",52,1989,8,116.869242970956
"3657",52,1989,9,35.4144264433333
"3658",52,1989,10,0
"3659",52,1989,11,1.15386194
"3660",52,1989,12,1.40326379466667
"3661",52,1990,1,1.43195576310333
"3662",52,1990,2,1.720605809151
"3663",52,1990,3,9.8911824649
"3664",52,1990,4,17.0156017033333
"3665",52,1990,5,10.3609253333333
"3666",52,1990,6,19.1837727456667
"3667",52,1990,7,45.982582209
"3668",52,1990,8,31.3409085566667
"3669",52,1990,9,42.1736136766667
"3670",52,1990,10,21.8329384433333
"3671",52,1990,11,0.354152886666667
"3672",52,1990,12,0.82552466456
"3673",52,1991,1,0.094211977
"3674",52,1991,2,0
"3675",52,1991,3,0.059011411
"3676",52,1991,4,29.3105522966667
"3677",52,1991,5,77.3633967555667
"3678",52,1991,6,135.0842119118
"3679",52,1991,7,129.547444360683
"3680",52,1991,8,17.9982907533333
"3681",52,1991,9,73.055771886875
"3682",52,1991,10,15.9252198252667
"3683",52,1991,11,5.34841799333333
"3684",52,1991,12,12.8351557483667
"3685",52,1992,1,0.00612773656666667
"3686",52,1992,2,6.82121205996667
"3687",52,1992,3,23.3910525866667
"3688",52,1992,4,49.1839550076667
"3689",52,1992,5,84.3665636176667
"3690",52,1992,6,196.198931609067
"3691",52,1992,7,27.1885994065033
"3692",52,1992,8,82.4484346366667
"3693",52,1992,9,16.6055926173
"3694",52,1992,10,0
"3695",52,1992,11,20.2022038108333
"3696",52,1992,12,0.0112823163666667
"3697",52,1993,1,2.9141085
"3698",52,1993,2,7.34945193366667
"3699",52,1993,3,0
"3700",52,1993,4,58.1853986766667
"3701",52,1993,5,155.269005222118
"3702",52,1993,6,28.3185789663333
"3703",52,1993,7,54.7858012433333
"3704",52,1993,8,29.3382932233333
"3705",52,1993,9,21.54680243317
"3706",52,1993,10,9.16425662
"3707",52,1993,11,0.465992841
"3708",52,1993,12,1.90202332666667
"3709",52,1994,1,0.0425272981666667
"3710",52,1994,2,1.34538525227333
"3711",52,1994,3,1.23126530666667
"3712",52,1994,4,12.9384901999233
"3713",52,1994,5,29.0896012753333
"3714",52,1994,6,24.4987932196667
"3715",52,1994,7,89.86801478845
"3716",52,1994,8,17.42682858
"3717",52,1994,9,3.84958759896667
"3718",52,1994,10,9.39780942333333
"3719",52,1994,11,1.50386916666667
"3720",52,1994,12,0.008881399
"3721",52,1995,1,17.2331268126667
"3722",52,1995,2,1.76258935211333
"3723",52,1995,3,0.00898391713333333
"3724",52,1995,4,21.1912790133333
"3725",52,1995,5,1.96832403333333
"3726",52,1995,6,57.3914485093367
"3727",52,1995,7,55.315179702
"3728",52,1995,8,36.441714132
"3729",52,1995,9,25.2953467459333
"3730",52,1995,10,4.86640566825333
"3731",52,1995,11,1.88165545333333
"3732",52,1995,12,7.217869148
"3733",52,1996,1,4.14029949596667
"3734",52,1996,2,0
"3735",52,1996,3,0
"3736",52,1996,4,39.67433819
"3737",52,1996,5,4.15400095133333
"3738",52,1996,6,48.837912
"3739",52,1996,7,25.1945740666667
"3740",52,1996,8,110.686381213333
"3741",52,1996,9,11.5704544295333
"3742",52,1996,10,13.09580094
"3743",52,1996,11,0
"3744",52,1996,12,8.75857931
"3745",52,1997,1,5.98120639133333
"3746",52,1997,2,0.990842275033
"3747",52,1997,3,5.82421838969333
"3748",52,1997,4,0.649071973333333
"3749",52,1997,5,112.839408919397
"3750",52,1997,6,388.38070422377
"3751",52,1997,7,62.76499113
"3752",52,1997,8,158.2448094
"3753",52,1997,9,69.727364762
"3754",52,1997,10,71.2426279666667
"3755",52,1997,11,10.1217025927
"3756",52,1997,12,7.098732923
"3757",52,1998,1,0
"3758",52,1998,2,21.3976668731833
"3759",52,1998,3,9.87887885433333
"3760",52,1998,4,55.48669697099
"3761",52,1998,5,27.7222216233167
"3762",52,1998,6,37.7620904379667
"3763",52,1998,7,3.10357138033333
"3764",52,1998,8,4.05931826243333
"3765",52,1998,9,20.719902658
"3766",52,1998,10,0
"3767",52,1998,11,0
"3768",52,1998,12,0.211637591003333
"3769",52,1999,1,9.36589716154333
"3770",52,1999,2,0.334199526666667
"3771",52,1999,3,23.0653909
"3772",52,1999,4,20.2394615666667
"3773",52,1999,5,22.9197255
"3774",52,1999,6,39.2690621228293
"3775",52,1999,7,8.862791385
"3776",52,1999,8,107.658022746667
"3777",52,1999,9,90.9422555291
"3778",52,1999,10,34.186442814
"3779",52,1999,11,0.0549731213333333
"3780",52,1999,12,0.76084547411
"3781",52,2000,1,0.0926363259000001
"3782",52,2000,2,3.58249441575733
"3783",52,2000,3,0
"3784",52,2000,4,25.3557313666667
"3785",52,2000,5,40.3259095333333
"3786",52,2000,6,231.406607238667
"3787",52,2000,7,35.33254919
"3788",52,2000,8,19.3691677396667
"3789",52,2000,9,87.1519240740733
"3790",52,2000,10,20.0800182
"3791",52,2000,11,14.8670100127067
"3792",52,2000,12,0.17751268
"3793",52,2001,1,0.0741545946666667
"3794",52,2001,2,0.224222453033333
"3795",52,2001,3,20.9318411336667
"3796",52,2001,4,16.51005655
"3797",52,2001,5,54.8022736413333
"3798",52,2001,6,1.520787
"3799",52,2001,7,205.079345441763
"3800",52,2001,8,89.6445864613333
"3801",52,2001,9,23.0931824633333
"3802",52,2001,10,14.1321761473333
"3803",52,2001,11,1.222548423
"3804",52,2001,12,6.532176263
"3805",52,2002,1,2.18160054433333
"3806",52,2002,2,0
"3807",52,2002,3,12.1652452666667
"3808",52,2002,4,14.6836600504
"3809",52,2002,5,156.913862854
"3810",52,2002,6,152.799538733333
"3811",52,2002,7,127.666596753667
"3812",52,2002,8,92.9106230623333
"3813",52,2002,9,26.8009334133333
"3814",52,2002,10,2.89508373333333
"3815",52,2002,11,2.02073310344667
"3816",52,2002,12,6.02468179366667
"3817",52,2003,1,7.77322009706667
"3818",52,2003,2,0.276250613333333
"3819",52,2003,3,0.216079998666667
"3820",52,2003,4,2.97223196666667
"3821",52,2003,5,80.5687086469967
"3822",52,2003,6,55.88534263
"3823",52,2003,7,50.735496104
"3824",52,2003,8,11.5320273
"3825",52,2003,9,9.1440888744
"3826",52,2003,10,0
"3827",52,2003,11,15.7832529383333
"3828",52,2003,12,0
"3829",52,2004,1,5.412022546
"3830",52,2004,2,5.16116123945233
"3831",52,2004,3,20.4632742733333
"3832",52,2004,4,44.5455258000667
"3833",52,2004,5,11.38024206
"3834",52,2004,6,34.49951979692
"3835",52,2004,7,90.5051446488967
"3836",52,2004,8,102.070820966667
"3837",52,2004,9,32.2911519062333
"3838",52,2004,10,13.9892571333333
"3839",52,2004,11,40.0818528158133
"3840",52,2004,12,0.0526275203333333
"3841",52,2005,1,10.4680609832
"3842",52,2005,2,0.000131567018666667
"3843",52,2005,3,27.3312583614667
"3844",52,2005,4,5.36497330726667
"3845",52,2005,5,60.0078990704667
"3846",52,2005,6,133.219207428663
"3847",52,2005,7,34.6075717136667
"3848",52,2005,8,152.709959703967
"3849",52,2005,9,43.5221393751
"3850",52,2005,10,24.1112217474653
"3851",52,2005,11,7.11831648333333
"3852",52,2005,12,0
"3853",52,2006,1,5.69561493526
"3854",52,2006,2,2.8662063784
"3855",52,2006,3,0
"3856",52,2006,4,4.6288403784
"3857",52,2006,5,0.865542721986667
"3858",52,2006,6,60.12872035174
"3859",52,2006,7,246.677847537333
"3860",52,2006,8,24.77740363212
"3861",52,2006,9,2.0430308502066
"3862",52,2006,10,52.5278456733333
"3863",52,2006,11,0.310828543666667
"3864",52,2006,12,0
"3865",52,2007,1,6.68289590443667
"3866",52,2007,2,7.0812718132
"3867",52,2007,3,26.8622088666667
"3868",52,2007,4,3.35365288333333
"3869",52,2007,5,16.1210971363333
"3870",52,2007,6,124.660927561333
"3871",52,2007,7,44.1884793642333
"3872",52,2007,8,38.9589227720333
"3873",52,2007,9,0.71310704845
"3874",52,2007,10,2.49392643333333
"3875",52,2007,11,6.60442333333333
"3876",52,2007,12,1.75424267633333
"3877",52,2008,1,2.08793053576667
"3878",52,2008,2,2.53438784513333
"3879",52,2008,3,18.25677695
"3880",52,2008,4,16.8260296333333
"3881",52,2008,5,110.982124603333
"3882",52,2008,6,80.4366044
"3883",52,2008,7,55.2848659193333
"3884",52,2008,8,119.92259779
"3885",52,2008,9,18.5508287586333
"3886",52,2008,10,1.39770123333333
"3887",52,2008,11,0
"3888",52,2008,12,0.596112354533333
"3889",52,2009,1,6.60461076686633
"3890",52,2009,2,5.09979673017333
"3891",52,2009,3,4.35713629932667
"3892",52,2009,4,0
"3893",52,2009,5,8.20226509
"3894",52,2009,6,95.0118624501
"3895",52,2009,7,26.2284574166667
"3896",52,2009,8,100.966667580325
"3897",52,2009,9,45.7382143091
"3898",52,2009,10,3.37787198666667
"3899",52,2009,11,1.48746127533333
"3900",52,2009,12,0
"3901",52,2010,1,2.10292418266667
"3902",52,2010,2,0.0694711566666667
"3903",52,2010,3,0
"3904",52,2010,4,4.21321843333333
"3905",52,2010,5,56.530833678
"3906",52,2010,6,85.9466140536937
"3907",52,2010,7,38.0918075333333
"3908",52,2010,8,16.4875202666667
"3909",52,2010,9,40.24692172
"3910",52,2010,10,10.0901656313333
"3911",52,2010,11,26.7060778450267
"3912",52,2010,12,0.878117356766667
"3913",52,2011,1,3.875924702
"3914",52,2011,2,8.69887158493333
"3915",52,2011,3,5.34177597343333
"3916",52,2011,4,1.64514384
"3917",52,2011,5,1.82489486
"3918",52,2011,6,107.170801301667
"3919",52,2011,7,66.7094207080877
"3920",52,2011,8,50.3899082324333
"3921",52,2011,9,3.86754722666667
"3922",52,2011,10,15.02062777
"3923",52,2011,11,0.135306630666667
"3924",52,2011,12,0.950743668
"3925",52,2012,1,7.06569828952667
"3926",52,2012,2,3.4365411
"3927",52,2012,3,0.0261256796666667
"3928",52,2012,4,19.3260297666667
"3929",52,2012,5,45.0951118333333
"3930",52,2012,6,61.5033458666667
"3931",52,2012,7,5.30997006666667
"3932",52,2012,8,71.3999716866667
"3933",52,2012,9,9.18603512933333
"3934",52,2012,10,32.7851235011287
"3935",52,2012,11,5.24199945041933
"3936",52,2012,12,17.3220474166667
"3937",52,2013,1,15.72381878779
"3938",52,2013,2,5.6131108908
"3939",52,2013,3,2.20925516
"3940",52,2013,4,2.737162045
"3941",52,2013,5,104.584772566667
"3942",52,2013,6,34.7998071684667
"3943",52,2013,7,18.9150255973333
"3944",52,2013,8,26.8683159126667
"3945",52,2013,9,9.77052282
"3946",52,2013,10,3.33970537287
"3947",52,2013,11,7.79530478634333
"3948",52,2013,12,0.724100458
"3949",52,2014,1,4.12639891866667
"3950",52,2014,2,10.4526279822333
"3951",52,2014,3,6.66661985966667
"3952",52,2014,4,1.30154859023333
"3953",52,2014,5,7.94822373171333
"3954",52,2014,6,97.6709824333333
"3955",52,2014,7,22.6757785048667
"3956",52,2014,8,38.72637099
"3957",52,2014,9,36.3237458257
"3958",52,2014,10,8.00878005033333
"3959",52,2014,11,5.0878398
"3960",52,2014,12,0.332600674666667
"3961",52,2015,1,0
"3962",52,2015,2,5.21841614948
"3963",52,2015,3,6.26974378333333
"3964",52,2015,4,0
"3965",52,2015,5,0
"3966",52,2015,6,0
"3967",52,2015,7,58.5475023466667
"3968",52,2015,8,147.92996957412
"3969",52,2015,9,40.8112728360933
"3970",52,2015,10,56.5664585259333
"3971",52,2015,11,16.8574660936667
"3972",52,2015,12,0.182994242
"3973",52,2016,1,4.9269314
"3974",52,2016,2,0.0072228673
"3975",52,2016,3,0.455767176666667
"3976",52,2016,4,118.274634416867
"3977",52,2016,5,55.1951631830333
"3978",52,2016,6,101.351576193333
"3979",52,2016,7,90.070897374
"3980",52,2016,8,0.858518163666667
"3981",52,2016,9,0
"3982",52,2016,10,41.1361025258767
"3983",52,2016,11,10.124533079
"3984",52,2016,12,43.15986254305
"3985",52,2017,1,0.182033732603333
"3986",52,2017,2,9.53733743833333
"3987",52,2017,3,0.0396968489666667
"3988",52,2017,4,0.696257086
"3989",52,2017,5,147.599590749033
"3990",52,2017,6,88.3445755333333
"3991",52,2017,7,30.4182616433333
"3992",52,2017,8,41.8473425666667
"3993",52,2017,9,24.0046097395
"3994",52,2017,10,17.8707336655667
"3995",52,2017,11,0.145356753560667
"3996",52,2017,12,0.236483726666667
"3997",52,2018,1,2.61329324887333
"3998",52,2018,2,0.390894714333333
"3999",52,2018,3,0.0633267175366667
"4000",52,2018,4,0.011332442
"4001",52,2018,5,20.1159918531533
"4002",52,2018,6,61.7844362
"4003",52,2018,7,63.8951193543333
"4004",52,2018,8,14.992485644
"4005",52,2018,9,18.0352407456667
"4006",52,2018,10,7.75130116233333
"4007",52,2018,11,4.992466603
"4008",52,2018,12,8.5989847224
"4009",52,2019,1,1.5001169811
"4010",52,2019,2,0.08805996
"4011",52,2019,3,0.460709153333334
"4012",52,2019,4,7.17147800333333
"4013",52,2019,5,22.15550105
"4014",52,2019,6,55.01014442
"4015",52,2019,7,5.89365276
"4016",52,2019,8,0
"4017",52,2019,9,8.26879808850667
"4018",52,2019,10,7.08773687333333
"4019",52,2019,11,0
"4020",52,2019,12,0
"4021",52,2020,1,1.83747571136667
"4022",52,2020,2,0
"4023",52,2020,3,0
"4024",52,2020,4,4.18141890666667
"4025",52,2020,5,0
"4026",52,2020,6,0
"4027",52,2020,7,0
"4028",52,2020,8,0
"4029",52,2020,9,0
"4030",52,2020,10,0
"4031",52,2020,11,0
"4032",52,2020,12,0
"4033",53,1979,1,0
"4034",53,1979,2,0
"4035",53,1979,3,0
"4036",53,1979,4,12.090734
"4037",53,1979,5,18.2323801
"4038",53,1979,6,0
"4039",53,1979,7,140.35846418
"4040",53,1979,8,37.7864852
"4041",53,1979,9,29.5896514855
"4042",53,1979,10,0
"4043",53,1979,11,8.47645740402
"4044",53,1979,12,20.0105236
"4045",53,1980,1,0
"4046",53,1980,2,3.365409812
"4047",53,1980,3,0
"4048",53,1980,4,148.761175315
"4049",53,1980,5,75.0658396
"4050",53,1980,6,96.60643497
"4051",53,1980,7,155.6850086
"4052",53,1980,8,36.0300553
"4053",53,1980,9,50.855370085
"4054",53,1980,10,0
"4055",53,1980,11,0
"4056",53,1980,12,0
"4057",53,1981,1,0
"4058",53,1981,2,3.6152286
"4059",53,1981,3,3.0769573
"4060",53,1981,4,9.5603935
"4061",53,1981,5,217.46957354
"4062",53,1981,6,26.7407402
"4063",53,1981,7,37.7242485
"4064",53,1981,8,30.69050036
"4065",53,1981,9,7.40111511
"4066",53,1981,10,2.7579281
"4067",53,1981,11,0
"4068",53,1981,12,0
"4069",53,1982,1,0
"4070",53,1982,2,0
"4071",53,1982,3,15.7647324
"4072",53,1982,4,0
"4073",53,1982,5,154.9502403
"4074",53,1982,6,353.07328248
"4075",53,1982,7,124.02745202
"4076",53,1982,8,95.1438398
"4077",53,1982,9,64.0689147896
"4078",53,1982,10,20.0026647
"4079",53,1982,11,0
"4080",53,1982,12,0
"4081",53,1983,1,2.33775825
"4082",53,1983,2,0
"4083",53,1983,3,0
"4084",53,1983,4,3.4198595
"4085",53,1983,5,64.3976849
"4086",53,1983,6,133.444776109
"4087",53,1983,7,164.594321
"4088",53,1983,8,139.5375654
"4089",53,1983,9,17.91485783
"4090",53,1983,10,0
"4091",53,1983,11,0
"4092",53,1983,12,0
"4093",53,1984,1,0
"4094",53,1984,2,0
"4095",53,1984,3,3.6007039
"4096",53,1984,4,2.1363561
"4097",53,1984,5,140.0095751
"4098",53,1984,6,61.220636986
"4099",53,1984,7,464.0732601
"4100",53,1984,8,63.73032911
"4101",53,1984,9,76.8881382533
"4102",53,1984,10,4.4753327
"4103",53,1984,11,4.5425345
"4104",53,1984,12,0
"4105",53,1985,1,0
"4106",53,1985,2,0
"4107",53,1985,3,11.759077
"4108",53,1985,4,0
"4109",53,1985,5,26.7504733
"4110",53,1985,6,28.0368375
"4111",53,1985,7,101.33776534
"4112",53,1985,8,0
"4113",53,1985,9,16.375710564
"4114",53,1985,10,3.60214354
"4115",53,1985,11,0
"4116",53,1985,12,0
"4117",53,1986,1,0
"4118",53,1986,2,0
"4119",53,1986,3,0
"4120",53,1986,4,43.242459
"4121",53,1986,5,209.38833944
"4122",53,1986,6,143.1110924
"4123",53,1986,7,4.683190986
"4124",53,1986,8,73.6715424
"4125",53,1986,9,2.4345229
"4126",53,1986,10,7.4123167
"4127",53,1986,11,3.69267479
"4128",53,1986,12,0
"4129",53,1987,1,0
"4130",53,1987,2,0
"4131",53,1987,3,4.1496532
"4132",53,1987,4,0.22917435
"4133",53,1987,5,91.0471159
"4134",53,1987,6,20.676621
"4135",53,1987,7,386.4741156
"4136",53,1987,8,210.8717188
"4137",53,1987,9,24.24355159
"4138",53,1987,10,30.7174463
"4139",53,1987,11,0
"4140",53,1987,12,0
"4141",53,1988,1,0
"4142",53,1988,2,0
"4143",53,1988,3,3.86580995
"4144",53,1988,4,0.049071065
"4145",53,1988,5,0
"4146",53,1988,6,13.0765237
"4147",53,1988,7,59.5476908
"4148",53,1988,8,92.8567736
"4149",53,1988,9,22.5275233
"4150",53,1988,10,0
"4151",53,1988,11,9.6507423
"4152",53,1988,12,2.0520973
"4153",53,1989,1,0
"4154",53,1989,2,0
"4155",53,1989,3,0
"4156",53,1989,4,3.8197418
"4157",53,1989,5,20.65590662
"4158",53,1989,6,39.43266182
"4159",53,1989,7,135.5920856
"4160",53,1989,8,92.8204628
"4161",53,1989,9,10.351469089
"4162",53,1989,10,0.013527305
"4163",53,1989,11,0
"4164",53,1989,12,0
"4165",53,1990,1,0
"4166",53,1990,2,0
"4167",53,1990,3,15.5357003564
"4168",53,1990,4,6.2042991
"4169",53,1990,5,18.5606826
"4170",53,1990,6,10.5983221
"4171",53,1990,7,75.5250989
"4172",53,1990,8,33.992647
"4173",53,1990,9,51.89693141
"4174",53,1990,10,14.6802203
"4175",53,1990,11,0
"4176",53,1990,12,2.1068658
"4177",53,1991,1,0
"4178",53,1991,2,0
"4179",53,1991,3,0
"4180",53,1991,4,14.412828341
"4181",53,1991,5,76.2719817
"4182",53,1991,6,181.6244666
"4183",53,1991,7,87.3905527
"4184",53,1991,8,18.331408462
"4185",53,1991,9,61.5338576
"4186",53,1991,10,21.3630522334
"4187",53,1991,11,0
"4188",53,1991,12,27.9396763964
"4189",53,1992,1,0
"4190",53,1992,2,0.015456006
"4191",53,1992,3,21.17692976
"4192",53,1992,4,42.3358261
"4193",53,1992,5,102.06305442
"4194",53,1992,6,196.05635593
"4195",53,1992,7,10.390594814
"4196",53,1992,8,129.5203399
"4197",53,1992,9,28.985408
"4198",53,1992,10,0
"4199",53,1992,11,8.0732274
"4200",53,1992,12,0
"4201",53,1993,1,0
"4202",53,1993,2,0
"4203",53,1993,3,0
"4204",53,1993,4,74.2570958
"4205",53,1993,5,85.2280761
"4206",53,1993,6,49.5070153
"4207",53,1993,7,51.0042476
"4208",53,1993,8,31.3677019
"4209",53,1993,9,10.7688160885
"4210",53,1993,10,0.074828826
"4211",53,1993,11,0.148589941
"4212",53,1993,12,3.0929797
"4213",53,1994,1,0
"4214",53,1994,2,0
"4215",53,1994,3,0.0056819716
"4216",53,1994,4,24.9915663
"4217",53,1994,5,43.44089427
"4218",53,1994,6,35.2321178527
"4219",53,1994,7,78.5032876
"4220",53,1994,8,8.446982
"4221",53,1994,9,15.348579691
"4222",53,1994,10,0.96464779
"4223",53,1994,11,0
"4224",53,1994,12,0
"4225",53,1995,1,0
"4226",53,1995,2,0
"4227",53,1995,3,0
"4228",53,1995,4,23.86986377
"4229",53,1995,5,0
"4230",53,1995,6,64.3072635
"4231",53,1995,7,93.04102805
"4232",53,1995,8,54.367526
"4233",53,1995,9,21.950752193
"4234",53,1995,10,3.9162305
"4235",53,1995,11,0
"4236",53,1995,12,0
"4237",53,1996,1,0
"4238",53,1996,2,0
"4239",53,1996,3,0
"4240",53,1996,4,18.6700523
"4241",53,1996,5,9.0779037
"4242",53,1996,6,65.375173
"4243",53,1996,7,45.01759802
"4244",53,1996,8,103.1254391
"4245",53,1996,9,6.220545
"4246",53,1996,10,2.6716672
"4247",53,1996,11,0
"4248",53,1996,12,4.1415337
"4249",53,1997,1,0
"4250",53,1997,2,0
"4251",53,1997,3,5.1181973
"4252",53,1997,4,5.8908277
"4253",53,1997,5,159.2885123
"4254",53,1997,6,332.37841001
"4255",53,1997,7,65.02806626
"4256",53,1997,8,162.9100866
"4257",53,1997,9,96.16556792
"4258",53,1997,10,90.95679691
"4259",53,1997,11,4.8884748
"4260",53,1997,12,0.042785974
"4261",53,1998,1,0
"4262",53,1998,2,7.95747587
"4263",53,1998,3,0.27543586
"4264",53,1998,4,29.49252849
"4265",53,1998,5,21.868270156
"4266",53,1998,6,28.6891552
"4267",53,1998,7,0
"4268",53,1998,8,0
"4269",53,1998,9,17.2692531
"4270",53,1998,10,0
"4271",53,1998,11,0
"4272",53,1998,12,0
"4273",53,1999,1,0
"4274",53,1999,2,0.16983877
"4275",53,1999,3,6.6441376
"4276",53,1999,4,13.82859642
"4277",53,1999,5,29.2841587
"4278",53,1999,6,61.86288565
"4279",53,1999,7,23.4139169
"4280",53,1999,8,112.9583764801
"4281",53,1999,9,106.6588388
"4282",53,1999,10,16.72574777
"4283",53,1999,11,0
"4284",53,1999,12,0
"4285",53,2000,1,0
"4286",53,2000,2,3.72246935
"4287",53,2000,3,0
"4288",53,2000,4,11.718458544
"4289",53,2000,5,39.45314
"4290",53,2000,6,336.2949148
"4291",53,2000,7,21.2402578
"4292",53,2000,8,7.4722687
"4293",53,2000,9,108.8842726
"4294",53,2000,10,10.5343817
"4295",53,2000,11,7.53335041
"4296",53,2000,12,0
"4297",53,2001,1,0
"4298",53,2001,2,0
"4299",53,2001,3,2.99082051
"4300",53,2001,4,19.026087803
"4301",53,2001,5,63.55366846
"4302",53,2001,6,5.8563335
"4303",53,2001,7,266.5961073
"4304",53,2001,8,75.8293103
"4305",53,2001,9,26.8438531
"4306",53,2001,10,2.1772556
"4307",53,2001,11,0
"4308",53,2001,12,0
"4309",53,2002,1,0
"4310",53,2002,2,0
"4311",53,2002,3,6.18540804
"4312",53,2002,4,6.5523074
"4313",53,2002,5,192.9013094
"4314",53,2002,6,237.003266
"4315",53,2002,7,128.256033
"4316",53,2002,8,109.9300231
"4317",53,2002,9,17.4919223
"4318",53,2002,10,2.21518813
"4319",53,2002,11,0
"4320",53,2002,12,3.2912124
"4321",53,2003,1,7.03295091
"4322",53,2003,2,0
"4323",53,2003,3,0
"4324",53,2003,4,0.10373726
"4325",53,2003,5,81.2985411
"4326",53,2003,6,64.140290721
"4327",53,2003,7,58.10990962
"4328",53,2003,8,14.348122
"4329",53,2003,9,7.1619321
"4330",53,2003,10,0.46579564
"4331",53,2003,11,9.4228283
"4332",53,2003,12,0
"4333",53,2004,1,1.4790343
"4334",53,2004,2,0
"4335",53,2004,3,22.2039084
"4336",53,2004,4,56.244924215
"4337",53,2004,5,17.3658591
"4338",53,2004,6,54.1457119
"4339",53,2004,7,114.025049
"4340",53,2004,8,74.2965083
"4341",53,2004,9,28.9321809
"4342",53,2004,10,0.0091509648
"4343",53,2004,11,18.757619
"4344",53,2004,12,0
"4345",53,2005,1,0
"4346",53,2005,2,0
"4347",53,2005,3,9.7788873
"4348",53,2005,4,2.2142345
"4349",53,2005,5,96.6001558
"4350",53,2005,6,133.658056987
"4351",53,2005,7,51.94903547
"4352",53,2005,8,138.351433907
"4353",53,2005,9,24.3240037
"4354",53,2005,10,21.36610995
"4355",53,2005,11,10.8871057
"4356",53,2005,12,0
"4357",53,2006,1,0
"4358",53,2006,2,0
"4359",53,2006,3,0
"4360",53,2006,4,2.9864016
"4361",53,2006,5,16.455840662
"4362",53,2006,6,81.9072907
"4363",53,2006,7,224.6285657
"4364",53,2006,8,43.92419355
"4365",53,2006,9,5.28737941
"4366",53,2006,10,64.0958762
"4367",53,2006,11,0
"4368",53,2006,12,0
"4369",53,2007,1,0
"4370",53,2007,2,5.7965688
"4371",53,2007,3,11.2343862
"4372",53,2007,4,0
"4373",53,2007,5,12.4571612
"4374",53,2007,6,107.1266075
"4375",53,2007,7,45.5244357
"4376",53,2007,8,44.604176275
"4377",53,2007,9,0
"4378",53,2007,10,0
"4379",53,2007,11,0
"4380",53,2007,12,0
"4381",53,2008,1,0
"4382",53,2008,2,0
"4383",53,2008,3,12.821557
"4384",53,2008,4,22.662326425
"4385",53,2008,5,129.8955208
"4386",53,2008,6,75.5701459
"4387",53,2008,7,91.3997662
"4388",53,2008,8,115.2096546
"4389",53,2008,9,5.6303121826
"4390",53,2008,10,0
"4391",53,2008,11,0
"4392",53,2008,12,0
"4393",53,2009,1,0
"4394",53,2009,2,0
"4395",53,2009,3,0
"4396",53,2009,4,0
"4397",53,2009,5,8.1754718
"4398",53,2009,6,129.64440559
"4399",53,2009,7,16.835634932
"4400",53,2009,8,115.254683193
"4401",53,2009,9,21.328269916
"4402",53,2009,10,0.74621218
"4403",53,2009,11,0
"4404",53,2009,12,0
"4405",53,2010,1,0
"4406",53,2010,2,0
"4407",53,2010,3,0
"4408",53,2010,4,3.0911168
"4409",53,2010,5,47.78927278
"4410",53,2010,6,129.081725964
"4411",53,2010,7,54.67822039
"4412",53,2010,8,10.745743
"4413",53,2010,9,34.6350516
"4414",53,2010,10,17.329116
"4415",53,2010,11,10.631976
"4416",53,2010,12,0
"4417",53,2011,1,0
"4418",53,2011,2,6.468047
"4419",53,2011,3,6.156418
"4420",53,2011,4,7.14642734
"4421",53,2011,5,0
"4422",53,2011,6,118.2344730886
"4423",53,2011,7,62.51688229
"4424",53,2011,8,59.5511532
"4425",53,2011,9,0
"4426",53,2011,10,6.07506504
"4427",53,2011,11,0
"4428",53,2011,12,0
"4429",53,2012,1,0
"4430",53,2012,2,0
"4431",53,2012,3,0
"4432",53,2012,4,8.15855972
"4433",53,2012,5,97.797113
"4434",53,2012,6,112.18711732
"4435",53,2012,7,0
"4436",53,2012,8,74.8246452
"4437",53,2012,9,8.7688297
"4438",53,2012,10,58.9169144
"4439",53,2012,11,4.04520349
"4440",53,2012,12,17.920032
"4441",53,2013,1,0
"4442",53,2013,2,0
"4443",53,2013,3,1.7693771
"4444",53,2013,4,0
"4445",53,2013,5,126.0255657
"4446",53,2013,6,36.846738
"4447",53,2013,7,25.503361584
"4448",53,2013,8,28.6240989
"4449",53,2013,9,0.0035141103
"4450",53,2013,10,0
"4451",53,2013,11,0
"4452",53,2013,12,0
"4453",53,2014,1,0
"4454",53,2014,2,4.3495843
"4455",53,2014,3,0.029779997
"4456",53,2014,4,0
"4457",53,2014,5,22.4715015638
"4458",53,2014,6,128.7719711
"4459",53,2014,7,46.2820352
"4460",53,2014,8,59.5153983
"4461",53,2014,9,56.12662389
"4462",53,2014,10,0
"4463",53,2014,11,7.0447588
"4464",53,2014,12,0
"4465",53,2015,1,0
"4466",53,2015,2,1.1082965
"4467",53,2015,3,5.0733422
"4468",53,2015,4,0
"4469",53,2015,5,0
"4470",53,2015,6,0
"4471",53,2015,7,76.2081574
"4472",53,2015,8,153.53188321
"4473",53,2015,9,62.1777628
"4474",53,2015,10,68.1861966
"4475",53,2015,11,12.0431521
"4476",53,2015,12,0
"4477",53,2016,1,3.9459291093
"4478",53,2016,2,0
"4479",53,2016,3,0
"4480",53,2016,4,104.0263721292
"4481",53,2016,5,28.8826381
"4482",53,2016,6,57.8098602805
"4483",53,2016,7,123.2434988
"4484",53,2016,8,0
"4485",53,2016,9,0
"4486",53,2016,10,35.0828811
"4487",53,2016,11,0
"4488",53,2016,12,24.614521
"4489",53,2017,1,0
"4490",53,2017,2,1.1821004
"4491",53,2017,3,0
"4492",53,2017,4,0
"4493",53,2017,5,140.7478771
"4494",53,2017,6,117.16624796
"4495",53,2017,7,40.833447055
"4496",53,2017,8,65.5679373
"4497",53,2017,9,13.491784
"4498",53,2017,10,36.172759
"4499",53,2017,11,4.8333658
"4500",53,2017,12,0
"4501",53,2018,1,0
"4502",53,2018,2,0
"4503",53,2018,3,0.72328101
"4504",53,2018,4,0.015477985
"4505",53,2018,5,41.75704
"4506",53,2018,6,75.546752167
"4507",53,2018,7,86.1893564
"4508",53,2018,8,18.71590447
"4509",53,2018,9,25.5353431976
"4510",53,2018,10,3.062194517
"4511",53,2018,11,0.44016332
"4512",53,2018,12,0
"4513",53,2019,1,0.0032503337
"4514",53,2019,2,0
"4515",53,2019,3,4.79194288
"4516",53,2019,4,14.2681584
"4517",53,2019,5,21.558366579
"4518",53,2019,6,70.21930433
"4519",53,2019,7,16.6899814
"4520",53,2019,8,0
"4521",53,2019,9,3.3331531
"4522",53,2019,10,5.987569
"4523",53,2019,11,0
"4524",53,2019,12,0
"4525",53,2020,1,0
"4526",53,2020,2,0
"4527",53,2020,3,0
"4528",53,2020,4,7.042718379
"4529",53,2020,5,0
"4530",53,2020,6,0
"4531",53,2020,7,0
"4532",53,2020,8,0
"4533",53,2020,9,0
"4534",53,2020,10,0
"4535",53,2020,11,0
"4536",53,2020,12,0
"4537",54,1979,1,1.19530558200411
"4538",54,1979,2,2.79770788584607
"4539",54,1979,3,0.0131474547024231
"4540",54,1979,4,9.87167005366923
"4541",54,1979,5,17.4123019449483
"4542",54,1979,6,0
"4543",54,1979,7,98.4593905158577
"4544",54,1979,8,67.0083642883838
"4545",54,1979,9,15.6078124197534
"4546",54,1979,10,2.70074511547308
"4547",54,1979,11,15.3104756792277
"4548",54,1979,12,22.1990686599463
"4549",54,1980,1,14.0568398881073
"4550",54,1980,2,17.106386550267
"4551",54,1980,3,0.136275134090769
"4552",54,1980,4,172.184361404605
"4553",54,1980,5,110.725908457927
"4554",54,1980,6,53.1559664433792
"4555",54,1980,7,107.49318184759
"4556",54,1980,8,11.8015964748209
"4557",54,1980,9,42.1670319566302
"4558",54,1980,10,6.50198184520192
"4559",54,1980,11,5.31464439939231
"4560",54,1980,12,5.69460799125423
"4561",54,1981,1,2.10879217363054
"4562",54,1981,2,13.3054714381622
"4563",54,1981,3,1.23045972270654
"4564",54,1981,4,4.17210892826823
"4565",54,1981,5,143.904212799397
"4566",54,1981,6,13.1787884556514
"4567",54,1981,7,21.3695164620333
"4568",54,1981,8,40.0248867365762
"4569",54,1981,9,7.76793235124885
"4570",54,1981,10,1.03431015712692
"4571",54,1981,11,1.43454234447058
"4572",54,1981,12,1.81236869665846
"4573",54,1982,1,2.12379437848273
"4574",54,1982,2,0.9842029026632
"4575",54,1982,3,15.6596820858308
"4576",54,1982,4,0.0256179442699808
"4577",54,1982,5,137.1344754376
"4578",54,1982,6,430.912652640412
"4579",54,1982,7,156.28949938452
"4580",54,1982,8,124.2185229877
"4581",54,1982,9,110.143094691162
"4582",54,1982,10,19.0324433805883
"4583",54,1982,11,1.08345157453077
"4584",54,1982,12,0.337825372445081
"4585",54,1983,1,20.0652607399015
"4586",54,1983,2,3.69516807616027
"4587",54,1983,3,0.706483438664231
"4588",54,1983,4,14.26140949335
"4589",54,1983,5,44.4284454414815
"4590",54,1983,6,85.9423611790972
"4591",54,1983,7,170.705529551538
"4592",54,1983,8,84.8400253579738
"4593",54,1983,9,17.9017681010984
"4594",54,1983,10,1.22879138095577
"4595",54,1983,11,0.173277086722692
"4596",54,1983,12,0
"4597",54,1984,1,7.73465938922192
"4598",54,1984,2,0.152882099378217
"4599",54,1984,3,17.9912727879312
"4600",54,1984,4,5.53711162013923
"4601",54,1984,5,69.2059025006281
"4602",54,1984,6,67.8998543442483
"4603",54,1984,7,444.033616509155
"4604",54,1984,8,31.2219122955758
"4605",54,1984,9,69.1055573405513
"4606",54,1984,10,11.561940394876
"4607",54,1984,11,13.7719291287531
"4608",54,1984,12,0.111742443526923
"4609",54,1985,1,13.5104222965852
"4610",54,1985,2,0.507520240639231
"4611",54,1985,3,15.1069307019538
"4612",54,1985,4,3.88124685944615
"4613",54,1985,5,20.1804601596415
"4614",54,1985,6,16.4495498433119
"4615",54,1985,7,66.1673071557496
"4616",54,1985,8,0.435953302227692
"4617",54,1985,9,27.2489870214288
"4618",54,1985,10,29.9224815111247
"4619",54,1985,11,2.25921098192692
"4620",54,1985,12,0.288246543733846
"4621",54,1986,1,0.230829936705385
"4622",54,1986,2,10.9820622990571
"4623",54,1986,3,0.000918978738846154
"4624",54,1986,4,23.6965885071892
"4625",54,1986,5,201.3154778723
"4626",54,1986,6,235.689263976313
"4627",54,1986,7,4.26717858209308
"4628",54,1986,8,67.14968212003
"4629",54,1986,9,7.79754589850654
"4630",54,1986,10,9.25149727783792
"4631",54,1986,11,4.45399544794462
"4632",54,1986,12,0.681682352193442
"4633",54,1987,1,2.08537103629546
"4634",54,1987,2,11.5041677803142
"4635",54,1987,3,15.8259917765929
"4636",54,1987,4,10.3061675666997
"4637",54,1987,5,63.1266508694107
"4638",54,1987,6,48.9421014707924
"4639",54,1987,7,432.147581655322
"4640",54,1987,8,251.867142191712
"4641",54,1987,9,14.1358347243849
"4642",54,1987,10,26.4346757599577
"4643",54,1987,11,0.219216168728077
"4644",54,1987,12,2.34627910947873
"4645",54,1988,1,0.114094301901962
"4646",54,1988,2,3.30080623836042
"4647",54,1988,3,2.44934856414154
"4648",54,1988,4,2.68156406483962
"4649",54,1988,5,7.66172111248692
"4650",54,1988,6,6.78325960553731
"4651",54,1988,7,54.6123220573018
"4652",54,1988,8,66.3679587962713
"4653",54,1988,9,16.3871673754117
"4654",54,1988,10,0.102611106384615
"4655",54,1988,11,13.3272664159981
"4656",54,1988,12,11.6697716349369
"4657",54,1989,1,7.65613586162038
"4658",54,1989,2,0.367357177849231
"4659",54,1989,3,0.654958424838462
"4660",54,1989,4,9.97940355773846
"4661",54,1989,5,37.6934050713462
"4662",54,1989,6,17.5260780614481
"4663",54,1989,7,111.326100928287
"4664",54,1989,8,149.236330673353
"4665",54,1989,9,43.6294083668869
"4666",54,1989,10,7.86420686923077e-05
"4667",54,1989,11,0.405355123311538
"4668",54,1989,12,0.994560034551192
"4669",54,1990,1,1.75840139893073
"4670",54,1990,2,2.61018023403015
"4671",54,1990,3,17.0427433527423
"4672",54,1990,4,7.13019738841654
"4673",54,1990,5,14.3782272109692
"4674",54,1990,6,33.1633483863031
"4675",54,1990,7,32.7902549584704
"4676",54,1990,8,46.7257334342308
"4677",54,1990,9,55.6898161638423
"4678",54,1990,10,9.89847961978918
"4679",54,1990,11,0.00798105428848462
"4680",54,1990,12,4.37623153998719
"4681",54,1991,1,1.82860994736931
"4682",54,1991,2,0.488667072014462
"4683",54,1991,3,0.150520466006269
"4684",54,1991,4,52.8893523400235
"4685",54,1991,5,128.528701055956
"4686",54,1991,6,127.906510492451
"4687",54,1991,7,150.248508313115
"4688",54,1991,8,8.32397936313192
"4689",54,1991,9,73.7961966084062
"4690",54,1991,10,13.5376133144814
"4691",54,1991,11,1.95313719583154
"4692",54,1991,12,18.8859490160427
"4693",54,1992,1,1.00335607582603
"4694",54,1992,2,3.87864550399154
"4695",54,1992,3,10.8688551592477
"4696",54,1992,4,61.1983725517485
"4697",54,1992,5,112.358366960075
"4698",54,1992,6,184.59506554728
"4699",54,1992,7,21.3961479811292
"4700",54,1992,8,65.4359218263673
"4701",54,1992,9,23.9939694073443
"4702",54,1992,10,0.0529002477307692
"4703",54,1992,11,16.0274215060663
"4704",54,1992,12,0.0530062741876577
"4705",54,1993,1,6.65810761125685
"4706",54,1993,2,6.70677034833142
"4707",54,1993,3,3.03030350384615e-05
"4708",54,1993,4,61.547812126329
"4709",54,1993,5,159.849968329049
"4710",54,1993,6,52.776621862025
"4711",54,1993,7,47.7741602538408
"4712",54,1993,8,19.3461139497315
"4713",54,1993,9,13.4238005926396
"4714",54,1993,10,6.38827742955319
"4715",54,1993,11,2.43496044885842
"4716",54,1993,12,1.75873403230462
"4717",54,1994,1,0.414667241885615
"4718",54,1994,2,4.07070410793864
"4719",54,1994,3,0.993557849153846
"4720",54,1994,4,33.4806763471142
"4721",54,1994,5,39.1299283321037
"4722",54,1994,6,31.2473296561006
"4723",54,1994,7,118.699265608288
"4724",54,1994,8,8.07987178016154
"4725",54,1994,9,11.7545303894269
"4726",54,1994,10,7.37007569282462
"4727",54,1994,11,1.21457150146154
"4728",54,1994,12,0.381066098738462
"4729",54,1995,1,20.3357475273432
"4730",54,1995,2,2.4239995304455
"4731",54,1995,3,0.508692360965385
"4732",54,1995,4,33.5105030175488
"4733",54,1995,5,4.53427232192692
"4734",54,1995,6,72.7275446277961
"4735",54,1995,7,54.4074851979708
"4736",54,1995,8,41.8028123967578
"4737",54,1995,9,19.2572520078562
"4738",54,1995,10,2.60677629049333
"4739",54,1995,11,1.56297913951177
"4740",54,1995,12,4.935855328558
"4741",54,1996,1,4.47201248015077
"4742",54,1996,2,0.237174890291154
"4743",54,1996,3,0.0212207864269231
"4744",54,1996,4,26.0603726892862
"4745",54,1996,5,2.82789477051288
"4746",54,1996,6,31.0701886932546
"4747",54,1996,7,17.3837153907599
"4748",54,1996,8,71.1409063619683
"4749",54,1996,9,5.48953428560254
"4750",54,1996,10,5.05949771663846
"4751",54,1996,11,0.244878270150477
"4752",54,1996,12,8.03115712799115
"4753",54,1997,1,3.20165354179969
"4754",54,1997,2,0.608233676329838
"4755",54,1997,3,5.11785922565577
"4756",54,1997,4,1.97901557750385
"4757",54,1997,5,102.478547329854
"4758",54,1997,6,413.483024882135
"4759",54,1997,7,40.3975190933142
"4760",54,1997,8,163.019792466492
"4761",54,1997,9,89.8314445438919
"4762",54,1997,10,54.9122056974957
"4763",54,1997,11,6.38934728532346
"4764",54,1997,12,5.99438328297669
"4765",54,1998,1,0.00167411128153846
"4766",54,1998,2,21.6620661485797
"4767",54,1998,3,8.47006358406581
"4768",54,1998,4,57.9155179938037
"4769",54,1998,5,19.6951716892281
"4770",54,1998,6,25.8546480460181
"4771",54,1998,7,0.127428280831154
"4772",54,1998,8,0.860855959871769
"4773",54,1998,9,28.5365013830454
"4774",54,1998,10,0
"4775",54,1998,11,0.000571308681538461
"4776",54,1998,12,1.71911106398885
"4777",54,1999,1,10.5586272625845
"4778",54,1999,2,0.0100734725215385
"4779",54,1999,3,16.9053140414615
"4780",54,1999,4,10.1888831043846
"4781",54,1999,5,26.2012772461538
"4782",54,1999,6,40.3812624448042
"4783",54,1999,7,10.2809556719588
"4784",54,1999,8,97.1795815459819
"4785",54,1999,9,101.830022540173
"4786",54,1999,10,20.2173787466666
"4787",54,1999,11,0.132268663408423
"4788",54,1999,12,1.27807535554088
"4789",54,2000,1,0.401247753166538
"4790",54,2000,2,5.96374347224293
"4791",54,2000,3,0.000464617278461538
"4792",54,2000,4,16.1714370908073
"4793",54,2000,5,26.7705016931765
"4794",54,2000,6,315.152717414821
"4795",54,2000,7,29.0693604288146
"4796",54,2000,8,10.6791840228338
"4797",54,2000,9,79.0859934443238
"4798",54,2000,10,9.25105554102231
"4799",54,2000,11,20.3868672756222
"4800",54,2000,12,0.164872619687462
"4801",54,2001,1,0.543145846698692
"4802",54,2001,2,0.0597342699115385
"4803",54,2001,3,16.2111215364077
"4804",54,2001,4,20.1264318746293
"4805",54,2001,5,58.0113455995944
"4806",54,2001,6,1.57043243435785
"4807",54,2001,7,258.062450829712
"4808",54,2001,8,98.3882819383293
"4809",54,2001,9,8.60647290946041
"4810",54,2001,10,5.82928090552058
"4811",54,2001,11,0.352003316453846
"4812",54,2001,12,2.30592532999542
"4813",54,2002,1,8.59460739184746
"4814",54,2002,2,0.954539956882377
"4815",54,2002,3,5.07841666880769
"4816",54,2002,4,6.68999497113823
"4817",54,2002,5,157.589386349351
"4818",54,2002,6,178.752836509477
"4819",54,2002,7,115.049311561452
"4820",54,2002,8,115.38463385757
"4821",54,2002,9,27.6987350552956
"4822",54,2002,10,6.02895198317319
"4823",54,2002,11,1.62645339574088
"4824",54,2002,12,6.79924441746592
"4825",54,2003,1,15.2542271250648
"4826",54,2003,2,0.475371124842308
"4827",54,2003,3,2.32301598476394
"4828",54,2003,4,0.761492671970385
"4829",54,2003,5,85.4321575114912
"4830",54,2003,6,76.9091316125419
"4831",54,2003,7,54.0460970765865
"4832",54,2003,8,6.37654269297173
"4833",54,2003,9,20.5172339540267
"4834",54,2003,10,0.0331399611538462
"4835",54,2003,11,22.9099145133217
"4836",54,2003,12,0.484760687191538
"4837",54,2004,1,7.46792575464269
"4838",54,2004,2,6.84648343972762
"4839",54,2004,3,14.6732617883619
"4840",54,2004,4,35.5897665271244
"4841",54,2004,5,9.26009426730769
"4842",54,2004,6,38.6820315432385
"4843",54,2004,7,62.4257522437556
"4844",54,2004,8,58.1447077731569
"4845",54,2004,9,36.8222324333313
"4846",54,2004,10,14.1747054535285
"4847",54,2004,11,43.3744019076035
"4848",54,2004,12,0.169577441218462
"4849",54,2005,1,16.1808780144105
"4850",54,2005,2,0.622400453295
"4851",54,2005,3,31.7442176608835
"4852",54,2005,4,11.8685454178542
"4853",54,2005,5,72.4275103095727
"4854",54,2005,6,219.02861457502
"4855",54,2005,7,23.4505296533056
"4856",54,2005,8,203.991702264709
"4857",54,2005,9,26.5249734360112
"4858",54,2005,10,10.5875470355852
"4859",54,2005,11,7.51035713743781
"4860",54,2005,12,0.0746195023738462
"4861",54,2006,1,8.07064006414062
"4862",54,2006,2,10.9869681855142
"4863",54,2006,3,0.109206718545923
"4864",54,2006,4,4.24417953684615
"4865",54,2006,5,7.13261769078077
"4866",54,2006,6,71.460651560165
"4867",54,2006,7,308.3162787205
"4868",54,2006,8,36.8168030750762
"4869",54,2006,9,3.18882713403127
"4870",54,2006,10,64.4466056759464
"4871",54,2006,11,0.314990555453077
"4872",54,2006,12,0.216730217341154
"4873",54,2007,1,3.01360898161247
"4874",54,2007,2,10.9582605535558
"4875",54,2007,3,20.6183876815769
"4876",54,2007,4,4.75062142512154
"4877",54,2007,5,13.8430686040231
"4878",54,2007,6,134.271601554692
"4879",54,2007,7,79.0870999480765
"4880",54,2007,8,26.7100973198638
"4881",54,2007,9,0.0340728980423077
"4882",54,2007,10,0.57986280327
"4883",54,2007,11,5.02381131893577
"4884",54,2007,12,11.7714937292819
"4885",54,2008,1,3.93218481477177
"4886",54,2008,2,6.84102423940028
"4887",54,2008,3,13.3309514723353
"4888",54,2008,4,12.8701311185796
"4889",54,2008,5,185.437517846389
"4890",54,2008,6,99.5010952115769
"4891",54,2008,7,49.0175003705043
"4892",54,2008,8,144.580753534853
"4893",54,2008,9,3.76718105683812
"4894",54,2008,10,0.00938822692307692
"4895",54,2008,11,0
"4896",54,2008,12,1.0334838169879
"4897",54,2009,1,16.1712886222777
"4898",54,2009,2,7.43579606585659
"4899",54,2009,3,2.42357452557115
"4900",54,2009,4,5.6939409e-05
"4901",54,2009,5,15.0237601588148
"4902",54,2009,6,103.07503327148
"4903",54,2009,7,22.3043923076077
"4904",54,2009,8,114.390198133409
"4905",54,2009,9,78.6730134218781
"4906",54,2009,10,4.04075035113808
"4907",54,2009,11,5.42097067715769
"4908",54,2009,12,0.0262961957080769
"4909",54,2010,1,3.14405052207308
"4910",54,2010,2,1.59234202542518
"4911",54,2010,3,0.0183457531016923
"4912",54,2010,4,1.92312473819231
"4913",54,2010,5,36.9373198923538
"4914",54,2010,6,90.2845434541733
"4915",54,2010,7,31.0267182462305
"4916",54,2010,8,7.51137213236923
"4917",54,2010,9,15.7852224063433
"4918",54,2010,10,11.2843414082538
"4919",54,2010,11,28.5890546853078
"4920",54,2010,12,3.22520654098335
"4921",54,2011,1,8.06988183640748
"4922",54,2011,2,14.3028258361093
"4923",54,2011,3,2.14993306601827
"4924",54,2011,4,1.43946314204038
"4925",54,2011,5,0.531093442961538
"4926",54,2011,6,83.3312340903758
"4927",54,2011,7,53.5410663931462
"4928",54,2011,8,60.8301283437519
"4929",54,2011,9,3.96858871917604
"4930",54,2011,10,5.830211669595
"4931",54,2011,11,2.53822293595038
"4932",54,2011,12,0.918987592248962
"4933",54,2012,1,16.2464639675327
"4934",54,2012,2,1.95899112757962
"4935",54,2012,3,5.44118419923077
"4936",54,2012,4,21.5424842723515
"4937",54,2012,5,75.64308691647
"4938",54,2012,6,86.3509539503115
"4939",54,2012,7,8.47277126233031
"4940",54,2012,8,41.7273894945901
"4941",54,2012,9,2.45583848371362
"4942",54,2012,10,25.410879435182
"4943",54,2012,11,1.68128313174615
"4944",54,2012,12,19.8217694853589
"4945",54,2013,1,19.4937632605764
"4946",54,2013,2,6.65701474970277
"4947",54,2013,3,1.64287308788462
"4948",54,2013,4,2.08276597216454
"4949",54,2013,5,122.032463323692
"4950",54,2013,6,42.0746815719404
"4951",54,2013,7,14.4944528590692
"4952",54,2013,8,39.8696451489385
"4953",54,2013,9,19.8666779186543
"4954",54,2013,10,1.89906930344615
"4955",54,2013,11,5.40410315944808
"4956",54,2013,12,1.89458707940031
"4957",54,2014,1,5.18079371189462
"4958",54,2014,2,15.2258681023462
"4959",54,2014,3,4.84164473671577
"4960",54,2014,4,5.72473600509923
"4961",54,2014,5,25.5167217877654
"4962",54,2014,6,89.2288806038425
"4963",54,2014,7,29.8044387449701
"4964",54,2014,8,30.1947697921654
"4965",54,2014,9,28.1163458665425
"4966",54,2014,10,3.42714732564846
"4967",54,2014,11,6.28469449929769
"4968",54,2014,12,2.42924173284462
"4969",54,2015,1,0.116419510219769
"4970",54,2015,2,5.47675089947917
"4971",54,2015,3,5.49034274707177
"4972",54,2015,4,0
"4973",54,2015,5,0
"4974",54,2015,6,0
"4975",54,2015,7,82.1488576944879
"4976",54,2015,8,154.097752765522
"4977",54,2015,9,49.1240939628937
"4978",54,2015,10,56.3352200770094
"4979",54,2015,11,7.58435795764846
"4980",54,2015,12,0.446365726200385
"4981",54,2016,1,4.72076204583592
"4982",54,2016,2,0.525730530565769
"4983",54,2016,3,0.171817924250769
"4984",54,2016,4,160.142325524817
"4985",54,2016,5,57.4741869359871
"4986",54,2016,6,101.178133919154
"4987",54,2016,7,85.0860263478119
"4988",54,2016,8,5.82975397500769
"4989",54,2016,9,0.117058808138846
"4990",54,2016,10,33.1293370184048
"4991",54,2016,11,5.99442198303115
"4992",54,2016,12,32.6382904298868
"4993",54,2017,1,0.708983840874346
"4994",54,2017,2,9.91344937013319
"4995",54,2017,3,0.286119397360385
"4996",54,2017,4,12.5659826285038
"4997",54,2017,5,96.0795415336917
"4998",54,2017,6,72.0741329354181
"4999",54,2017,7,23.4952652240262
"5000",54,2017,8,27.1403477089725
"5001",54,2017,9,19.8805729587592
"5002",54,2017,10,22.8648213463415
"5003",54,2017,11,1.94094143022663
"5004",54,2017,12,0.116631154969231
"5005",54,2018,1,9.63672027207396
"5006",54,2018,2,1.87507663774459
"5007",54,2018,3,0.0681276708368461
"5008",54,2018,4,1.21704235550538
"5009",54,2018,5,23.5678037488923
"5010",54,2018,6,54.9605333389504
"5011",54,2018,7,58.1284406988119
"5012",54,2018,8,16.5793182098962
"5013",54,2018,9,39.7689697368431
"5014",54,2018,10,15.9987068143104
"5015",54,2018,11,2.49892580890569
"5016",54,2018,12,3.74600220728423
"5017",54,2019,1,1.99753354872077
"5018",54,2019,2,1.77190607544115
"5019",54,2019,3,1.95268596373077
"5020",54,2019,4,4.5229793595
"5021",54,2019,5,29.2673686628246
"5022",54,2019,6,45.448301157536
"5023",54,2019,7,6.51657809319181
"5024",54,2019,8,2.08917597915385
"5025",54,2019,9,3.34986100136608
"5026",54,2019,10,4.52917351270127
"5027",54,2019,11,0.138769555692308
"5028",54,2019,12,0.146608011085385
"5029",54,2020,1,5.48875214323612
"5030",54,2020,2,0.00567151416588462
"5031",54,2020,3,0.000547727246153846
"5032",54,2020,4,6.27055515224951
"5033",54,2020,5,0
"5034",54,2020,6,0
"5035",54,2020,7,0
"5036",54,2020,8,0
"5037",54,2020,9,0
"5038",54,2020,10,0
"5039",54,2020,11,0
"5040",54,2020,12,0
"5041",57,1979,1,3.4839388084343
"5042",57,1979,2,5.22518478397274
"5043",57,1979,3,0
"5044",57,1979,4,13.6549042080883
"5045",57,1979,5,48.8434745600783
"5046",57,1979,6,1.49633509576207
"5047",57,1979,7,162.662199219831
"5048",57,1979,8,147.072767187528
"5049",57,1979,9,76.1532038816087
"5050",57,1979,10,16.2810888211191
"5051",57,1979,11,52.1959240985603
"5052",57,1979,12,62.9179907596055
"5053",57,1980,1,7.02122960355709
"5054",57,1980,2,23.3863712514413
"5055",57,1980,3,0.010402106066087
"5056",57,1980,4,227.284330732817
"5057",57,1980,5,188.711193217764
"5058",57,1980,6,121.910319492553
"5059",57,1980,7,148.223008277529
"5060",57,1980,8,21.3308240858858
"5061",57,1980,9,68.7198902461837
"5062",57,1980,10,12.7933147292696
"5063",57,1980,11,11.9072636740543
"5064",57,1980,12,11.6444463980594
"5065",57,1981,1,3.84384908717339
"5066",57,1981,2,11.7989989011845
"5067",57,1981,3,2.12806998191826
"5068",57,1981,4,23.675636220796
"5069",57,1981,5,251.622164387442
"5070",57,1981,6,31.5611108914984
"5071",57,1981,7,54.6202048187587
"5072",57,1981,8,92.086881357316
"5073",57,1981,9,39.1824010989571
"5074",57,1981,10,7.81502518743953
"5075",57,1981,11,6.61582004286217
"5076",57,1981,12,1.60534808375099
"5077",57,1982,1,1.2396033441134
"5078",57,1982,2,1.05804578967547
"5079",57,1982,3,26.2726376200378
"5080",57,1982,4,7.5364098591537
"5081",57,1982,5,186.844731384164
"5082",57,1982,6,557.202729115569
"5083",57,1982,7,246.671039755983
"5084",57,1982,8,171.280092269084
"5085",57,1982,9,220.860527632836
"5086",57,1982,10,64.9764146437566
"5087",57,1982,11,7.62672894513696
"5088",57,1982,12,5.71040678974627
"5089",57,1983,1,22.1829607827084
"5090",57,1983,2,8.57930572285444
"5091",57,1983,3,1.46183578722174
"5092",57,1983,4,31.084139976738
"5093",57,1983,5,73.0272450080208
"5094",57,1983,6,137.610561377897
"5095",57,1983,7,196.701771787268
"5096",57,1983,8,102.069245665378
"5097",57,1983,9,50.1365381440397
"5098",57,1983,10,10.3938639018991
"5099",57,1983,11,0.20129688105087
"5100",57,1983,12,0.0151627694361304
"5101",57,1984,1,6.82133817997872
"5102",57,1984,2,0.192793964219823
"5103",57,1984,3,27.7828437485833
"5104",57,1984,4,27.6940808319114
"5105",57,1984,5,154.554664258347
"5106",57,1984,6,117.655429380436
"5107",57,1984,7,451.849570547035
"5108",57,1984,8,65.7077596156457
"5109",57,1984,9,118.695956171887
"5110",57,1984,10,39.5699067016667
"5111",57,1984,11,27.9561806814409
"5112",57,1984,12,0.379046399240435
"5113",57,1985,1,15.3204129264408
"5114",57,1985,2,0.394074871113913
"5115",57,1985,3,15.5961002864883
"5116",57,1985,4,16.8119876148335
"5117",57,1985,5,52.048718662838
"5118",57,1985,6,43.3641963398745
"5119",57,1985,7,109.137164611266
"5120",57,1985,8,6.02465840155109
"5121",57,1985,9,71.5527822093888
"5122",57,1985,10,70.3909143396216
"5123",57,1985,11,12.4736442155574
"5124",57,1985,12,0.852467058533239
"5125",57,1986,1,1.18136159404
"5126",57,1986,2,13.751263838673
"5127",57,1986,3,0.534141308049565
"5128",57,1986,4,54.6873971091928
"5129",57,1986,5,248.31950156853
"5130",57,1986,6,342.440525648236
"5131",57,1986,7,10.4992198088913
"5132",57,1986,8,128.513862342054
"5133",57,1986,9,23.7310226620381
"5134",57,1986,10,30.9324415840038
"5135",57,1986,11,14.0866826013226
"5136",57,1986,12,3.22409312243373
"5137",57,1987,1,0.932095107118522
"5138",57,1987,2,11.7533574056987
"5139",57,1987,3,20.5624164783509
"5140",57,1987,4,21.7563301810507
"5141",57,1987,5,90.4605890922407
"5142",57,1987,6,66.6904954790013
"5143",57,1987,7,499.434861377158
"5144",57,1987,8,314.331380977948
"5145",57,1987,9,53.1188780933094
"5146",57,1987,10,57.41266781287
"5147",57,1987,11,0.595265841083043
"5148",57,1987,12,9.88619161902826
"5149",57,1988,1,0.447214404708765
"5150",57,1988,2,1.41336439564445
"5151",57,1988,3,8.11862102325075
"5152",57,1988,4,8.47538759640739
"5153",57,1988,5,13.5752887239021
"5154",57,1988,6,20.0926304212339
"5155",57,1988,7,95.0159232250105
"5156",57,1988,8,125.966891639683
"5157",57,1988,9,30.2089841249462
"5158",57,1988,10,6.10644664644783
"5159",57,1988,11,17.7161032393204
"5160",57,1988,12,7.54788648000513
"5161",57,1989,1,8.3870847139413
"5162",57,1989,2,0.0409862784516087
"5163",57,1989,3,0.531665582463187
"5164",57,1989,4,20.6517194908539
"5165",57,1989,5,40.7407551945787
"5166",57,1989,6,50.8986252769619
"5167",57,1989,7,144.983634430352
"5168",57,1989,8,225.501503044771
"5169",57,1989,9,72.8817126908476
"5170",57,1989,10,7.77973724551826
"5171",57,1989,11,2.78934609109974
"5172",57,1989,12,5.5885395530385
"5173",57,1990,1,7.68896120636261
"5174",57,1990,2,3.36312349669197
"5175",57,1990,3,35.5178398828555
"5176",57,1990,4,22.1105177022913
"5177",57,1990,5,38.0579990808402
"5178",57,1990,6,37.6135193531755
"5179",57,1990,7,48.6003248907679
"5180",57,1990,8,84.9902534552822
"5181",57,1990,9,93.6635744938828
"5182",57,1990,10,24.8584637823489
"5183",57,1990,11,7.59499666875913
"5184",57,1990,12,20.9662664606565
"5185",57,1991,1,4.60526407041222
"5186",57,1991,2,1.81181000186663
"5187",57,1991,3,0.159681586940435
"5188",57,1991,4,72.258334629747
"5189",57,1991,5,203.013488245839
"5190",57,1991,6,152.259344195378
"5191",57,1991,7,219.5286580711
"5192",57,1991,8,12.8773026437639
"5193",57,1991,9,117.142365132458
"5194",57,1991,10,35.3345012008553
"5195",57,1991,11,11.1068048821222
"5196",57,1991,12,55.3894850295276
"5197",57,1992,1,0.391194971178109
"5198",57,1992,2,10.6725237980161
"5199",57,1992,3,7.50428366755
"5200",57,1992,4,99.8946414185852
"5201",57,1992,5,205.297817391036
"5202",57,1992,6,218.36253887022
"5203",57,1992,7,43.7291133761765
"5204",57,1992,8,87.8413800877257
"5205",57,1992,9,49.6660919311043
"5206",57,1992,10,8.5818728072613
"5207",57,1992,11,26.5255293301567
"5208",57,1992,12,0.668757854369956
"5209",57,1993,1,12.260752957756
"5210",57,1993,2,7.22744933382809
"5211",57,1993,3,0
"5212",57,1993,4,103.507717555453
"5213",57,1993,5,210.077413655256
"5214",57,1993,6,122.471279154875
"5215",57,1993,7,80.602202052379
"5216",57,1993,8,29.3805270849643
"5217",57,1993,9,32.9919807311409
"5218",57,1993,10,23.8308387603411
"5219",57,1993,11,12.9147710520122
"5220",57,1993,12,12.2268401845667
"5221",57,1994,1,0.497924048768087
"5222",57,1994,2,4.01558178912733
"5223",57,1994,3,5.45456435592878
"5224",57,1994,4,63.4142202058606
"5225",57,1994,5,71.6682155150478
"5226",57,1994,6,67.6847753206244
"5227",57,1994,7,195.005627116476
"5228",57,1994,8,14.2280054438727
"5229",57,1994,9,42.7432830156343
"5230",57,1994,10,23.4713283819635
"5231",57,1994,11,5.18981233553913
"5232",57,1994,12,11.2803384510586
"5233",57,1995,1,10.1125437867373
"5234",57,1995,2,7.43552666653465
"5235",57,1995,3,0.183328771921739
"5236",57,1995,4,57.136199224217
"5237",57,1995,5,16.087640512064
"5238",57,1995,6,153.903777835885
"5239",57,1995,7,119.730122064964
"5240",57,1995,8,68.5076893036684
"5241",57,1995,9,35.1310718706043
"5242",57,1995,10,14.8141356774825
"5243",57,1995,11,3.52169736143696
"5244",57,1995,12,7.88155237486204
"5245",57,1996,1,7.56190694662422
"5246",57,1996,2,0.181389755159517
"5247",57,1996,3,0.130759192391304
"5248",57,1996,4,39.5365467212065
"5249",57,1996,5,9.19117026326657
"5250",57,1996,6,46.2177377374541
"5251",57,1996,7,20.8467758980777
"5252",57,1996,8,100.637212481231
"5253",57,1996,9,10.6783350335304
"5254",57,1996,10,16.541978032073
"5255",57,1996,11,1.23409417974626
"5256",57,1996,12,13.3405990733343
"5257",57,1997,1,6.45475033464087
"5258",57,1997,2,3.90333892545691
"5259",57,1997,3,9.75400035782426
"5260",57,1997,4,12.6615143883261
"5261",57,1997,5,146.627446534578
"5262",57,1997,6,443.212441314536
"5263",57,1997,7,65.8225495293406
"5264",57,1997,8,175.752598608633
"5265",57,1997,9,175.051844249454
"5266",57,1997,10,89.3645917176234
"5267",57,1997,11,22.7593817861552
"5268",57,1997,12,14.7598396063609
"5269",57,1998,1,0.0106741931723478
"5270",57,1998,2,28.662361689486
"5271",57,1998,3,8.83861556809239
"5272",57,1998,4,78.6692643868062
"5273",57,1998,5,43.3108409176454
"5274",57,1998,6,40.3690249789488
"5275",57,1998,7,0.167530345863713
"5276",57,1998,8,2.02961760298913
"5277",57,1998,9,48.1991815833087
"5278",57,1998,10,0.000540166773913043
"5279",57,1998,11,0.399238527048261
"5280",57,1998,12,7.18725538673695
"5281",57,1999,1,12.3808732641528
"5282",57,1999,2,1.0648461341753
"5283",57,1999,3,17.2413182604057
"5284",57,1999,4,17.9006642629129
"5285",57,1999,5,31.8073885915652
"5286",57,1999,6,87.4394920636361
"5287",57,1999,7,33.5988812433912
"5288",57,1999,8,132.492259699519
"5289",57,1999,9,152.354456658605
"5290",57,1999,10,32.8986430347668
"5291",57,1999,11,1.56826442724217
"5292",57,1999,12,5.1918973128543
"5293",57,2000,1,0.219398814745913
"5294",57,2000,2,22.1108624610856
"5295",57,2000,3,0.162176579973913
"5296",57,2000,4,22.8499176397496
"5297",57,2000,5,33.7468145268941
"5298",57,2000,6,482.40188237189
"5299",57,2000,7,51.4548923918919
"5300",57,2000,8,26.6527985513636
"5301",57,2000,9,145.188993762145
"5302",57,2000,10,13.581649829062
"5303",57,2000,11,49.5894630476296
"5304",57,2000,12,0.565637569688843
"5305",57,2001,1,3.43397106530136
"5306",57,2001,2,0.00437066246565217
"5307",57,2001,3,24.8732003373687
"5308",57,2001,4,30.792637662832
"5309",57,2001,5,141.753081237632
"5310",57,2001,6,22.3534719952209
"5311",57,2001,7,356.201946399284
"5312",57,2001,8,139.430318172436
"5313",57,2001,9,12.7614168893317
"5314",57,2001,10,11.4217740554565
"5315",57,2001,11,7.60004878948261
"5316",57,2001,12,3.36441679709578
"5317",57,2002,1,7.02993412147742
"5318",57,2002,2,0.192126444034435
"5319",57,2002,3,11.7351280665491
"5320",57,2002,4,18.4676283915195
"5321",57,2002,5,231.181120982644
"5322",57,2002,6,231.396313524818
"5323",57,2002,7,126.272272376697
"5324",57,2002,8,195.147641088485
"5325",57,2002,9,58.8568572130426
"5326",57,2002,10,28.0407201641888
"5327",57,2002,11,6.46272992255913
"5328",57,2002,12,12.5670562952177
"5329",57,2003,1,30.3794851120448
"5330",57,2003,2,0.902484835043478
"5331",57,2003,3,3.14312866715217
"5332",57,2003,4,1.93456282982609
"5333",57,2003,5,98.4192884130174
"5334",57,2003,6,116.115729999912
"5335",57,2003,7,74.3502765554414
"5336",57,2003,8,8.96619878402304
"5337",57,2003,9,58.968830740098
"5338",57,2003,10,6.01837964390696
"5339",57,2003,11,44.237380829179
"5340",57,2003,12,6.68079648428049
"5341",57,2004,1,4.29727524903134
"5342",57,2004,2,9.20876942338539
"5343",57,2004,3,27.6357672222296
"5344",57,2004,4,61.448285692182
"5345",57,2004,5,18.2710314106852
"5346",57,2004,6,63.3354667097674
"5347",57,2004,7,82.8792237400439
"5348",57,2004,8,61.2396001834557
"5349",57,2004,9,77.962261469391
"5350",57,2004,10,36.3588935925794
"5351",57,2004,11,67.6582349550175
"5352",57,2004,12,6.50748129056444
"5353",57,2005,1,26.6477822932787
"5354",57,2005,2,0.73204966831587
"5355",57,2005,3,38.8926178977809
"5356",57,2005,4,18.9766427170364
"5357",57,2005,5,152.978009662338
"5358",57,2005,6,320.719002870645
"5359",57,2005,7,56.256868775497
"5360",57,2005,8,301.897057226124
"5361",57,2005,9,45.7108952942375
"5362",57,2005,10,21.6390379720002
"5363",57,2005,11,19.0131798684547
"5364",57,2005,12,2.92907932874696
"5365",57,2006,1,9.02213329018461
"5366",57,2006,2,10.5716316640013
"5367",57,2006,3,0.284222499608696
"5368",57,2006,4,16.5543013482357
"5369",57,2006,5,30.7556653552911
"5370",57,2006,6,121.000363181556
"5371",57,2006,7,372.256434355757
"5372",57,2006,8,89.8092333415221
"5373",57,2006,9,35.973865980637
"5374",57,2006,10,97.2949341069848
"5375",57,2006,11,3.60753922480472
"5376",57,2006,12,3.43026680747061
"5377",57,2007,1,0.67584897592613
"5378",57,2007,2,21.9649138479583
"5379",57,2007,3,22.6461423063391
"5380",57,2007,4,24.5951964175233
"5381",57,2007,5,28.5774783851102
"5382",57,2007,6,157.288050758876
"5383",57,2007,7,145.279311660856
"5384",57,2007,8,41.7054235642896
"5385",57,2007,9,0.685729349332696
"5386",57,2007,10,3.80554500625804
"5387",57,2007,11,10.065891182207
"5388",57,2007,12,9.21444004090811
"5389",57,2008,1,3.01058282533555
"5390",57,2008,2,11.205811713621
"5391",57,2008,3,16.8308207937857
"5392",57,2008,4,33.4277530187161
"5393",57,2008,5,298.346745580556
"5394",57,2008,6,123.266450981653
"5395",57,2008,7,67.2682409581826
"5396",57,2008,8,195.393241335082
"5397",57,2008,9,13.0150440161157
"5398",57,2008,10,6.27118897706087
"5399",57,2008,11,0.02391685739967
"5400",57,2008,12,1.42897713713604
"5401",57,2009,1,7.68153930925182
"5402",57,2009,2,10.505875631195
"5403",57,2009,3,3.82751102296539
"5404",57,2009,4,0.027980957663913
"5405",57,2009,5,40.8475569532617
"5406",57,2009,6,143.464257778918
"5407",57,2009,7,30.879584436216
"5408",57,2009,8,148.863833959124
"5409",57,2009,9,158.125023629339
"5410",57,2009,10,21.5851539109913
"5411",57,2009,11,14.4762004047198
"5412",57,2009,12,0.40426887148413
"5413",57,2010,1,1.55771346679
"5414",57,2010,2,0.712971278910217
"5415",57,2010,3,0.000518692273913043
"5416",57,2010,4,5.98653728898391
"5417",57,2010,5,52.0130300386067
"5418",57,2010,6,129.330682704661
"5419",57,2010,7,48.380669731257
"5420",57,2010,8,16.4657734691052
"5421",57,2010,9,17.0979418690391
"5422",57,2010,10,20.5355578217291
"5423",57,2010,11,44.7089633794022
"5424",57,2010,12,14.0271392251752
"5425",57,2011,1,12.0378871431036
"5426",57,2011,2,14.0292834964457
"5427",57,2011,3,7.89814750756522
"5428",57,2011,4,21.426145879835
"5429",57,2011,5,5.56302823751339
"5430",57,2011,6,92.6966021253799
"5431",57,2011,7,67.5053791397384
"5432",57,2011,8,108.405968796366
"5433",57,2011,9,13.4072281013291
"5434",57,2011,10,13.9936296824252
"5435",57,2011,11,9.7965473097793
"5436",57,2011,12,0.577404111255565
"5437",57,2012,1,18.4120671103223
"5438",57,2012,2,2.37293203287463
"5439",57,2012,3,1.10530374969609
"5440",57,2012,4,30.6691775256796
"5441",57,2012,5,105.615587362974
"5442",57,2012,6,161.558182085339
"5443",57,2012,7,19.0009186117603
"5444",57,2012,8,52.77367378245
"5445",57,2012,9,4.60116791862665
"5446",57,2012,10,56.3203860980549
"5447",57,2012,11,10.5515848892304
"5448",57,2012,12,55.3733033205755
"5449",57,2013,1,11.8283626073954
"5450",57,2013,2,13.4725327017559
"5451",57,2013,3,1.60924848097578
"5452",57,2013,4,8.61354897280044
"5453",57,2013,5,138.288695623229
"5454",57,2013,6,58.1675518981613
"5455",57,2013,7,22.6515037725718
"5456",57,2013,8,70.0820423751448
"5457",57,2013,9,51.964305302209
"5458",57,2013,10,7.63870372011739
"5459",57,2013,11,4.67823002781596
"5460",57,2013,12,2.87695534093241
"5461",57,2014,1,11.2577886063714
"5462",57,2014,2,25.990783996953
"5463",57,2014,3,5.0383921739613
"5464",57,2014,4,17.1060636759054
"5465",57,2014,5,64.1307526376904
"5466",57,2014,6,111.345402078621
"5467",57,2014,7,68.5045168237952
"5468",57,2014,8,50.119098416569
"5469",57,2014,9,79.802616271558
"5470",57,2014,10,13.9633286853248
"5471",57,2014,11,16.6812207607574
"5472",57,2014,12,8.84428452866001
"5473",57,2015,1,0.608762788789565
"5474",57,2015,2,6.53956016930783
"5475",57,2015,3,7.66611311865087
"5476",57,2015,4,0.444347766544783
"5477",57,2015,5,3.31552655940217
"5478",57,2015,6,4.47265469512387
"5479",57,2015,7,137.130578852641
"5480",57,2015,8,190.038610908394
"5481",57,2015,9,85.2026362788269
"5482",57,2015,10,98.8106209910701
"5483",57,2015,11,22.407609784218
"5484",57,2015,12,1.01864081643939
"5485",57,2016,1,10.3786135915167
"5486",57,2016,2,0.193817489045
"5487",57,2016,3,0.0800027254043478
"5488",57,2016,4,276.573747228306
"5489",57,2016,5,84.1838414348187
"5490",57,2016,6,89.0820088091824
"5491",57,2016,7,132.38249366257
"5492",57,2016,8,25.8192234125926
"5493",57,2016,9,1.69668992814683
"5494",57,2016,10,61.9282196797542
"5495",57,2016,11,9.35790431127131
"5496",57,2016,12,35.8592203913146
"5497",57,2017,1,0.884668431921217
"5498",57,2017,2,19.4446528785191
"5499",57,2017,3,3.74768261853481
"5500",57,2017,4,42.2992675910307
"5501",57,2017,5,108.239982981187
"5502",57,2017,6,97.9372811068746
"5503",57,2017,7,49.8911276889913
"5504",57,2017,8,70.182189900585
"5505",57,2017,9,41.6807417752804
"5506",57,2017,10,45.0917800091209
"5507",57,2017,11,11.9853612938274
"5508",57,2017,12,1.71565705385613
"5509",57,2018,1,9.02318109236626
"5510",57,2018,2,2.70909336529739
"5511",57,2018,3,1.82681265169348
"5512",57,2018,4,18.2153732598452
"5513",57,2018,5,39.210661243016
"5514",57,2018,6,63.6259090619828
"5515",57,2018,7,86.7723881524866
"5516",57,2018,8,32.9096759453543
"5517",57,2018,9,94.2192899470683
"5518",57,2018,10,46.8532216238013
"5519",57,2018,11,13.060761911224
"5520",57,2018,12,13.2816528157891
"5521",57,2019,1,3.85530493700109
"5522",57,2019,2,3.70334845270126
"5523",57,2019,3,1.83361395151304
"5524",57,2019,4,5.08587575589889
"5525",57,2019,5,49.8171960260585
"5526",57,2019,6,81.9356564471417
"5527",57,2019,7,19.6463180672618
"5528",57,2019,8,6.59158937482174
"5529",57,2019,9,17.8682384454886
"5530",57,2019,10,13.8625510285163
"5531",57,2019,11,2.39667290095217
"5532",57,2019,12,3.11399908632774
"5533",57,2020,1,10.8105196012288
"5534",57,2020,2,0.0459814954065217
"5535",57,2020,3,0
"5536",57,2020,4,18.9279347559822
"5537",57,2020,5,0
"5538",57,2020,6,0
"5539",57,2020,7,0
"5540",57,2020,8,0
"5541",57,2020,9,0
"5542",57,2020,10,0
"5543",57,2020,11,0
"5544",57,2020,12,0
"5545",60,1979,1,3.1625195856137
"5546",60,1979,2,0.6165195446095
"5547",60,1979,3,0.28475100076
"5548",60,1979,4,12.173430627403
"5549",60,1979,5,136.469402715641
"5550",60,1979,6,11.1996875808758
"5551",60,1979,7,345.729959007321
"5552",60,1979,8,288.816846939694
"5553",60,1979,9,213.369808328096
"5554",60,1979,10,26.97204604129
"5555",60,1979,11,97.847421541271
"5556",60,1979,12,79.5497653456855
"5557",60,1980,1,1.48090425854665
"5558",60,1980,2,39.2526981089433
"5559",60,1980,3,2.0020700590955
"5560",60,1980,4,407.280719331607
"5561",60,1980,5,365.548976226514
"5562",60,1980,6,219.795672996598
"5563",60,1980,7,249.217278049406
"5564",60,1980,8,50.0671946382675
"5565",60,1980,9,111.986766922019
"5566",60,1980,10,5.3018111526615
"5567",60,1980,11,22.8415146099925
"5568",60,1980,12,8.822426323619
"5569",60,1981,1,6.9589470374017
"5570",60,1981,2,2.25277050181
"5571",60,1981,3,3.27347655431231
"5572",60,1981,4,81.22778874885
"5573",60,1981,5,574.044780642735
"5574",60,1981,6,85.8410968532271
"5575",60,1981,7,110.855325867758
"5576",60,1981,8,162.738530898004
"5577",60,1981,9,61.7386034152731
"5578",60,1981,10,19.3042281952548
"5579",60,1981,11,13.7694018641958
"5580",60,1981,12,0.986496910433755
"5581",60,1982,1,0.1691071889761
"5582",60,1982,2,4.550981244637
"5583",60,1982,3,32.8340207891554
"5584",60,1982,4,29.2921401662747
"5585",60,1982,5,309.451326889231
"5586",60,1982,6,777.616951538169
"5587",60,1982,7,385.788835478114
"5588",60,1982,8,281.648403341337
"5589",60,1982,9,430.63093207216
"5590",60,1982,10,131.196784804079
"5591",60,1982,11,10.4281081355344
"5592",60,1982,12,7.35915032152155
"5593",60,1983,1,9.13004752206
"5594",60,1983,2,8.03453902975845
"5595",60,1983,3,3.84280143627735
"5596",60,1983,4,51.601145427676
"5597",60,1983,5,151.164749382318
"5598",60,1983,6,253.10352207252
"5599",60,1983,7,253.509105433527
"5600",60,1983,8,169.990293962772
"5601",60,1983,9,93.60741543672
"5602",60,1983,10,15.8136760700521
"5603",60,1983,11,1.055743824824
"5604",60,1983,12,1.56775077616249
"5605",60,1984,1,0.918242459804
"5606",60,1984,2,0.309056245581015
"5607",60,1984,3,41.335589291571
"5608",60,1984,4,30.192544813849
"5609",60,1984,5,358.404624520543
"5610",60,1984,6,237.812101248827
"5611",60,1984,7,580.567430450036
"5612",60,1984,8,140.641927430659
"5613",60,1984,9,187.302700457019
"5614",60,1984,10,73.0094877082795
"5615",60,1984,11,36.217367549604
"5616",60,1984,12,0.065291470756
"5617",60,1985,1,10.8284266986895
"5618",60,1985,2,0.3212811687719
"5619",60,1985,3,27.3586135846645
"5620",60,1985,4,45.6018505495796
"5621",60,1985,5,179.463201501243
"5622",60,1985,6,128.350328944291
"5623",60,1985,7,215.57506662454
"5624",60,1985,8,19.766757766655
"5625",60,1985,9,113.474679533196
"5626",60,1985,10,126.262835544215
"5627",60,1985,11,22.3496930845875
"5628",60,1985,12,0.629027342394
"5629",60,1986,1,2.0200876375555
"5630",60,1986,2,9.539838891259
"5631",60,1986,3,5.113946212924
"5632",60,1986,4,158.377317071289
"5633",60,1986,5,400.442804835224
"5634",60,1986,6,534.181941387082
"5635",60,1986,7,40.0973121474
"5636",60,1986,8,252.6432515733
"5637",60,1986,9,37.3008662770145
"5638",60,1986,10,45.4972754855475
"5639",60,1986,11,45.4522389813675
"5640",60,1986,12,9.98149587575
"5641",60,1987,1,0.0338144534715
"5642",60,1987,2,8.2292390901318
"5643",60,1987,3,21.2937832387065
"5644",60,1987,4,31.5454947346171
"5645",60,1987,5,147.456280251498
"5646",60,1987,6,91.1498745671255
"5647",60,1987,7,689.330959468145
"5648",60,1987,8,426.900004602113
"5649",60,1987,9,116.719939624053
"5650",60,1987,10,105.768796648946
"5651",60,1987,11,2.95269980830864
"5652",60,1987,12,12.8285060744346
"5653",60,1988,1,0.6110855985757
"5654",60,1988,2,0.918350853235519
"5655",60,1988,3,30.011504024975
"5656",60,1988,4,18.0482222766795
"5657",60,1988,5,34.1277389790395
"5658",60,1988,6,112.387456775268
"5659",60,1988,7,153.307498458523
"5660",60,1988,8,276.889564192662
"5661",60,1988,9,42.7137298834668
"5662",60,1988,10,13.7124437958218
"5663",60,1988,11,18.521354228355
"5664",60,1988,12,0.4814379699272
"5665",60,1989,1,1.76406197332701
"5666",60,1989,2,0
"5667",60,1989,3,6.0873965059911
"5668",60,1989,4,26.5221308025714
"5669",60,1989,5,67.348922131265
"5670",60,1989,6,114.620907316272
"5671",60,1989,7,206.57543058862
"5672",60,1989,8,374.983254723512
"5673",60,1989,9,64.37801061128
"5674",60,1989,10,25.2998598740198
"5675",60,1989,11,6.69465285547
"5676",60,1989,12,6.942136011615
"5677",60,1990,1,8.68127538150195
"5678",60,1990,2,3.2716239730618
"5679",60,1990,3,76.9852567362912
"5680",60,1990,4,43.7985352797738
"5681",60,1990,5,76.0365659185987
"5682",60,1990,6,32.2252206576213
"5683",60,1990,7,124.10066438592
"5684",60,1990,8,129.328170391096
"5685",60,1990,9,150.125109095737
"5686",60,1990,10,27.508886202322
"5687",60,1990,11,25.627019640005
"5688",60,1990,12,26.6655382108425
"5689",60,1991,1,8.693838348018
"5690",60,1991,2,5.2352945444904
"5691",60,1991,3,0.3064301640065
"5692",60,1991,4,130.080697621156
"5693",60,1991,5,366.226454028085
"5694",60,1991,6,296.886930555917
"5695",60,1991,7,294.65523434727
"5696",60,1991,8,30.609268924068
"5697",60,1991,9,148.499479960565
"5698",60,1991,10,64.5012093447265
"5699",60,1991,11,22.6702174690505
"5700",60,1991,12,93.9401384505805
"5701",60,1992,1,0.0199254799485
"5702",60,1992,2,26.1786972762923
"5703",60,1992,3,12.7284256068054
"5704",60,1992,4,114.108294695689
"5705",60,1992,5,466.600146512765
"5706",60,1992,6,413.094130102635
"5707",60,1992,7,95.1289257912395
"5708",60,1992,8,166.969442919602
"5709",60,1992,9,76.6649900956
"5710",60,1992,10,16.208907366045
"5711",60,1992,11,34.5256204536906
"5712",60,1992,12,0.5984892995
"5713",60,1993,1,10.3106109712385
"5714",60,1993,2,6.29901575908074
"5715",60,1993,3,0.0807118929
"5716",60,1993,4,175.213196897823
"5717",60,1993,5,340.978526484594
"5718",60,1993,6,382.713387905554
"5719",60,1993,7,140.826664869093
"5720",60,1993,8,46.3395512537078
"5721",60,1993,9,41.8507422816215
"5722",60,1993,10,32.760293641108
"5723",60,1993,11,27.587782352537
"5724",60,1993,12,34.7647697002672
"5725",60,1994,1,0.281321412105
"5726",60,1994,2,2.96457896156662
"5727",60,1994,3,14.6497321665264
"5728",60,1994,4,108.755977932674
"5729",60,1994,5,144.765579373233
"5730",60,1994,6,204.403955306253
"5731",60,1994,7,383.90728452366
"5732",60,1994,8,20.2811181667735
"5733",60,1994,9,80.9923399672505
"5734",60,1994,10,33.24030656758
"5735",60,1994,11,3.878270865675
"5736",60,1994,12,24.7336921755408
"5737",60,1995,1,1.1579164902906
"5738",60,1995,2,4.109247386078
"5739",60,1995,3,0.84576981604
"5740",60,1995,4,150.532467860745
"5741",60,1995,5,46.850222166329
"5742",60,1995,6,347.440562855904
"5743",60,1995,7,310.857448038416
"5744",60,1995,8,113.246939213483
"5745",60,1995,9,51.1203193042327
"5746",60,1995,10,41.279117052865
"5747",60,1995,11,5.00317654296
"5748",60,1995,12,3.30747457530036
"5749",60,1996,1,5.47444294793385
"5750",60,1996,2,0.27693380788141
"5751",60,1996,3,4.7257856648415
"5752",60,1996,4,47.06446197946
"5753",60,1996,5,36.6085507902525
"5754",60,1996,6,127.445648151915
"5755",60,1996,7,61.339106210346
"5756",60,1996,8,191.454065159438
"5757",60,1996,9,11.5133579970335
"5758",60,1996,10,32.1093992326569
"5759",60,1996,11,10.850666841645
"5760",60,1996,12,11.2740625572738
"5761",60,1997,1,5.217173365511
"5762",60,1997,2,5.949311627025
"5763",60,1997,3,26.265501164555
"5764",60,1997,4,94.92331482574
"5765",60,1997,5,229.603252917758
"5766",60,1997,6,610.691189565889
"5767",60,1997,7,144.262672072544
"5768",60,1997,8,264.99050962663
"5769",60,1997,9,272.22347287974
"5770",60,1997,10,183.079239545588
"5771",60,1997,11,44.2895318715435
"5772",60,1997,12,10.574998170883
"5773",60,1998,1,0.0028580630653
"5774",60,1998,2,26.9434407826309
"5775",60,1998,3,1.998341629683
"5776",60,1998,4,102.730925482259
"5777",60,1998,5,119.943817763091
"5778",60,1998,6,85.2589507849973
"5779",60,1998,7,0.04595449592255
"5780",60,1998,8,3.626915287153
"5781",60,1998,9,70.3161116160412
"5782",60,1998,10,0.00470957423
"5783",60,1998,11,0.07341702149
"5784",60,1998,12,5.74198318198636
"5785",60,1999,1,5.59738757427399
"5786",60,1999,2,9.54556415405
"5787",60,1999,3,18.6382384446025
"5788",60,1999,4,16.261747228809
"5789",60,1999,5,68.8201369449525
"5790",60,1999,6,227.040151006986
"5791",60,1999,7,59.4131487044415
"5792",60,1999,8,218.797855165409
"5793",60,1999,9,235.591208956389
"5794",60,1999,10,35.3590264441108
"5795",60,1999,11,2.054545969847
"5796",60,1999,12,8.1198130913716
"5797",60,2000,1,0.2064160379955
"5798",60,2000,2,53.5462842679215
"5799",60,2000,3,0.09045061366
"5800",60,2000,4,39.53750253845
"5801",60,2000,5,39.6859543869057
"5802",60,2000,6,778.65347692081
"5803",60,2000,7,82.0474476652645
"5804",60,2000,8,50.356165982404
"5805",60,2000,9,300.617992487819
"5806",60,2000,10,14.0041840468479
"5807",60,2000,11,66.1092510715255
"5808",60,2000,12,0.316240708266
"5809",60,2001,1,7.17612820858105
"5810",60,2001,2,0
"5811",60,2001,3,26.3672020605715
"5812",60,2001,4,57.2492895632335
"5813",60,2001,5,266.379523883509
"5814",60,2001,6,84.4830124615663
"5815",60,2001,7,554.297549191464
"5816",60,2001,8,240.682246013612
"5817",60,2001,9,27.016727792685
"5818",60,2001,10,15.8182495234629
"5819",60,2001,11,14.5580215966753
"5820",60,2001,12,1.0154591421145
"5821",60,2002,1,4.611311055735
"5822",60,2002,2,2.53808137257453
"5823",60,2002,3,24.3047728232995
"5824",60,2002,4,28.9776821821434
"5825",60,2002,5,386.035368851359
"5826",60,2002,6,292.863248729329
"5827",60,2002,7,203.867281323083
"5828",60,2002,8,435.79088660752
"5829",60,2002,9,139.096737809207
"5830",60,2002,10,63.423627655735
"5831",60,2002,11,12.7589129449485
"5832",60,2002,12,6.4561713264
"5833",60,2003,1,58.07154482607
"5834",60,2003,2,0.194830833306305
"5835",60,2003,3,0.01466694598431
"5836",60,2003,4,2.547137297455
"5837",60,2003,5,140.17844679245
"5838",60,2003,6,238.227592749505
"5839",60,2003,7,131.856246325197
"5840",60,2003,8,17.0960910826822
"5841",60,2003,9,107.90664353135
"5842",60,2003,10,23.294053512001
"5843",60,2003,11,78.9412400733493
"5844",60,2003,12,10.5994261647822
"5845",60,2004,1,2.58186915738878
"5846",60,2004,2,3.50930780560864
"5847",60,2004,3,63.3999306853641
"5848",60,2004,4,135.576994534981
"5849",60,2004,5,39.9415439507475
"5850",60,2004,6,146.517598541266
"5851",60,2004,7,192.63963575324
"5852",60,2004,8,105.365806964208
"5853",60,2004,9,127.124263713635
"5854",60,2004,10,50.3642731317716
"5855",60,2004,11,82.3507309421756
"5856",60,2004,12,13.610476855965
"5857",60,2005,1,24.7142799210445
"5858",60,2005,2,0.005622160134
"5859",60,2005,3,29.0894685142854
"5860",60,2005,4,23.2864628270972
"5861",60,2005,5,391.23446641332
"5862",60,2005,6,547.861208788472
"5863",60,2005,7,160.567140767304
"5864",60,2005,8,458.692092404376
"5865",60,2005,9,58.342803093103
"5866",60,2005,10,40.24518934834
"5867",60,2005,11,41.8976184870186
"5868",60,2005,12,3.14687895647
"5869",60,2006,1,1.14124280824235
"5870",60,2006,2,10.3264147076687
"5871",60,2006,3,1.385245769845
"5872",60,2006,4,62.3027013110608
"5873",60,2006,5,130.212025662848
"5874",60,2006,6,298.147719707854
"5875",60,2006,7,493.357619407434
"5876",60,2006,8,204.750606995207
"5877",60,2006,9,80.4731032813528
"5878",60,2006,10,118.07616046256
"5879",60,2006,11,6.7309944076508
"5880",60,2006,12,5.90826095183755
"5881",60,2007,1,0.502255082662
"5882",60,2007,2,33.1601341123062
"5883",60,2007,3,25.9496828592325
"5884",60,2007,4,26.3543089796195
"5885",60,2007,5,56.72154483993
"5886",60,2007,6,204.60361551512
"5887",60,2007,7,227.655122904028
"5888",60,2007,8,103.669830466133
"5889",60,2007,9,5.942034206015
"5890",60,2007,10,8.1753449230675
"5891",60,2007,11,14.6872266992846
"5892",60,2007,12,3.55540049448904
"5893",60,2008,1,0.118425795967842
"5894",60,2008,2,5.70327956751062
"5895",60,2008,3,23.269573145703
"5896",60,2008,4,74.8966600274215
"5897",60,2008,5,459.681099647137
"5898",60,2008,6,177.900082322083
"5899",60,2008,7,137.132117873229
"5900",60,2008,8,310.482584109285
"5901",60,2008,9,25.31933937077
"5902",60,2008,10,15.0186561002
"5903",60,2008,11,0
"5904",60,2008,12,0.5378327416915
"5905",60,2009,1,2.82852915868086
"5906",60,2009,2,6.972776701155
"5907",60,2009,3,0.2525687117475
"5908",60,2009,4,0
"5909",60,2009,5,141.016676121854
"5910",60,2009,6,231.341059985171
"5911",60,2009,7,95.4215772062575
"5912",60,2009,8,225.234491878194
"5913",60,2009,9,177.995892062547
"5914",60,2009,10,59.761176827358
"5915",60,2009,11,15.8098496846615
"5916",60,2009,12,0.0645261137725
"5917",60,2010,1,0.264178536116025
"5918",60,2010,2,0.2212434606897
"5919",60,2010,3,0.06551410545
"5920",60,2010,4,10.54552243912
"5921",60,2010,5,88.0082280259425
"5922",60,2010,6,251.411011343047
"5923",60,2010,7,128.053256375454
"5924",60,2010,8,49.276804551418
"5925",60,2010,9,19.1639204181397
"5926",60,2010,10,38.6586022677627
"5927",60,2010,11,49.1059047876375
"5928",60,2010,12,11.9620500760479
"5929",60,2011,1,6.65091878197065
"5930",60,2011,2,14.5665591403695
"5931",60,2011,3,27.24330074031
"5932",60,2011,4,111.301921496254
"5933",60,2011,5,27.468745725687
"5934",60,2011,6,161.370818018058
"5935",60,2011,7,118.818975574872
"5936",60,2011,8,216.625607247986
"5937",60,2011,9,30.59493867948
"5938",60,2011,10,22.233251031572
"5939",60,2011,11,25.8965541144521
"5940",60,2011,12,0.0538642157571
"5941",60,2012,1,9.0894248861554
"5942",60,2012,2,10.4305453917104
"5943",60,2012,3,0.0226159641
"5944",60,2012,4,44.8625940507254
"5945",60,2012,5,187.457920204463
"5946",60,2012,6,342.5228067418
"5947",60,2012,7,30.4223628705452
"5948",60,2012,8,116.568313039877
"5949",60,2012,9,7.4362278148555
"5950",60,2012,10,109.258058930019
"5951",60,2012,11,19.2404873318255
"5952",60,2012,12,123.403599326397
"5953",60,2013,1,9.73667994694885
"5954",60,2013,2,20.8603076142642
"5955",60,2013,3,2.14634305095
"5956",60,2013,4,5.9820938942895
"5957",60,2013,5,210.95775033726
"5958",60,2013,6,107.085458239329
"5959",60,2013,7,69.6171768986228
"5960",60,2013,8,102.998251103064
"5961",60,2013,9,71.6465684281289
"5962",60,2013,10,18.058523583131
"5963",60,2013,11,4.4400792584595
"5964",60,2013,12,3.3698624153248
"5965",60,2014,1,9.53161064789971
"5966",60,2014,2,12.7048128122885
"5967",60,2014,3,14.861867119478
"5968",60,2014,4,28.2000440919826
"5969",60,2014,5,163.297052580707
"5970",60,2014,6,196.929619362844
"5971",60,2014,7,145.492529749588
"5972",60,2014,8,135.537360946325
"5973",60,2014,9,167.796001082509
"5974",60,2014,10,18.1044001080278
"5975",60,2014,11,37.584287833105
"5976",60,2014,12,15.2716908870237
"5977",60,2015,1,0
"5978",60,2015,2,2.31326128344625
"5979",60,2015,3,6.997618989221
"5980",60,2015,4,1.814570484649
"5981",60,2015,5,12.1453695992265
"5982",60,2015,6,51.2210888986145
"5983",60,2015,7,267.540478907501
"5984",60,2015,8,312.692681611411
"5985",60,2015,9,167.630176839696
"5986",60,2015,10,141.900901043502
"5987",60,2015,11,34.4617218728071
"5988",60,2015,12,0.875847317995
"5989",60,2016,1,19.7605918191319
"5990",60,2016,2,0.0264595464
"5991",60,2016,3,0
"5992",60,2016,4,364.181509391255
"5993",60,2016,5,130.92164951422
"5994",60,2016,6,84.1951777749543
"5995",60,2016,7,270.98040367822
"5996",60,2016,8,64.7988395835525
"5997",60,2016,9,6.1051572066393
"5998",60,2016,10,92.6337132500682
"5999",60,2016,11,9.806026064797
"6000",60,2016,12,12.319711510285
"6001",60,2017,1,0.065621538403
"6002",60,2017,2,27.104457925157
"6003",60,2017,3,19.4767314430495
"6004",60,2017,4,75.8098339707275
"6005",60,2017,5,183.625639174398
"6006",60,2017,6,219.115133242936
"6007",60,2017,7,112.896797004378
"6008",60,2017,8,192.754061877341
"6009",60,2017,9,80.5916254629545
"6010",60,2017,10,84.5020405597445
"6011",60,2017,11,45.7967127313692
"6012",60,2017,12,11.0297996194152
"6013",60,2018,1,3.75940947498605
"6014",60,2018,2,9.29791638348314
"6015",60,2018,3,23.20898725055
"6016",60,2018,4,35.7349006215426
"6017",60,2018,5,89.513837010418
"6018",60,2018,6,138.608543465635
"6019",60,2018,7,150.797710604832
"6020",60,2018,8,60.4797247106415
"6021",60,2018,9,158.596094391334
"6022",60,2018,10,116.51316463386
"6023",60,2018,11,31.1955176080225
"6024",60,2018,12,9.9353164909275
"6025",60,2019,1,8.6456959081858
"6026",60,2019,2,0.992207284101045
"6027",60,2019,3,1.78037639900315
"6028",60,2019,4,6.407184183089
"6029",60,2019,5,115.573148017047
"6030",60,2019,6,173.39008840679
"6031",60,2019,7,45.9066222844166
"6032",60,2019,8,16.1974084391912
"6033",60,2019,9,55.632878740948
"6034",60,2019,10,17.0894140520665
"6035",60,2019,11,7.37328712715
"6036",60,2019,12,10.7828548624521
"6037",60,2020,1,10.9940617448025
"6038",60,2020,2,0.03399166792095
"6039",60,2020,3,0
"6040",60,2020,4,29.92541411656
"6041",60,2020,5,0
"6042",60,2020,6,0
"6043",60,2020,7,0
"6044",60,2020,8,0
"6045",60,2020,9,0
"6046",60,2020,10,0
"6047",60,2020,11,0
"6048",60,2020,12,0
"6049",71,1979,1,9.65677429271778
"6050",71,1979,2,1.25408902044547
"6051",71,1979,3,0.248676160088889
"6052",71,1979,4,13.6378621492444
"6053",71,1979,5,193.597813818929
"6054",71,1979,6,19.4028176025556
"6055",71,1979,7,569.032086951556
"6056",71,1979,8,408.0864158849
"6057",71,1979,9,284.494832774956
"6058",71,1979,10,39.4462760374444
"6059",71,1979,11,148.413804565544
"6060",71,1979,12,115.628074355636
"6061",71,1980,1,0.605132751516667
"6062",71,1980,2,70.0004083400993
"6063",71,1980,3,12.4971685
"6064",71,1980,4,495.215273640244
"6065",71,1980,5,522.834693771444
"6066",71,1980,6,331.0422540684
"6067",71,1980,7,331.703877480884
"6068",71,1980,8,80.5476533954444
"6069",71,1980,9,135.774815524063
"6070",71,1980,10,6.39251632767
"6071",71,1980,11,41.0047502079138
"6072",71,1980,12,20.0403164071276
"6073",71,1981,1,26.2852689666509
"6074",71,1981,2,2.33781199521111
"6075",71,1981,3,6.80287885404556
"6076",71,1981,4,125.999869493667
"6077",71,1981,5,834.160704296726
"6078",71,1981,6,137.582071447833
"6079",71,1981,7,173.997446692556
"6080",71,1981,8,199.945596427061
"6081",71,1981,9,85.44470545422
"6082",71,1981,10,37.2602699445333
"6083",71,1981,11,42.1453174105556
"6084",71,1981,12,0.176405321431222
"6085",71,1982,1,4.36955982940778
"6086",71,1982,2,14.1855214949444
"6087",71,1982,3,44.6463096567222
"6088",71,1982,4,45.9285634736056
"6089",71,1982,5,422.963069315544
"6090",71,1982,6,882.414728844867
"6091",71,1982,7,510.942658365156
"6092",71,1982,8,350.975063337778
"6093",71,1982,9,518.797216056078
"6094",71,1982,10,210.791837874778
"6095",71,1982,11,19.7328534135222
"6096",71,1982,12,9.27671688697333
"6097",71,1983,1,16.3173590903889
"6098",71,1983,2,16.948318721937
"6099",71,1983,3,13.0716397962267
"6100",71,1983,4,68.74125740607
"6101",71,1983,5,216.149351047369
"6102",71,1983,6,341.331579985877
"6103",71,1983,7,327.659272764856
"6104",71,1983,8,226.184597464867
"6105",71,1983,9,111.6574807935
"6106",71,1983,10,22.7721115607
"6107",71,1983,11,1.15274960032222
"6108",71,1983,12,9.54789576745633
"6109",71,1984,1,6.93043943168271
"6110",71,1984,2,1.68961274292489
"6111",71,1984,3,48.7353200593444
"6112",71,1984,4,32.7771992103333
"6113",71,1984,5,453.506033940844
"6114",71,1984,6,312.016832950424
"6115",71,1984,7,688.885822854135
"6116",71,1984,8,170.72606649342
"6117",71,1984,9,250.019078722556
"6118",71,1984,10,122.981466674115
"6119",71,1984,11,60.6924139681444
"6120",71,1984,12,0.05471955911
"6121",71,1985,1,19.6272234653956
"6122",71,1985,2,4.31692242593678
"6123",71,1985,3,38.8552253259111
"6124",71,1985,4,92.3806021436333
"6125",71,1985,5,259.310170471922
"6126",71,1985,6,177.062551791111
"6127",71,1985,7,282.573172308356
"6128",71,1985,8,41.9083991070189
"6129",71,1985,9,139.369331252004
"6130",71,1985,10,221.301886230986
"6131",71,1985,11,30.7009651647889
"6132",71,1985,12,7.41933343371822
"6133",71,1986,1,6.63122998813889
"6134",71,1986,2,16.7705621182344
"6135",71,1986,3,15.6099623505556
"6136",71,1986,4,258.543039904043
"6137",71,1986,5,521.031089712956
"6138",71,1986,6,700.528604718889
"6139",71,1986,7,68.3315314197667
"6140",71,1986,8,302.157488216311
"6141",71,1986,9,54.5640273370153
"6142",71,1986,10,72.4646276187778
"6143",71,1986,11,87.1409571284667
"6144",71,1986,12,11.1630776261111
"6145",71,1987,1,0.0755411982444445
"6146",71,1987,2,25.9251987926144
"6147",71,1987,3,41.9636661208111
"6148",71,1987,4,36.7770814046667
"6149",71,1987,5,162.521736516922
"6150",71,1987,6,117.593390154639
"6151",71,1987,7,833.238100064889
"6152",71,1987,8,487.571122050033
"6153",71,1987,9,159.682289465744
"6154",71,1987,10,159.883817884489
"6155",71,1987,11,8.02183975401667
"6156",71,1987,12,27.3111720847444
"6157",71,1988,1,1.90442132064022
"6158",71,1988,2,2.38191683929889
"6159",71,1988,3,52.462923231013
"6160",71,1988,4,28.6783790017889
"6161",71,1988,5,66.1956474914444
"6162",71,1988,6,251.700936089
"6163",71,1988,7,212.425103350007
"6164",71,1988,8,356.251020034444
"6165",71,1988,9,76.6596476936444
"6166",71,1988,10,32.5314233985397
"6167",71,1988,11,21.9284807349366
"6168",71,1988,12,4.03448490458178
"6169",71,1989,1,4.69966284873422
"6170",71,1989,2,0
"6171",71,1989,3,14.4339990141889
"6172",71,1989,4,21.4684771074444
"6173",71,1989,5,82.0344760427939
"6174",71,1989,6,187.964100156856
"6175",71,1989,7,265.766712628
"6176",71,1989,8,416.128214155438
"6177",71,1989,9,78.1191854119556
"6178",71,1989,10,42.1579136871067
"6179",71,1989,11,21.2297145128333
"6180",71,1989,12,14.0296307039556
"6181",71,1990,1,10.8850400712867
"6182",71,1990,2,4.14693582757722
"6183",71,1990,3,117.999871999178
"6184",71,1990,4,95.6666814310767
"6185",71,1990,5,130.353639690593
"6186",71,1990,6,69.2668057838167
"6187",71,1990,7,169.835371182978
"6188",71,1990,8,146.270313398333
"6189",71,1990,9,194.427796406556
"6190",71,1990,10,28.6835669741789
"6191",71,1990,11,38.6590387355444
"6192",71,1990,12,60.7845365616144
"6193",71,1991,1,21.4047504235279
"6194",71,1991,2,10.3758639768749
"6195",71,1991,3,0.346875431222222
"6196",71,1991,4,173.676663016344
"6197",71,1991,5,559.475694478422
"6198",71,1991,6,389.410096285
"6199",71,1991,7,363.99478121771
"6200",71,1991,8,43.9468947814233
"6201",71,1991,9,173.455975507578
"6202",71,1991,10,94.8158716565667
"6203",71,1991,11,36.2603695610011
"6204",71,1991,12,180.623471084038
"6205",71,1992,1,1.30782916046667
"6206",71,1992,2,57.3507555091135
"6207",71,1992,3,30.4859175795556
"6208",71,1992,4,148.220971729222
"6209",71,1992,5,596.620757276244
"6210",71,1992,6,547.263750350784
"6211",71,1992,7,143.365528841833
"6212",71,1992,8,190.673885114111
"6213",71,1992,9,107.780080941333
"6214",71,1992,10,26.8775235551622
"6215",71,1992,11,62.1876565228889
"6216",71,1992,12,12.3874457251889
"6217",71,1993,1,16.7181164846049
"6218",71,1993,2,9.09415710471855
"6219",71,1993,3,1.28730480055556
"6220",71,1993,4,210.131471320577
"6221",71,1993,5,424.027449345943
"6222",71,1993,6,604.484784905044
"6223",71,1993,7,188.092191877484
"6224",71,1993,8,68.8226473014667
"6225",71,1993,9,69.0117183798889
"6226",71,1993,10,47.2075012466444
"6227",71,1993,11,52.5621128263333
"6228",71,1993,12,75.2504516928629
"6229",71,1994,1,2.92457624267
"6230",71,1994,2,2.06924199081
"6231",71,1994,3,26.0956705486667
"6232",71,1994,4,137.262570537067
"6233",71,1994,5,196.002616055556
"6234",71,1994,6,344.568441098754
"6235",71,1994,7,562.548097501279
"6236",71,1994,8,22.8429041715444
"6237",71,1994,9,110.640707987649
"6238",71,1994,10,67.8391570191
"6239",71,1994,11,7.49337546691889
"6240",71,1994,12,38.5357585364311
"6241",71,1995,1,2.60519330421078
"6242",71,1995,2,3.43354818598833
"6243",71,1995,3,4.05471884544444
"6244",71,1995,4,226.786408862222
"6245",71,1995,5,57.4354263946033
"6246",71,1995,6,520.199164978846
"6247",71,1995,7,458.755204273569
"6248",71,1995,8,172.338612119494
"6249",71,1995,9,71.98857040393
"6250",71,1995,10,66.864517189985
"6251",71,1995,11,7.99971125555556
"6252",71,1995,12,1.55452724560889
"6253",71,1996,1,12.4100750623867
"6254",71,1996,2,0.41611824803
"6255",71,1996,3,22.9735259598
"6256",71,1996,4,59.7055699448444
"6257",71,1996,5,68.6481359601289
"6258",71,1996,6,202.547021936911
"6259",71,1996,7,86.2472135251971
"6260",71,1996,8,236.774411195657
"6261",71,1996,9,16.4176647652024
"6262",71,1996,10,55.8301968597844
"6263",71,1996,11,33.6236049881533
"6264",71,1996,12,15.3563255714344
"6265",71,1997,1,16.1716741572482
"6266",71,1997,2,18.0980776512444
"6267",71,1997,3,31.7187574304444
"6268",71,1997,4,207.369900722652
"6269",71,1997,5,260.751460255346
"6270",71,1997,6,758.494287732667
"6271",71,1997,7,239.548927457584
"6272",71,1997,8,316.133769589444
"6273",71,1997,9,347.3054876667
"6274",71,1997,10,291.460151139
"6275",71,1997,11,99.0402575284111
"6276",71,1997,12,13.9128278653526
"6277",71,1998,1,0.670402594555556
"6278",71,1998,2,38.0721799432951
"6279",71,1998,3,3.899863103786
"6280",71,1998,4,138.044056009533
"6281",71,1998,5,161.634734049993
"6282",71,1998,6,108.469575776298
"6283",71,1998,7,0.000722228044444444
"6284",71,1998,8,18.3105322121444
"6285",71,1998,9,99.84696641115
"6286",71,1998,10,0.0004896407
"6287",71,1998,11,0.027095162
"6288",71,1998,12,31.4501339856
"6289",71,1999,1,15.1477666675922
"6290",71,1999,2,14.0881723298889
"6291",71,1999,3,26.8051822667029
"6292",71,1999,4,17.8973600633744
"6293",71,1999,5,93.2825062421889
"6294",71,1999,6,365.151645248111
"6295",71,1999,7,91.8064309688711
"6296",71,1999,8,286.180744510189
"6297",71,1999,9,312.080078387514
"6298",71,1999,10,55.3400039479111
"6299",71,1999,11,4.34077952931111
"6300",71,1999,12,17.5935886610318
"6301",71,2000,1,3.59795839104989
"6302",71,2000,2,91.9042275658918
"6303",71,2000,3,2.81609552069444
"6304",71,2000,4,53.7677731873211
"6305",71,2000,5,66.6030788465544
"6306",71,2000,6,1005.79343386056
"6307",71,2000,7,115.442544640022
"6308",71,2000,8,75.9624063909533
"6309",71,2000,9,406.455192585044
"6310",71,2000,10,18.8075519405878
"6311",71,2000,11,89.8381077100111
"6312",71,2000,12,6.10353024002222
"6313",71,2001,1,26.6323342988856
"6314",71,2001,2,0.000838734122222222
"6315",71,2001,3,26.9573311475733
"6316",71,2001,4,70.6554082886904
"6317",71,2001,5,343.93818383549
"6318",71,2001,6,149.742737878613
"6319",71,2001,7,730.874309697743
"6320",71,2001,8,322.703159267833
"6321",71,2001,9,40.0397497778444
"6322",71,2001,10,23.5715167770333
"6323",71,2001,11,27.1809245750556
"6324",71,2001,12,2.37624557466667
"6325",71,2002,1,6.47952392900889
"6326",71,2002,2,22.054631062
"6327",71,2002,3,68.3791568639633
"6328",71,2002,4,44.0750212248667
"6329",71,2002,5,469.207481393233
"6330",71,2002,6,319.159950582222
"6331",71,2002,7,268.258159406122
"6332",71,2002,8,616.602672889597
"6333",71,2002,9,205.070977978464
"6334",71,2002,10,124.240383233968
"6335",71,2002,11,25.5535361920689
"6336",71,2002,12,18.3589655250889
"6337",71,2003,1,92.1924698866778
"6338",71,2003,2,0
"6339",71,2003,3,0.0538942221344444
"6340",71,2003,4,10.4050688166667
"6341",71,2003,5,154.591429453403
"6342",71,2003,6,385.67535107728
"6343",71,2003,7,178.805090387889
"6344",71,2003,8,40.8522572326778
"6345",71,2003,9,131.463574437744
"6346",71,2003,10,63.7111974504422
"6347",71,2003,11,112.009653093533
"6348",71,2003,12,32.48280183863
"6349",71,2004,1,1.76917353236444
"6350",71,2004,2,2.924714683283
"6351",71,2004,3,93.6870700894637
"6352",71,2004,4,200.954093400356
"6353",71,2004,5,46.0538328901511
"6354",71,2004,6,230.247120626178
"6355",71,2004,7,296.028713026956
"6356",71,2004,8,122.542115594233
"6357",71,2004,9,176.002521311111
"6358",71,2004,10,87.2009115378668
"6359",71,2004,11,111.066044975778
"6360",71,2004,12,53.5553238505289
"6361",71,2005,1,24.1643424823003
"6362",71,2005,2,0.000172959804588889
"6363",71,2005,3,28.3398001176556
"6364",71,2005,4,25.2597265624783
"6365",71,2005,5,581.126523347156
"6366",71,2005,6,665.857230757689
"6367",71,2005,7,261.930969702622
"6368",71,2005,8,579.749127356343
"6369",71,2005,9,79.7784598848711
"6370",71,2005,10,53.7683012725556
"6371",71,2005,11,84.3503440378889
"6372",71,2005,12,19.4609044113356
"6373",71,2006,1,2.60844316744444
"6374",71,2006,2,25.7984218941556
"6375",71,2006,3,2.81231152426667
"6376",71,2006,4,94.6984282467778
"6377",71,2006,5,198.352237801936
"6378",71,2006,6,462.922023621824
"6379",71,2006,7,578.9154702359
"6380",71,2006,8,313.284655463911
"6381",71,2006,9,126.446353083964
"6382",71,2006,10,163.938769749156
"6383",71,2006,11,13.8215564093889
"6384",71,2006,12,16.3905619504444
"6385",71,2007,1,0.83412731425
"6386",71,2007,2,48.6937001233222
"6387",71,2007,3,45.4500880138111
"6388",71,2007,4,23.9975419815556
"6389",71,2007,5,69.6779184229811
"6390",71,2007,6,248.562370140189
"6391",71,2007,7,307.426905103874
"6392",71,2007,8,157.764633834333
"6393",71,2007,9,28.8101559466689
"6394",71,2007,10,22.8288849484889
"6395",71,2007,11,31.9223178604839
"6396",71,2007,12,5.47404343543189
"6397",71,2008,1,3.72978261793527
"6398",71,2008,2,3.59257417849433
"6399",71,2008,3,19.54565790383
"6400",71,2008,4,106.385881331222
"6401",71,2008,5,578.479369409212
"6402",71,2008,6,233.845712132556
"6403",71,2008,7,206.247787083064
"6404",71,2008,8,360.917925937111
"6405",71,2008,9,46.795231873
"6406",71,2008,10,25.3728709821111
"6407",71,2008,11,0.218327968
"6408",71,2008,12,2.26588675645111
"6409",71,2009,1,2.02188114514078
"6410",71,2009,2,19.47191464192
"6411",71,2009,3,0.0296284615
"6412",71,2009,4,3.33705695888889
"6413",71,2009,5,226.197352940662
"6414",71,2009,6,321.792131748837
"6415",71,2009,7,196.765966889317
"6416",71,2009,8,288.416726606778
"6417",71,2009,9,211.388087388889
"6418",71,2009,10,106.109165270067
"6419",71,2009,11,38.4654537223244
"6420",71,2009,12,2.39728329255556
"6421",71,2010,1,5.80945688985422
"6422",71,2010,2,0.404610306534444
"6423",71,2010,3,0.0883487678888889
"6424",71,2010,4,20.0743620488889
"6425",71,2010,5,105.957512164889
"6426",71,2010,6,352.844691833467
"6427",71,2010,7,199.743933707354
"6428",71,2010,8,100.755461398061
"6429",71,2010,9,25.7885698641989
"6430",71,2010,10,55.8460981408889
"6431",71,2010,11,58.8329212234333
"6432",71,2010,12,32.2118951605556
"6433",71,2011,1,25.377556398748
"6434",71,2011,2,29.6806256256444
"6435",71,2011,3,45.2181505522047
"6436",71,2011,4,162.351376308833
"6437",71,2011,5,45.9922309366667
"6438",71,2011,6,225.997869945222
"6439",71,2011,7,182.060607147778
"6440",71,2011,8,328.300352392447
"6441",71,2011,9,51.4847875287222
"6442",71,2011,10,28.6055609331658
"6443",71,2011,11,50.0406745822222
"6444",71,2011,12,3.61854388816111
"6445",71,2012,1,14.6333501309767
"6446",71,2012,2,38.5167055080431
"6447",71,2012,3,2.04105344444444
"6448",71,2012,4,56.6285439773333
"6449",71,2012,5,278.285608024366
"6450",71,2012,6,448.560220134317
"6451",71,2012,7,41.5533018528833
"6452",71,2012,8,153.239569420567
"6453",71,2012,9,20.9115910518522
"6454",71,2012,10,147.092070258556
"6455",71,2012,11,28.6947107369767
"6456",71,2012,12,203.760984442022
"6457",71,2013,1,17.7846654123843
"6458",71,2013,2,64.2142161418
"6459",71,2013,3,2.63585819465333
"6460",71,2013,4,11.1053678605333
"6461",71,2013,5,265.575707354444
"6462",71,2013,6,151.520158863333
"6463",71,2013,7,148.418920388543
"6464",71,2013,8,131.263773565782
"6465",71,2013,9,118.790990691019
"6466",71,2013,10,41.1429393822222
"6467",71,2013,11,13.4684613909267
"6468",71,2013,12,3.20860788004
"6469",71,2014,1,13.4829475833693
"6470",71,2014,2,1.98591656316589
"6471",71,2014,3,30.6900797776222
"6472",71,2014,4,44.4995038692667
"6473",71,2014,5,239.695971535481
"6474",71,2014,6,279.755359152439
"6475",71,2014,7,226.963284688944
"6476",71,2014,8,203.040750546667
"6477",71,2014,9,241.263738006536
"6478",71,2014,10,23.4827679814439
"6479",71,2014,11,60.6024856922222
"6480",71,2014,12,44.1481084277289
"6481",71,2015,1,0.0144965652888889
"6482",71,2015,2,1.73119405464058
"6483",71,2015,3,2.07933094229444
"6484",71,2015,4,11.6908989466667
"6485",71,2015,5,24.3475246848244
"6486",71,2015,6,138.132941047923
"6487",71,2015,7,388.618840769123
"6488",71,2015,8,391.519823163442
"6489",71,2015,9,232.467530507303
"6490",71,2015,10,181.243290173444
"6491",71,2015,11,53.7863170195046
"6492",71,2015,12,2.33596733664444
"6493",71,2016,1,33.6340691332972
"6494",71,2016,2,0.511376670733333
"6495",71,2016,3,0
"6496",71,2016,4,363.199979992817
"6497",71,2016,5,158.031654342967
"6498",71,2016,6,80.4313389325927
"6499",71,2016,7,339.590012865216
"6500",71,2016,8,87.3814846276778
"6501",71,2016,9,18.9022406856307
"6502",71,2016,10,124.915504779672
"6503",71,2016,11,26.3078502455556
"6504",71,2016,12,15.2423032038156
"6505",71,2017,1,0.0799922999444444
"6506",71,2017,2,40.4372435965601
"6507",71,2017,3,50.7977739847889
"6508",71,2017,4,93.2484883866667
"6509",71,2017,5,204.711137600667
"6510",71,2017,6,336.371380789592
"6511",71,2017,7,154.076195141322
"6512",71,2017,8,261.505053062704
"6513",71,2017,9,126.853321230711
"6514",71,2017,10,119.964003099221
"6515",71,2017,11,84.7143054886
"6516",71,2017,12,14.5980889110889
"6517",71,2018,1,11.5693809499336
"6518",71,2018,2,14.8243658830263
"6519",71,2018,3,49.133829801
"6520",71,2018,4,71.6164440815556
"6521",71,2018,5,135.503448064042
"6522",71,2018,6,210.679845005333
"6523",71,2018,7,187.927023294804
"6524",71,2018,8,86.0232351461278
"6525",71,2018,9,258.463257630233
"6526",71,2018,10,178.298575472556
"6527",71,2018,11,64.4525683184444
"6528",71,2018,12,9.96642382745389
"6529",71,2019,1,34.7259707749889
"6530",71,2019,2,1.25868587377844
"6531",71,2019,3,0.178853207166667
"6532",71,2019,4,9.71567083648444
"6533",71,2019,5,198.873352300678
"6534",71,2019,6,249.758910804856
"6535",71,2019,7,76.7464512263433
"6536",71,2019,8,38.5382622722
"6537",71,2019,9,100.622392985333
"6538",71,2019,10,26.9392884463056
"6539",71,2019,11,16.3462048888889
"6540",71,2019,12,20.648522005
"6541",71,2020,1,20.0790122586991
"6542",71,2020,2,0.00048104188
"6543",71,2020,3,0
"6544",71,2020,4,41.0069634823889
"6545",71,2020,5,0
"6546",71,2020,6,0
"6547",71,2020,7,0
"6548",71,2020,8,0
"6549",71,2020,9,0
"6550",71,2020,10,0
"6551",71,2020,11,0
"6552",71,2020,12,0
"6553",81,1979,1,18.2685224210769
"6554",81,1979,2,23.3636740797596
"6555",81,1979,3,9.53561178201923
"6556",81,1979,4,38.3278357544346
"6557",81,1979,5,236.677495744019
"6558",81,1979,6,64.6494155638077
"6559",81,1979,7,513.692684832919
"6560",81,1979,8,443.471181676438
"6561",81,1979,9,199.842142676043
"6562",81,1979,10,40.2601108870571
"6563",81,1979,11,155.496887757085
"6564",81,1979,12,145.781174204286
"6565",81,1980,1,0.1070908348535
"6566",81,1980,2,224.740594176585
"6567",81,1980,3,23.0232300014918
"6568",81,1980,4,417.730903264322
"6569",81,1980,5,567.974514159538
"6570",81,1980,6,451.373655152867
"6571",81,1980,7,318.99279349151
"6572",81,1980,8,171.113839381125
"6573",81,1980,9,102.517402440581
"6574",81,1980,10,0.339530067884615
"6575",81,1980,11,67.9136618847346
"6576",81,1980,12,72.3006827040219
"6577",81,1981,1,101.885855501219
"6578",81,1981,2,22.8283666414133
"6579",81,1981,3,55.5797916702858
"6580",81,1981,4,120.747078374232
"6581",81,1981,5,843.85331901923
"6582",81,1981,6,219.039719718962
"6583",81,1981,7,292.093816525089
"6584",81,1981,8,167.219757210154
"6585",81,1981,9,96.2808719624577
"6586",81,1981,10,80.74152508119
"6587",81,1981,11,26.9794844932777
"6588",81,1981,12,18.9091466266538
"6589",81,1982,1,52.0915966884673
"6590",81,1982,2,39.9575848663358
"6591",81,1982,3,50.0118375500077
"6592",81,1982,4,50.2829712680769
"6593",81,1982,5,397.767159357961
"6594",81,1982,6,571.941392564462
"6595",81,1982,7,526.713462454898
"6596",81,1982,8,293.225436454615
"6597",81,1982,9,336.336000668815
"6598",81,1982,10,284.180768296493
"6599",81,1982,11,57.3258824649946
"6600",81,1982,12,0.0190493325461538
"6601",81,1983,1,88.2686381151834
"6602",81,1983,2,5.31680671115385
"6603",81,1983,3,0.194468362
"6604",81,1983,4,86.3006945571715
"6605",81,1983,5,198.633075501615
"6606",81,1983,6,425.357921221796
"6607",81,1983,7,315.168584331515
"6608",81,1983,8,217.324360313303
"6609",81,1983,9,138.476631816877
"6610",81,1983,10,43.0841257096231
"6611",81,1983,11,3.49383491460769
"6612",81,1983,12,7.63000231756342
"6613",81,1984,1,36.0151417120596
"6614",81,1984,2,56.9800941733012
"6615",81,1984,3,44.6129842498923
"6616",81,1984,4,51.0873122487846
"6617",81,1984,5,517.292367958836
"6618",81,1984,6,341.735852459577
"6619",81,1984,7,520.672139961539
"6620",81,1984,8,139.947505478808
"6621",81,1984,9,250.410159616745
"6622",81,1984,10,189.013420103208
"6623",81,1984,11,36.1419179806462
"6624",81,1984,12,7.17317779341154
"6625",81,1985,1,39.2110951180331
"6626",81,1985,2,1.04623499697269
"6627",81,1985,3,43.2080699134808
"6628",81,1985,4,156.4522681871
"6629",81,1985,5,395.206981248615
"6630",81,1985,6,221.09828110836
"6631",81,1985,7,256.796037796831
"6632",81,1985,8,71.8250741408269
"6633",81,1985,9,153.948437962673
"6634",81,1985,10,182.793825109131
"6635",81,1985,11,76.532689349835
"6636",81,1985,12,0.0110363899648462
"6637",81,1986,1,11.9147461043377
"6638",81,1986,2,35.0043776171036
"6639",81,1986,3,73.5494931520692
"6640",81,1986,4,236.552608788781
"6641",81,1986,5,464.912053897422
"6642",81,1986,6,560.361377045123
"6643",81,1986,7,173.647545441754
"6644",81,1986,8,258.692137007841
"6645",81,1986,9,78.7713835909423
"6646",81,1986,10,68.7935858493846
"6647",81,1986,11,182.148040628053
"6648",81,1986,12,20.4026003593696
"6649",81,1987,1,0
"6650",81,1987,2,22.085274147292
"6651",81,1987,3,82.9642851673923
"6652",81,1987,4,42.7598494411792
"6653",81,1987,5,159.960252104459
"6654",81,1987,6,176.795959932209
"6655",81,1987,7,545.423912477338
"6656",81,1987,8,301.748508371028
"6657",81,1987,9,160.342529183558
"6658",81,1987,10,127.655960495381
"6659",81,1987,11,32.0534248285354
"6660",81,1987,12,20.687498140445
"6661",81,1988,1,35.2579628155769
"6662",81,1988,2,0.2257362725
"6663",81,1988,3,73.2563787404588
"6664",81,1988,4,60.9841060488438
"6665",81,1988,5,119.712133876982
"6666",81,1988,6,418.391416562445
"6667",81,1988,7,277.040381074
"6668",81,1988,8,399.267402856151
"6669",81,1988,9,67.9288401326258
"6670",81,1988,10,74.8358338131542
"6671",81,1988,11,19.0242857594942
"6672",81,1988,12,28.8489628281962
"6673",81,1989,1,11.3633821395262
"6674",81,1989,2,9.49229875303846
"6675",81,1989,3,26.8903892850696
"6676",81,1989,4,4.91228733113462
"6677",81,1989,5,71.8151863791077
"6678",81,1989,6,404.082356910865
"6679",81,1989,7,277.69182524069
"6680",81,1989,8,293.969052880608
"6681",81,1989,9,43.9080533943542
"6682",81,1989,10,50.8372062889615
"6683",81,1989,11,18.4725275842188
"6684",81,1989,12,78.3292650458851
"6685",81,1990,1,13.9330606513808
"6686",81,1990,2,26.9395872465448
"6687",81,1990,3,141.716482189042
"6688",81,1990,4,137.077795500775
"6689",81,1990,5,182.898769534453
"6690",81,1990,6,119.80447111077
"6691",81,1990,7,152.934995571512
"6692",81,1990,8,186.319536964343
"6693",81,1990,9,266.857328983562
"6694",81,1990,10,50.5478249684615
"6695",81,1990,11,64.2491915838023
"6696",81,1990,12,13.6526293891599
"6697",81,1991,1,30.0168632261162
"6698",81,1991,2,4.45070404663
"6699",81,1991,3,8.77344234955115
"6700",81,1991,4,203.57737220121
"6701",81,1991,5,666.725460517642
"6702",81,1991,6,264.366595859469
"6703",81,1991,7,325.774844925802
"6704",81,1991,8,85.6085237021108
"6705",81,1991,9,175.76565781535
"6706",81,1991,10,110.946690786873
"6707",81,1991,11,39.7855774988662
"6708",81,1991,12,124.167955930335
"6709",81,1992,1,0.260946523296154
"6710",81,1992,2,27.3085744409581
"6711",81,1992,3,76.9865143075575
"6712",81,1992,4,189.765997744819
"6713",81,1992,5,779.092472125541
"6714",81,1992,6,448.202790280518
"6715",81,1992,7,140.367538364269
"6716",81,1992,8,174.574640443781
"6717",81,1992,9,114.128411210368
"6718",81,1992,10,77.8218327302016
"6719",81,1992,11,30.5903686757731
"6720",81,1992,12,60.3630083636931
"6721",81,1993,1,18.77828072162
"6722",81,1993,2,0.131399866507692
"6723",81,1993,3,31.4854010580462
"6724",81,1993,4,147.501023305623
"6725",81,1993,5,416.374230869573
"6726",81,1993,6,596.193272949621
"6727",81,1993,7,218.430644828171
"6728",81,1993,8,244.343154480746
"6729",81,1993,9,50.3433707580108
"6730",81,1993,10,110.857636867294
"6731",81,1993,11,42.5558529769631
"6732",81,1993,12,59.2905726847308
"6733",81,1994,1,13.0614423837208
"6734",81,1994,2,22.1659847186177
"6735",81,1994,3,23.9569741672
"6736",81,1994,4,244.392692000865
"6737",81,1994,5,152.403063116965
"6738",81,1994,6,395.120349125964
"6739",81,1994,7,431.969957633644
"6740",81,1994,8,48.5990437498462
"6741",81,1994,9,256.857243935598
"6742",81,1994,10,91.4058228741608
"6743",81,1994,11,27.5400422907492
"6744",81,1994,12,69.2332441748764
"6745",81,1995,1,0.555210897355115
"6746",81,1995,2,1.87452251338538
"6747",81,1995,3,20.13298089375
"6748",81,1995,4,216.292956534838
"6749",81,1995,5,72.6316109412577
"6750",81,1995,6,464.041584287381
"6751",81,1995,7,449.447973778741
"6752",81,1995,8,278.674694857173
"6753",81,1995,9,58.0743913757338
"6754",81,1995,10,81.5372103030181
"6755",81,1995,11,11.3775242974846
"6756",81,1995,12,0.256600427318269
"6757",81,1996,1,9.28168859244696
"6758",81,1996,2,22.7427555987381
"6759",81,1996,3,85.4363233157308
"6760",81,1996,4,90.5027942227308
"6761",81,1996,5,128.145382783827
"6762",81,1996,6,200.9921712598
"6763",81,1996,7,89.8874533245577
"6764",81,1996,8,226.522354629736
"6765",81,1996,9,39.0296125808462
"6766",81,1996,10,47.7773661781642
"6767",81,1996,11,59.3011473551163
"6768",81,1996,12,16.8704642294558
"6769",81,1997,1,22.0019401855185
"6770",81,1997,2,37.5068781674838
"6771",81,1997,3,13.9701817923873
"6772",81,1997,4,402.052091351546
"6773",81,1997,5,173.822526997656
"6774",81,1997,6,559.896441466565
"6775",81,1997,7,254.452077086828
"6776",81,1997,8,202.155227368722
"6777",81,1997,9,249.638591904519
"6778",81,1997,10,229.857294643928
"6779",81,1997,11,88.7518272291327
"6780",81,1997,12,32.4325631736238
"6781",81,1998,1,2.90159225105769
"6782",81,1998,2,20.9659840200261
"6783",81,1998,3,18.8632413976057
"6784",81,1998,4,83.0370713937181
"6785",81,1998,5,140.067807827373
"6786",81,1998,6,125.348810225462
"6787",81,1998,7,110.611701755301
"6788",81,1998,8,109.546614845596
"6789",81,1998,9,105.37231558197
"6790",81,1998,10,0.516760915030769
"6791",81,1998,11,20.4385329180769
"6792",81,1998,12,33.7997363251923
"6793",81,1999,1,9.6720835614436
"6794",81,1999,2,29.3218921851247
"6795",81,1999,3,18.9381755253773
"6796",81,1999,4,36.9311837375325
"6797",81,1999,5,237.335346496669
"6798",81,1999,6,454.503477992277
"6799",81,1999,7,122.370886182917
"6800",81,1999,8,320.702756341252
"6801",81,1999,9,298.891388405521
"6802",81,1999,10,35.7175585332619
"6803",81,1999,11,13.8437245926904
"6804",81,1999,12,9.98270166535792
"6805",81,2000,1,11.0468333372239
"6806",81,2000,2,186.377809464619
"6807",81,2000,3,14.657775618075
"6808",81,2000,4,65.9471924813846
"6809",81,2000,5,88.0315713219615
"6810",81,2000,6,812.496812531054
"6811",81,2000,7,150.686799340677
"6812",81,2000,8,228.188198438273
"6813",81,2000,9,347.804473628069
"6814",81,2000,10,47.4693689581681
"6815",81,2000,11,45.5209116844358
"6816",81,2000,12,49.4307655700085
"6817",81,2001,1,102.978767559488
"6818",81,2001,2,6.93832906692308
"6819",81,2001,3,14.6880041013581
"6820",81,2001,4,80.1846331269231
"6821",81,2001,5,529.957978989711
"6822",81,2001,6,291.75853522526
"6823",81,2001,7,726.918867981257
"6824",81,2001,8,283.904267528645
"6825",81,2001,9,38.4866436975546
"6826",81,2001,10,37.2140841854654
"6827",81,2001,11,51.4142659156962
"6828",81,2001,12,0.138690181923077
"6829",81,2002,1,8.90600526987423
"6830",81,2002,2,174.587290350531
"6831",81,2002,3,182.024890988126
"6832",81,2002,4,94.3948002163874
"6833",81,2002,5,315.247049839273
"6834",81,2002,6,285.716829933077
"6835",81,2002,7,216.485375648269
"6836",81,2002,8,529.237840595481
"6837",81,2002,9,163.497538199687
"6838",81,2002,10,318.870428569192
"6839",81,2002,11,95.7615790067127
"6840",81,2002,12,27.0281437867107
"6841",81,2003,1,39.0617738464304
"6842",81,2003,2,0.450983356038462
"6843",81,2003,3,8.02351088169231
"6844",81,2003,4,24.9353464471419
"6845",81,2003,5,131.707548629937
"6846",81,2003,6,478.74632265299
"6847",81,2003,7,186.716700345425
"6848",81,2003,8,107.27123556843
"6849",81,2003,9,169.039798834004
"6850",81,2003,10,113.054461925077
"6851",81,2003,11,96.5361332164231
"6852",81,2003,12,38.6213227353662
"6853",81,2004,1,2.90014536577692
"6854",81,2004,2,13.2777232137204
"6855",81,2004,3,87.0865564767154
"6856",81,2004,4,229.988557757622
"6857",81,2004,5,45.7084779614308
"6858",81,2004,6,349.934926291124
"6859",81,2004,7,368.101796101527
"6860",81,2004,8,111.687753869022
"6861",81,2004,9,172.645838921407
"6862",81,2004,10,153.161127114369
"6863",81,2004,11,105.27440286082
"6864",81,2004,12,45.6601313803746
"6865",81,2005,1,11.0240608115538
"6866",81,2005,2,0
"6867",81,2005,3,36.0846842951246
"6868",81,2005,4,22.1827080376054
"6869",81,2005,5,552.24240112285
"6870",81,2005,6,494.832106321614
"6871",81,2005,7,322.028428493235
"6872",81,2005,8,421.707935145538
"6873",81,2005,9,59.7003511044519
"6874",81,2005,10,33.6288799888981
"6875",81,2005,11,85.2044904316488
"6876",81,2005,12,71.9518828380496
"6877",81,2006,1,36.8533974256154
"6878",81,2006,2,17.0623135260469
"6879",81,2006,3,18.7280790552655
"6880",81,2006,4,154.113233097154
"6881",81,2006,5,200.343812221481
"6882",81,2006,6,529.543733479332
"6883",81,2006,7,483.987619870817
"6884",81,2006,8,313.271226166365
"6885",81,2006,9,120.557305802115
"6886",81,2006,10,167.144506369795
"6887",81,2006,11,16.0068880908369
"6888",81,2006,12,104.055402299265
"6889",81,2007,1,24.2029432908777
"6890",81,2007,2,87.3758398736613
"6891",81,2007,3,36.4601869547065
"6892",81,2007,4,120.639952920519
"6893",81,2007,5,50.0960503493891
"6894",81,2007,6,182.058832485884
"6895",81,2007,7,314.13614780802
"6896",81,2007,8,165.854532368304
"6897",81,2007,9,78.9071585583077
"6898",81,2007,10,40.1636569782346
"6899",81,2007,11,10.3275013479788
"6900",81,2007,12,26.3859498897315
"6901",81,2008,1,18.3045545382808
"6902",81,2008,2,10.6051595594964
"6903",81,2008,3,20.8303520394846
"6904",81,2008,4,116.114325326923
"6905",81,2008,5,585.561769185781
"6906",81,2008,6,202.414958182962
"6907",81,2008,7,296.931534997549
"6908",81,2008,8,329.440761265247
"6909",81,2008,9,75.2661637364614
"6910",81,2008,10,32.9739822327923
"6911",81,2008,11,17.1276875970457
"6912",81,2008,12,24.5338463027777
"6913",81,2009,1,5.61139872228462
"6914",81,2009,2,26.6728828334177
"6915",81,2009,3,11.0932392862308
"6916",81,2009,4,71.4653900938846
"6917",81,2009,5,377.785913937901
"6918",81,2009,6,326.949685240833
"6919",81,2009,7,198.376546258189
"6920",81,2009,8,305.086016384
"6921",81,2009,9,139.954153261846
"6922",81,2009,10,154.620352602117
"6923",81,2009,11,118.934836252662
"6924",81,2009,12,19.1422790909696
"6925",81,2010,1,13.0917121667545
"6926",81,2010,2,62.5034532496537
"6927",81,2010,3,9.75745749278654
"6928",81,2010,4,15.5471292153996
"6929",81,2010,5,97.8156287070037
"6930",81,2010,6,357.256138033212
"6931",81,2010,7,289.081566777695
"6932",81,2010,8,204.259978015395
"6933",81,2010,9,19.7092141257496
"6934",81,2010,10,69.1091410760674
"6935",81,2010,11,45.0587970345885
"6936",81,2010,12,53.5451820065085
"6937",81,2011,1,54.8175802608453
"6938",81,2011,2,31.2436289606777
"6939",81,2011,3,69.0685138233692
"6940",81,2011,4,137.767959722089
"6941",81,2011,5,66.5679535089731
"6942",81,2011,6,318.164602560694
"6943",81,2011,7,255.775689107621
"6944",81,2011,8,405.500332249908
"6945",81,2011,9,127.717793301057
"6946",81,2011,10,29.6542014485677
"6947",81,2011,11,47.4895696690828
"6948",81,2011,12,0.628804558095538
"6949",81,2012,1,26.8521350885859
"6950",81,2012,2,154.19997056645
"6951",81,2012,3,12.9056021268846
"6952",81,2012,4,27.9616379397481
"6953",81,2012,5,298.65355983445
"6954",81,2012,6,387.540713254192
"6955",81,2012,7,66.353555195
"6956",81,2012,8,168.49257746285
"6957",81,2012,9,25.8801614938654
"6958",81,2012,10,85.7951643309192
"6959",81,2012,11,73.8583462929623
"6960",81,2012,12,209.671010240108
"6961",81,2013,1,9.43047882348269
"6962",81,2013,2,58.7535098347335
"6963",81,2013,3,8.80782806747423
"6964",81,2013,4,31.1143941262462
"6965",81,2013,5,342.82860018435
"6966",81,2013,6,199.9132245352
"6967",81,2013,7,229.821494146475
"6968",81,2013,8,211.829808132455
"6969",81,2013,9,170.621352474926
"6970",81,2013,10,74.3857817380942
"6971",81,2013,11,27.6310932688654
"6972",81,2013,12,0.245196000653846
"6973",81,2014,1,22.4024779080719
"6974",81,2014,2,19.1758213552688
"6975",81,2014,3,72.7056346016333
"6976",81,2014,4,93.1902173739846
"6977",81,2014,5,211.852284473608
"6978",81,2014,6,389.692248956038
"6979",81,2014,7,379.001859206515
"6980",81,2014,8,252.800273074045
"6981",81,2014,9,236.105478663432
"6982",81,2014,10,41.1945101591481
"6983",81,2014,11,12.3531572358554
"6984",81,2014,12,47.1224036361308
"6985",81,2015,1,0
"6986",81,2015,2,0.0585146506123077
"6987",81,2015,3,2.57794227769231
"6988",81,2015,4,37.4448160238358
"6989",81,2015,5,130.702598808658
"6990",81,2015,6,258.767454573819
"6991",81,2015,7,419.46612859871
"6992",81,2015,8,424.264112499381
"6993",81,2015,9,161.392446186968
"6994",81,2015,10,147.057107862992
"6995",81,2015,11,22.6291137065162
"6996",81,2015,12,5.11257553733115
"6997",81,2016,1,15.4163555845229
"6998",81,2016,2,9.26766835808577
"6999",81,2016,3,7.61960506205385
"7000",81,2016,4,215.494408555198
"7001",81,2016,5,112.608147927371
"7002",81,2016,6,19.8023285634698
"7003",81,2016,7,296.669383733465
"7004",81,2016,8,165.26125004108
"7005",81,2016,9,47.3203542937577
"7006",81,2016,10,162.4311336885
"7007",81,2016,11,21.5206577806524
"7008",81,2016,12,51.7548575260358
"7009",81,2017,1,20.0739855752962
"7010",81,2017,2,30.07527383961
"7011",81,2017,3,42.7469801523346
"7012",81,2017,4,83.5453117799362
"7013",81,2017,5,191.548316859885
"7014",81,2017,6,377.720675947312
"7015",81,2017,7,182.885486146369
"7016",81,2017,8,384.538887143255
"7017",81,2017,9,126.781412528258
"7018",81,2017,10,196.132502743799
"7019",81,2017,11,69.8287107320127
"7020",81,2017,12,11.4254291404506
"7021",81,2018,1,24.8377585137346
"7022",81,2018,2,16.6970655542334
"7023",81,2018,3,81.6014352630346
"7024",81,2018,4,149.860251970425
"7025",81,2018,5,169.23816061818
"7026",81,2018,6,227.769146688677
"7027",81,2018,7,146.818211516746
"7028",81,2018,8,159.091540560015
"7029",81,2018,9,291.014569976517
"7030",81,2018,10,168.477055974335
"7031",81,2018,11,112.534327245203
"7032",81,2018,12,31.7181146904063
"7033",81,2019,1,43.1222575511769
"7034",81,2019,2,9.87943804961923
"7035",81,2019,3,14.4882365080154
"7036",81,2019,4,21.8692346711923
"7037",81,2019,5,291.501437869738
"7038",81,2019,6,392.049176715615
"7039",81,2019,7,174.367363545639
"7040",81,2019,8,122.224984522345
"7041",81,2019,9,112.099158586548
"7042",81,2019,10,68.6813728766038
"7043",81,2019,11,22.8419274430019
"7044",81,2019,12,16.6809637258269
"7045",81,2020,1,20.3674703246621
"7046",81,2020,2,7.44455164475585
"7047",81,2020,3,4.23417956869231
"7048",81,2020,4,70.4012921235904
"7049",81,2020,5,0
"7050",81,2020,6,0
"7051",81,2020,7,0
"7052",81,2020,8,0
"7053",81,2020,9,0
"7054",81,2020,10,0
"7055",81,2020,11,0
"7056",81,2020,12,0
"7057",83,1979,1,20.8976629297946
"7058",83,1979,2,16.452173562113
"7059",83,1979,3,25.0722541105228
"7060",83,1979,4,40.5555158184263
"7061",83,1979,5,289.574491947435
"7062",83,1979,6,99.6539445096281
"7063",83,1979,7,461.999658522731
"7064",83,1979,8,482.215001113222
"7065",83,1979,9,219.444084324178
"7066",83,1979,10,100.378561607248
"7067",83,1979,11,186.170054937599
"7068",83,1979,12,142.754542091135
"7069",83,1980,1,0.334767084868922
"7070",83,1980,2,236.738345460063
"7071",83,1980,3,40.3178678855323
"7072",83,1980,4,359.366400430436
"7073",83,1980,5,688.530259708205
"7074",83,1980,6,409.140076779507
"7075",83,1980,7,290.856043863486
"7076",83,1980,8,257.153547968396
"7077",83,1980,9,100.553257994322
"7078",83,1980,10,2.21433805433312
"7079",83,1980,11,94.1518459011019
"7080",83,1980,12,116.336795153956
"7081",83,1981,1,201.36579738694
"7082",83,1981,2,26.2041693789505
"7083",83,1981,3,69.862829397973
"7084",83,1981,4,138.31509464359
"7085",83,1981,5,805.477566761402
"7086",83,1981,6,255.39213598143
"7087",83,1981,7,316.545725310846
"7088",83,1981,8,152.733112834273
"7089",83,1981,9,116.494088178528
"7090",83,1981,10,88.0764993965141
"7091",83,1981,11,30.2093349041324
"7092",83,1981,12,37.6317828172009
"7093",83,1982,1,68.5275174783707
"7094",83,1982,2,61.1728429946599
"7095",83,1982,3,62.4564592916849
"7096",83,1982,4,43.3328540201351
"7097",83,1982,5,404.575573758552
"7098",83,1982,6,526.214658848042
"7099",83,1982,7,542.809703412638
"7100",83,1982,8,296.422479514517
"7101",83,1982,9,277.069557992847
"7102",83,1982,10,285.919867814989
"7103",83,1982,11,97.0822913407127
"7104",83,1982,12,4.15783578366422
"7105",83,1983,1,105.928190583145
"7106",83,1983,2,5.52213953112957
"7107",83,1983,3,7.32277393500946
"7108",83,1983,4,145.081256436549
"7109",83,1983,5,197.004345780911
"7110",83,1983,6,381.644970108556
"7111",83,1983,7,312.453343082022
"7112",83,1983,8,225.447313246123
"7113",83,1983,9,144.398099246481
"7114",83,1983,10,81.02391610104
"7115",83,1983,11,3.66844128614865
"7116",83,1983,12,17.8887687818943
"7117",83,1984,1,43.7178437466492
"7118",83,1984,2,76.8322039362924
"7119",83,1984,3,58.4812045949724
"7120",83,1984,4,51.9320430982887
"7121",83,1984,5,737.510955497226
"7122",83,1984,6,355.382659257848
"7123",83,1984,7,441.14045014847
"7124",83,1984,8,132.259544533103
"7125",83,1984,9,214.249907695498
"7126",83,1984,10,258.5379511067
"7127",83,1984,11,45.6606905416467
"7128",83,1984,12,17.4545910243373
"7129",83,1985,1,68.8592148936004
"7130",83,1985,2,9.57285836515969
"7131",83,1985,3,79.9781249871916
"7132",83,1985,4,185.173309765216
"7133",83,1985,5,473.731522737187
"7134",83,1985,6,228.746890993053
"7135",83,1985,7,231.2925109108
"7136",83,1985,8,114.150502385826
"7137",83,1985,9,179.301241878442
"7138",83,1985,10,179.223063477872
"7139",83,1985,11,93.5174978755479
"7140",83,1985,12,3.86461117491162
"7141",83,1986,1,33.9369130078597
"7142",83,1986,2,66.4485583993122
"7143",83,1986,3,88.7400844726319
"7144",83,1986,4,222.771884624912
"7145",83,1986,5,482.914008013873
"7146",83,1986,6,533.271203546343
"7147",83,1986,7,188.631478946992
"7148",83,1986,8,287.510297407949
"7149",83,1986,9,92.3936546927919
"7150",83,1986,10,92.711904673456
"7151",83,1986,11,251.981227728527
"7152",83,1986,12,27.4191682557222
"7153",83,1987,1,0.0299745769440541
"7154",83,1987,2,28.459204497203
"7155",83,1987,3,100.292006913777
"7156",83,1987,4,81.1542672424371
"7157",83,1987,5,194.352304879142
"7158",83,1987,6,216.117641205714
"7159",83,1987,7,492.790269304066
"7160",83,1987,8,300.606820879728
"7161",83,1987,9,148.385879695251
"7162",83,1987,10,131.516446609667
"7163",83,1987,11,65.5978729812343
"7164",83,1987,12,39.4413787283641
"7165",83,1988,1,58.7836630255459
"7166",83,1988,2,1.78185116717297
"7167",83,1988,3,110.131362259769
"7168",83,1988,4,94.0223886129197
"7169",83,1988,5,131.395562770844
"7170",83,1988,6,416.612349445096
"7171",83,1988,7,244.279319289108
"7172",83,1988,8,370.607469258626
"7173",83,1988,9,72.0601024317806
"7174",83,1988,10,119.722099528357
"7175",83,1988,11,20.6883779261886
"7176",83,1988,12,56.5715064217408
"7177",83,1989,1,34.892942205699
"7178",83,1989,2,14.7716210248916
"7179",83,1989,3,34.4468679650656
"7180",83,1989,4,16.0686464832124
"7181",83,1989,5,89.7435359078895
"7182",83,1989,6,429.872501584594
"7183",83,1989,7,281.925164328728
"7184",83,1989,8,276.365961111521
"7185",83,1989,9,60.5176454015361
"7186",83,1989,10,72.9288988800243
"7187",83,1989,11,26.0123199699361
"7188",83,1989,12,163.744771160129
"7189",83,1990,1,24.8583594059178
"7190",83,1990,2,49.5165192746172
"7191",83,1990,3,135.892265693063
"7192",83,1990,4,155.417902107572
"7193",83,1990,5,234.396035501296
"7194",83,1990,6,216.904698398187
"7195",83,1990,7,167.098939177251
"7196",83,1990,8,227.144092922473
"7197",83,1990,9,304.438785718233
"7198",83,1990,10,61.9500209385933
"7199",83,1990,11,72.5308716861342
"7200",83,1990,12,26.3861311202821
"7201",83,1991,1,29.6913798627461
"7202",83,1991,2,11.4346021641054
"7203",83,1991,3,39.2337906266919
"7204",83,1991,4,240.446480587635
"7205",83,1991,5,657.36573760464
"7206",83,1991,6,225.185841989646
"7207",83,1991,7,344.263081919697
"7208",83,1991,8,118.122595354704
"7209",83,1991,9,179.908007228775
"7210",83,1991,10,96.7087981542005
"7211",83,1991,11,53.9406213658298
"7212",83,1991,12,182.015455455275
"7213",83,1992,1,0.572328264097135
"7214",83,1992,2,41.8102366596152
"7215",83,1992,3,80.5915280654969
"7216",83,1992,4,198.853610551637
"7217",83,1992,5,703.302359335828
"7218",83,1992,6,436.945258887296
"7219",83,1992,7,165.799043466114
"7220",83,1992,8,154.58957397534
"7221",83,1992,9,171.066892648462
"7222",83,1992,10,136.792967335419
"7223",83,1992,11,39.3870744067686
"7224",83,1992,12,89.6489626376343
"7225",83,1993,1,39.8044268589569
"7226",83,1993,2,1.57790716958913
"7227",83,1993,3,60.2912382945651
"7228",83,1993,4,200.758088636771
"7229",83,1993,5,489.549859054901
"7230",83,1993,6,560.568121260351
"7231",83,1993,7,322.873560872386
"7232",83,1993,8,285.386441219784
"7233",83,1993,9,68.1431825388378
"7234",83,1993,10,127.001329377909
"7235",83,1993,11,73.9899746648443
"7236",83,1993,12,94.0687168493846
"7237",83,1994,1,28.2549950318597
"7238",83,1994,2,19.7356580029329
"7239",83,1994,3,43.5837676178389
"7240",83,1994,4,253.606441742693
"7241",83,1994,5,185.400023352896
"7242",83,1994,6,422.479713357601
"7243",83,1994,7,417.759277633779
"7244",83,1994,8,71.823295704881
"7245",83,1994,9,293.909846500418
"7246",83,1994,10,160.350186579582
"7247",83,1994,11,83.4737560367873
"7248",83,1994,12,103.850878331077
"7249",83,1995,1,18.0468589827069
"7250",83,1995,2,1.95228688805676
"7251",83,1995,3,53.0123959529054
"7252",83,1995,4,223.894307960868
"7253",83,1995,5,102.846542630367
"7254",83,1995,6,548.592165847142
"7255",83,1995,7,460.282382632424
"7256",83,1995,8,394.117863234054
"7257",83,1995,9,72.6542884862705
"7258",83,1995,10,111.031727075503
"7259",83,1995,11,14.8186581982492
"7260",83,1995,12,0.227988183432432
"7261",83,1996,1,22.0693011718016
"7262",83,1996,2,49.4527869419495
"7263",83,1996,3,103.847844142398
"7264",83,1996,4,121.776405722069
"7265",83,1996,5,161.001599570263
"7266",83,1996,6,211.04095355881
"7267",83,1996,7,68.3512756122482
"7268",83,1996,8,246.41953637999
"7269",83,1996,9,71.997750830519
"7270",83,1996,10,70.0344848945198
"7271",83,1996,11,82.9809931367609
"7272",83,1996,12,31.0084246110382
"7273",83,1997,1,59.2890057807081
"7274",83,1997,2,47.3504739849289
"7275",83,1997,3,13.4857178751749
"7276",83,1997,4,465.606968438897
"7277",83,1997,5,186.839465417883
"7278",83,1997,6,566.501333798992
"7279",83,1997,7,321.25383644488
"7280",83,1997,8,195.721031681423
"7281",83,1997,9,231.163453256298
"7282",83,1997,10,222.113713537165
"7283",83,1997,11,121.687869700884
"7284",83,1997,12,61.2786629423526
"7285",83,1998,1,11.5611849025679
"7286",83,1998,2,19.8861099505292
"7287",83,1998,3,25.5828782053519
"7288",83,1998,4,84.9263576862973
"7289",83,1998,5,131.567513966977
"7290",83,1998,6,133.17281303461
"7291",83,1998,7,143.82032564991
"7292",83,1998,8,161.552928604352
"7293",83,1998,9,91.4871718591589
"7294",83,1998,10,5.61754476025946
"7295",83,1998,11,34.5421983372916
"7296",83,1998,12,44.2225070484965
"7297",83,1999,1,20.004766549127
"7298",83,1999,2,34.1838565609165
"7299",83,1999,3,34.8154801765692
"7300",83,1999,4,51.1411833200579
"7301",83,1999,5,226.189981076096
"7302",83,1999,6,453.917030898595
"7303",83,1999,7,121.793179719924
"7304",83,1999,8,335.314503481426
"7305",83,1999,9,294.505594972345
"7306",83,1999,10,38.7892376881549
"7307",83,1999,11,29.3379553902595
"7308",83,1999,12,21.2330156939773
"7309",83,2000,1,31.7689698722773
"7310",83,2000,2,188.611417444071
"7311",83,2000,3,45.6900848084438
"7312",83,2000,4,100.196347108837
"7313",83,2000,5,100.662518889421
"7314",83,2000,6,763.699185660028
"7315",83,2000,7,173.483970365684
"7316",83,2000,8,255.238859124852
"7317",83,2000,9,303.210873699161
"7318",83,2000,10,71.8564132574051
"7319",83,2000,11,73.7596363509495
"7320",83,2000,12,71.3652431012089
"7321",83,2001,1,122.128624120503
"7322",83,2001,2,18.3795197857897
"7323",83,2001,3,59.4507021863178
"7324",83,2001,4,77.2706779814183
"7325",83,2001,5,517.054532279475
"7326",83,2001,6,353.418208819903
"7327",83,2001,7,677.933837590799
"7328",83,2001,8,251.184736207218
"7329",83,2001,9,46.1532947324577
"7330",83,2001,10,36.0577522736148
"7331",83,2001,11,80.0299866399957
"7332",83,2001,12,0.0299861966440541
"7333",83,2002,1,25.3574863729695
"7334",83,2002,2,119.175923016449
"7335",83,2002,3,190.881628433627
"7336",83,2002,4,137.673579549972
"7337",83,2002,5,276.370059344239
"7338",83,2002,6,271.028311062168
"7339",83,2002,7,195.673728417019
"7340",83,2002,8,432.484902230062
"7341",83,2002,9,178.712927154801
"7342",83,2002,10,409.800974531745
"7343",83,2002,11,152.903204181316
"7344",83,2002,12,58.8945311948505
"7345",83,2003,1,40.3721837148842
"7346",83,2003,2,5.12930903799108
"7347",83,2003,3,23.0100230657514
"7348",83,2003,4,39.4310944640919
"7349",83,2003,5,106.455762117077
"7350",83,2003,6,606.917400116271
"7351",83,2003,7,228.171874663438
"7352",83,2003,8,123.559213588449
"7353",83,2003,9,212.295439706672
"7354",83,2003,10,133.562244869216
"7355",83,2003,11,112.36066972233
"7356",83,2003,12,80.0458651853859
"7357",83,2004,1,4.14269722667287
"7358",83,2004,2,21.9253004029087
"7359",83,2004,3,96.0529383654773
"7360",83,2004,4,291.211337975211
"7361",83,2004,5,32.6447703368679
"7362",83,2004,6,441.379282279484
"7363",83,2004,7,347.313269447147
"7364",83,2004,8,126.003381157243
"7365",83,2004,9,170.323653816477
"7366",83,2004,10,186.719614882987
"7367",83,2004,11,142.16914445204
"7368",83,2004,12,46.9702921546186
"7369",83,2005,1,27.6998570691152
"7370",83,2005,2,3.04723164091189
"7371",83,2005,3,61.7666648555548
"7372",83,2005,4,43.6656261971515
"7373",83,2005,5,591.262512941238
"7374",83,2005,6,490.78713839289
"7375",83,2005,7,300.888601524969
"7376",83,2005,8,396.174274318645
"7377",83,2005,9,59.5979540500432
"7378",83,2005,10,42.4211906806005
"7379",83,2005,11,161.649273530463
"7380",83,2005,12,70.2609952540138
"7381",83,2006,1,62.5923319111688
"7382",83,2006,2,28.9992374472171
"7383",83,2006,3,53.5863692342647
"7384",83,2006,4,186.747001310514
"7385",83,2006,5,216.65047999473
"7386",83,2006,6,535.935866480224
"7387",83,2006,7,497.008709923595
"7388",83,2006,8,337.222525153974
"7389",83,2006,9,165.023799182285
"7390",83,2006,10,184.009604334037
"7391",83,2006,11,30.6161154658312
"7392",83,2006,12,137.462881123155
"7393",83,2007,1,32.671312458861
"7394",83,2007,2,73.8287343371743
"7395",83,2007,3,31.3439352234027
"7396",83,2007,4,156.999704014676
"7397",83,2007,5,79.3894030083438
"7398",83,2007,6,229.091763639532
"7399",83,2007,7,332.756761144708
"7400",83,2007,8,184.036653734916
"7401",83,2007,9,90.0124591201378
"7402",83,2007,10,70.8110445568022
"7403",83,2007,11,19.6402141091731
"7404",83,2007,12,48.1456161144541
"7405",83,2008,1,35.861319510303
"7406",83,2008,2,30.1334638852635
"7407",83,2008,3,18.2249482801757
"7408",83,2008,4,105.192759739469
"7409",83,2008,5,514.225324091092
"7410",83,2008,6,212.516935661014
"7411",83,2008,7,341.67391659871
"7412",83,2008,8,437.107548873897
"7413",83,2008,9,89.6867919993543
"7414",83,2008,10,52.5149026860994
"7415",83,2008,11,44.1165961948204
"7416",83,2008,12,31.5063587513511
"7417",83,2009,1,12.4796173702386
"7418",83,2009,2,50.0475592641722
"7419",83,2009,3,25.9265873819946
"7420",83,2009,4,86.6792176274057
"7421",83,2009,5,435.686253132343
"7422",83,2009,6,322.372662301743
"7423",83,2009,7,186.502855571358
"7424",83,2009,8,390.915174210721
"7425",83,2009,9,133.826422289238
"7426",83,2009,10,236.990209347982
"7427",83,2009,11,171.250948910089
"7428",83,2009,12,46.0282981061541
"7429",83,2010,1,24.972239413792
"7430",83,2010,2,78.0127725592689
"7431",83,2010,3,44.9665199262394
"7432",83,2010,4,33.0525816359941
"7433",83,2010,5,102.984920692539
"7434",83,2010,6,386.588764967966
"7435",83,2010,7,317.785987903474
"7436",83,2010,8,257.068759108735
"7437",83,2010,9,36.5410555819219
"7438",83,2010,10,92.0125478003268
"7439",83,2010,11,70.8524819605417
"7440",83,2010,12,98.0990116073189
"7441",83,2011,1,90.9962159831811
"7442",83,2011,2,40.8362915389622
"7443",83,2011,3,78.5241447868377
"7444",83,2011,4,175.98525232581
"7445",83,2011,5,70.6718241774784
"7446",83,2011,6,309.501637201567
"7447",83,2011,7,254.620343803521
"7448",83,2011,8,382.624048071865
"7449",83,2011,9,165.353005841599
"7450",83,2011,10,35.396707405233
"7451",83,2011,11,71.6055091088875
"7452",83,2011,12,3.1343821115327
"7453",83,2012,1,73.6358585908117
"7454",83,2012,2,175.656297501631
"7455",83,2012,3,37.5126204582784
"7456",83,2012,4,32.42966979899
"7457",83,2012,5,318.249944008272
"7458",83,2012,6,409.590011314954
"7459",83,2012,7,100.597441292663
"7460",83,2012,8,143.342630363138
"7461",83,2012,9,69.6961961939927
"7462",83,2012,10,79.8320001612837
"7463",83,2012,11,52.7063311967526
"7464",83,2012,12,229.02607430184
"7465",83,2013,1,20.7977417416854
"7466",83,2013,2,68.6812425353965
"7467",83,2013,3,23.9543701709324
"7468",83,2013,4,69.3293315343176
"7469",83,2013,5,331.36495241947
"7470",83,2013,6,218.48666074557
"7471",83,2013,7,218.796930317244
"7472",83,2013,8,258.577440704675
"7473",83,2013,9,183.766552397538
"7474",83,2013,10,70.4314941775582
"7475",83,2013,11,51.5696910713954
"7476",83,2013,12,6.23149677291865
"7477",83,2014,1,60.4919327986308
"7478",83,2014,2,39.9322429656773
"7479",83,2014,3,111.898998918169
"7480",83,2014,4,107.382781668714
"7481",83,2014,5,256.735286855271
"7482",83,2014,6,408.688605962016
"7483",83,2014,7,393.600289506198
"7484",83,2014,8,244.492043022129
"7485",83,2014,9,281.304834400892
"7486",83,2014,10,78.9904537219514
"7487",83,2014,11,28.7051134567303
"7488",83,2014,12,36.323569863028
"7489",83,2015,1,0.00271277548732432
"7490",83,2015,2,1.53152500710984
"7491",83,2015,3,0.659377620237838
"7492",83,2015,4,64.9659482476622
"7493",83,2015,5,217.233340636987
"7494",83,2015,6,371.737878623003
"7495",83,2015,7,412.353429180695
"7496",83,2015,8,393.231694810727
"7497",83,2015,9,168.103393440423
"7498",83,2015,10,119.648034601389
"7499",83,2015,11,40.0320824712856
"7500",83,2015,12,37.8475984527161
"7501",83,2016,1,23.2432856874
"7502",83,2016,2,3.85290546255511
"7503",83,2016,3,23.0422166735135
"7504",83,2016,4,188.396687544933
"7505",83,2016,5,100.252946004075
"7506",83,2016,6,18.3152873769133
"7507",83,2016,7,319.889842736349
"7508",83,2016,8,230.700453036316
"7509",83,2016,9,60.3477308637903
"7510",83,2016,10,176.930396443144
"7511",83,2016,11,43.5650930658588
"7512",83,2016,12,89.0494984306209
"7513",83,2017,1,32.5908359079356
"7514",83,2017,2,51.209506161593
"7515",83,2017,3,59.3729813635932
"7516",83,2017,4,90.4519364920902
"7517",83,2017,5,173.169730359265
"7518",83,2017,6,364.776719069808
"7519",83,2017,7,195.961881343555
"7520",83,2017,8,396.210056868258
"7521",83,2017,9,133.117960227181
"7522",83,2017,10,242.181704439455
"7523",83,2017,11,68.0446375284504
"7524",83,2017,12,32.5451583738662
"7525",83,2018,1,38.3546035456083
"7526",83,2018,2,29.8440058224094
"7527",83,2018,3,112.820462466316
"7528",83,2018,4,180.295655129581
"7529",83,2018,5,221.201285662326
"7530",83,2018,6,288.233387427322
"7531",83,2018,7,150.461656416821
"7532",83,2018,8,184.212661067566
"7533",83,2018,9,319.016757835679
"7534",83,2018,10,176.825023676246
"7535",83,2018,11,147.878000236977
"7536",83,2018,12,51.6052684764661
"7537",83,2019,1,67.3489942224084
"7538",83,2019,2,24.2883759798063
"7539",83,2019,3,30.7148293745049
"7540",83,2019,4,29.9208410887996
"7541",83,2019,5,307.710909295544
"7542",83,2019,6,462.357629185756
"7543",83,2019,7,305.831214114126
"7544",83,2019,8,154.031304516883
"7545",83,2019,9,107.453033628466
"7546",83,2019,10,97.9770812462654
"7547",83,2019,11,53.7809728525757
"7548",83,2019,12,23.2275225311268
"7549",83,2020,1,34.6596746735002
"7550",83,2020,2,19.4496734238016
"7551",83,2020,3,15.9275762816881
"7552",83,2020,4,68.1292944131484
"7553",83,2020,5,0
"7554",83,2020,6,0
"7555",83,2020,7,0
"7556",83,2020,8,0
"7557",83,2020,9,0
"7558",83,2020,10,0
"7559",83,2020,11,0
"7560",83,2020,12,0
