"","cuenca","year","month","pp_mean"
"1",10,2004,1,106.27091875822
"2",10,2004,2,94.5456227751382
"3",10,2004,3,25.7588160769336
"4",10,2004,4,1.71790183750818
"5",10,2004,5,0.00232252513327273
"6",10,2004,6,0.0995678108090909
"7",10,2004,7,22.7410600108636
"8",10,2004,8,58.6475029213764
"9",10,2004,9,3.26984572608391
"10",10,2004,10,1.24838776137982
"11",10,2004,11,0
"12",10,2004,12,33.6119921873791
"13",10,2005,1,86.5393572083218
"14",10,2005,2,117.104421036515
"15",10,2005,3,37.1712126044318
"16",10,2005,4,7.21025824866545
"17",10,2005,5,0.499399457309091
"18",10,2005,6,0
"19",10,2005,7,1.84151579099091
"20",10,2005,8,0
"21",10,2005,9,20.7005232395609
"22",10,2005,10,1.57551479707655
"23",10,2005,11,7.42029566788091
"24",10,2005,12,80.5327340766691
"25",10,2006,1,120.371223797127
"26",10,2006,2,94.0813455560182
"27",10,2006,3,92.2885873721273
"28",10,2006,4,12.2333755254709
"29",10,2006,5,7.06142827927273
"30",10,2006,6,0.00137108236363637
"31",10,2006,7,1.41479126272727
"32",10,2006,8,0.00063793829
"33",10,2006,9,8.39683325732373
"34",10,2006,10,10.0655557834065
"35",10,2006,11,10.2138933876545
"36",10,2006,12,25.9584016419291
"37",10,2007,1,71.1519914564309
"38",10,2007,2,72.7837541155091
"39",10,2007,3,48.2151256221309
"40",10,2007,4,2.91929988645455
"41",10,2007,5,0.157812159536364
"42",10,2007,6,1.51070345211273
"43",10,2007,7,0.547089492549091
"44",10,2007,8,0.4171363526
"45",10,2007,9,8.85785442644418
"46",10,2007,10,4.52825828062609
"47",10,2007,11,15.5138082259091
"48",10,2007,12,33.0348586063764
"49",10,2008,1,115.880119824805
"50",10,2008,2,36.99264739285
"51",10,2008,3,37.5117458701909
"52",10,2008,4,0.000902370038727273
"53",10,2008,5,0.160262186832727
"54",10,2008,6,0.968833710481818
"55",10,2008,7,0.10974946475
"56",10,2008,8,2.12867187881818
"57",10,2008,9,0.01486798846
"58",10,2008,10,0.486076158257818
"59",10,2008,11,0.143332691818182
"60",10,2008,12,69.8451830153173
"61",10,2009,1,41.3100298590918
"62",10,2009,2,95.7733713619091
"63",10,2009,3,42.5615574113
"64",10,2009,4,26.5789586667918
"65",10,2009,5,0.00430298490909091
"66",10,2009,6,0.000553664463636364
"67",10,2009,7,4.52640937474527
"68",10,2009,8,0.00296348687272727
"69",10,2009,9,0.574863247293636
"70",10,2009,10,0.00851050102
"71",10,2009,11,30.7288789223206
"72",10,2009,12,40.7648481558364
"73",10,2010,1,81.4918535057864
"74",10,2010,2,69.5900227467488
"75",10,2010,3,20.4225853482809
"76",10,2010,4,14.9518141004773
"77",10,2010,5,10.4335555977909
"78",10,2010,6,0.000195865290909091
"79",10,2010,7,0.140622211691909
"80",10,2010,8,0.824522670983182
"81",10,2010,9,2.40554217737273
"82",10,2010,10,6.27934325220809
"83",10,2010,11,0.0657756702727273
"84",10,2010,12,43.3284801934909
"85",10,2011,1,94.1365329426455
"86",10,2011,2,137.101381824102
"87",10,2011,3,37.6209105154727
"88",10,2011,4,23.2739140823564
"89",10,2011,5,6.68147855629727
"90",10,2011,6,0.880529328073636
"91",10,2011,7,16.6241074207909
"92",10,2011,8,0.227179621209091
"93",10,2011,9,6.25159213968273
"94",10,2011,10,0.930212777011636
"95",10,2011,11,3.44610650473091
"96",10,2011,12,75.8300581843336
"97",10,2012,1,106.818679714182
"98",10,2012,2,123.869320906671
"99",10,2012,3,49.5859716930373
"100",10,2012,4,26.7282242406809
"101",10,2012,5,1.38748297986364
"102",10,2012,6,0.00153308070163637
"103",10,2012,7,3.61464780413082
"104",10,2012,8,0.0176826161278155
"105",10,2012,9,4.49281439156636
"106",10,2012,10,12.6015895005909
"107",10,2012,11,3.39274019979418
"108",10,2012,12,98.2592797427736
"109",10,2013,1,86.85479378644
"110",10,2013,2,77.02302424429
"111",10,2013,3,38.6882911597291
"112",10,2013,4,1.01616567318545
"113",10,2013,5,15.8936927026636
"114",10,2013,6,25.7931126810064
"115",10,2013,7,6.96048244029
"116",10,2013,8,6.95390275349909
"117",10,2013,9,0.00286444688972727
"118",10,2013,10,8.65628575774382
"119",10,2013,11,2.72259012107391
"120",10,2013,12,69.9658766366027
"121",10,2014,1,90.52423050336
"122",10,2014,2,16.2901617600745
"123",10,2014,3,18.1506093754791
"124",10,2014,4,23.5688375007455
"125",10,2014,5,1.87962965495455
"126",10,2014,6,0.00156909514
"127",10,2014,7,0.146714436926909
"128",10,2014,8,9.10986642010909
"129",10,2014,9,4.73364952692091
"130",10,2014,10,14.7968173406155
"131",10,2014,11,13.6979661946582
"132",10,2014,12,20.5871451775182
"133",101,2004,1,18.4581648751769
"134",101,2004,2,50.1578291926845
"135",101,2004,3,118.601387964851
"136",101,2004,4,378.930765962384
"137",101,2004,5,31.0419969410692
"138",101,2004,6,567.581907169154
"139",101,2004,7,341.644762236733
"140",101,2004,8,192.2836765565
"141",101,2004,9,193.538800668148
"142",101,2004,10,246.073370934495
"143",101,2004,11,125.977834663528
"144",101,2004,12,90.7387563007231
"145",101,2005,1,54.0650138104077
"146",101,2005,2,6.3604415479
"147",101,2005,3,117.4198183354
"148",101,2005,4,94.3275400454846
"149",101,2005,5,666.802451786231
"150",101,2005,6,489.169817998927
"151",101,2005,7,288.109861533377
"152",101,2005,8,349.522144512946
"153",101,2005,9,98.2198665415923
"154",101,2005,10,80.4019562878
"155",101,2005,11,272.824461179923
"156",101,2005,12,70.3721321625238
"157",101,2006,1,151.884672298558
"158",101,2006,2,46.0858055054231
"159",101,2006,3,118.278986092031
"160",101,2006,4,229.688881342308
"161",101,2006,5,233.254090426046
"162",101,2006,6,554.993015526854
"163",101,2006,7,508.150959842321
"164",101,2006,8,305.423780747123
"165",101,2006,9,188.165004775367
"166",101,2006,10,207.423986195239
"167",101,2006,11,76.0610793676692
"168",101,2006,12,196.113591197556
"169",101,2007,1,34.3640224174154
"170",101,2007,2,60.3789536593208
"171",101,2007,3,49.2280023048469
"172",101,2007,4,218.408505240279
"173",101,2007,5,126.398133042666
"174",101,2007,6,283.704471254505
"175",101,2007,7,353.957405570098
"176",101,2007,8,212.823041429369
"177",101,2007,9,165.509994994676
"178",101,2007,10,194.335961814672
"179",101,2007,11,61.8182845640955
"180",101,2007,12,65.9200252579674
"181",101,2008,1,53.965588908182
"182",101,2008,2,35.9250981396015
"183",101,2008,3,67.8561234886154
"184",101,2008,4,142.912615441868
"185",101,2008,5,408.553126095392
"186",101,2008,6,212.61933092401
"187",101,2008,7,494.271657593554
"188",101,2008,8,574.702801390846
"189",101,2008,9,63.5389101764841
"190",101,2008,10,77.8135316314739
"191",101,2008,11,104.739769552308
"192",101,2008,12,32.6063433765794
"193",101,2009,1,29.1529859873869
"194",101,2009,2,58.7152558396462
"195",101,2009,3,65.6383484194615
"196",101,2009,4,149.286919125549
"197",101,2009,5,496.557541165923
"198",101,2009,6,297.749696359
"199",101,2009,7,197.65500840608
"200",101,2009,8,560.571974483829
"201",101,2009,9,121.522611106506
"202",101,2009,10,308.753229495769
"203",101,2009,11,220.314552153557
"204",101,2009,12,134.320403065195
"205",101,2010,1,57.4306542033661
"206",101,2010,2,133.626047962923
"207",101,2010,3,99.8155798327219
"208",101,2010,4,71.3715938981469
"209",101,2010,5,139.519361715639
"210",101,2010,6,440.703966759015
"211",101,2010,7,324.183470550331
"212",101,2010,8,358.780670712777
"213",101,2010,9,73.1812119728615
"214",101,2010,10,144.041306615462
"215",101,2010,11,120.388767024418
"216",101,2010,12,121.775452090065
"217",101,2011,1,98.7844876218692
"218",101,2011,2,47.3567736961538
"219",101,2011,3,146.502107788674
"220",101,2011,4,196.673205509885
"221",101,2011,5,168.58156344536
"222",101,2011,6,300.408671387005
"223",101,2011,7,306.512367544185
"224",101,2011,8,368.712073242231
"225",101,2011,9,264.074354133199
"226",101,2011,10,59.9314221491231
"227",101,2011,11,104.143673159974
"228",101,2011,12,35.7070155642423
"229",101,2012,1,136.223184160147
"230",101,2012,2,189.603899413003
"231",101,2012,3,59.8482396007462
"232",101,2012,4,78.6359028467539
"233",101,2012,5,340.303294057585
"234",101,2012,6,441.653409198409
"235",101,2012,7,183.700294087885
"236",101,2012,8,249.951688493923
"237",101,2012,9,123.456018071851
"238",101,2012,10,85.3012285288722
"239",101,2012,11,44.2357377341662
"240",101,2012,12,369.624625548856
"241",101,2013,1,29.0314055662115
"242",101,2013,2,141.421186239462
"243",101,2013,3,60.6151360687
"244",101,2013,4,151.32059641263
"245",101,2013,5,358.146532940931
"246",101,2013,6,272.144675429699
"247",101,2013,7,239.374106598176
"248",101,2013,8,309.346313640446
"249",101,2013,9,247.2617100988
"250",101,2013,10,82.0674869928485
"251",101,2013,11,124.478790726523
"252",101,2013,12,28.5059053176154
"253",101,2014,1,136.830509941923
"254",101,2014,2,58.20157553
"255",101,2014,3,160.605528308696
"256",101,2014,4,137.919514863941
"257",101,2014,5,334.549941257103
"258",101,2014,6,410.011346118808
"259",101,2014,7,404.072566498462
"260",101,2014,8,250.277300590615
"261",101,2014,9,307.863417134308
"262",101,2014,10,153.232780998403
"263",101,2014,11,72.5012348275723
"264",101,2014,12,48.5240852913631
"265",103,2004,1,38.5341112284206
"266",103,2004,2,64.4526649945117
"267",103,2004,3,139.022095614528
"268",103,2004,4,433.716832299317
"269",103,2004,5,36.3530220546139
"270",103,2004,6,563.328612681322
"271",103,2004,7,286.080920558718
"272",103,2004,8,211.752787170673
"273",103,2004,9,193.505235019403
"274",103,2004,10,254.433540367544
"275",103,2004,11,137.704586219089
"276",103,2004,12,148.201048143812
"277",103,2005,1,99.3769168945667
"278",103,2005,2,16.8619255901222
"279",103,2005,3,176.166568865308
"280",103,2005,4,144.870391357267
"281",103,2005,5,631.641152034633
"282",103,2005,6,423.403877221989
"283",103,2005,7,263.252726933599
"284",103,2005,8,309.42852754314
"285",103,2005,9,104.641052874796
"286",103,2005,10,93.7834203444989
"287",103,2005,11,297.006167265584
"288",103,2005,12,68.2308187033002
"289",103,2006,1,203.238921495111
"290",103,2006,2,62.2190291915499
"291",103,2006,3,152.836512849549
"292",103,2006,4,235.883152770814
"293",103,2006,5,220.236974909272
"294",103,2006,6,492.874765508778
"295",103,2006,7,451.076390743369
"296",103,2006,8,262.333925233422
"297",103,2006,9,188.071122030746
"298",103,2006,10,233.702941560002
"299",103,2006,11,103.299143488801
"300",103,2006,12,246.764701953112
"301",103,2007,1,32.7324710567624
"302",103,2007,2,68.3913838514994
"303",103,2007,3,71.6819325211319
"304",103,2007,4,220.087188895649
"305",103,2007,5,137.51761621435
"306",103,2007,6,244.83740612146
"307",103,2007,7,322.9894831365
"308",103,2007,8,204.770061244837
"309",103,2007,9,202.602201749217
"310",103,2007,10,233.473115299291
"311",103,2007,11,78.2253853212667
"312",103,2007,12,90.3420987397611
"313",103,2008,1,71.1599072018811
"314",103,2008,2,48.9927372492522
"315",103,2008,3,94.1446872459511
"316",103,2008,4,170.673749125747
"317",103,2008,5,397.01716394925
"318",103,2008,6,223.393170096508
"319",103,2008,7,473.809608531806
"320",103,2008,8,483.815104246933
"321",103,2008,9,74.7588773393522
"322",103,2008,10,108.323673169167
"323",103,2008,11,127.211148025003
"324",103,2008,12,39.9300254023111
"325",103,2009,1,48.875167251417
"326",103,2009,2,89.9495859175589
"327",103,2009,3,90.8922616489967
"328",103,2009,4,165.793553053195
"329",103,2009,5,437.39543005038
"330",103,2009,6,278.467386381628
"331",103,2009,7,188.436276602667
"332",103,2009,8,523.91993580924
"333",103,2009,9,117.546936130777
"334",103,2009,10,302.147952574582
"335",103,2009,11,253.154447959761
"336",103,2009,12,170.284945689583
"337",103,2010,1,92.6636063580048
"338",103,2010,2,162.230417874422
"339",103,2010,3,120.384880042659
"340",103,2010,4,100.888006869771
"341",103,2010,5,168.913039535957
"342",103,2010,6,439.637547068779
"343",103,2010,7,302.172125003059
"344",103,2010,8,320.070789904795
"345",103,2010,9,104.147019521289
"346",103,2010,10,151.606236968345
"347",103,2010,11,145.209968466177
"348",103,2010,12,134.206424609539
"349",103,2011,1,126.49129004387
"350",103,2011,2,62.8281564876222
"351",103,2011,3,172.045735516375
"352",103,2011,4,196.814303238624
"353",103,2011,5,171.058906869998
"354",103,2011,6,293.98021078788
"355",103,2011,7,325.430206067755
"356",103,2011,8,334.590974503411
"357",103,2011,9,282.140671242533
"358",103,2011,10,82.9698546081472
"359",103,2011,11,144.948497988374
"360",103,2011,12,56.7564974867806
"361",103,2012,1,164.170736453867
"362",103,2012,2,236.534086981579
"363",103,2012,3,68.9878651459213
"364",103,2012,4,115.051116403719
"365",103,2012,5,361.92606308868
"366",103,2012,6,393.624132927111
"367",103,2012,7,214.933011399691
"368",103,2012,8,260.375034428667
"369",103,2012,9,155.318525682738
"370",103,2012,10,89.0597841749352
"371",103,2012,11,59.5435248615889
"372",103,2012,12,384.497685035111
"373",103,2013,1,49.5574304755889
"374",103,2013,2,173.419107107442
"375",103,2013,3,96.0217753245556
"376",103,2013,4,185.200922036817
"377",103,2013,5,387.717448613798
"378",103,2013,6,314.365571584687
"379",103,2013,7,217.775631348977
"380",103,2013,8,345.79819965687
"381",103,2013,9,259.771445519047
"382",103,2013,10,108.819964679072
"383",103,2013,11,131.489583105157
"384",103,2013,12,55.4505259245517
"385",103,2014,1,125.615727117339
"386",103,2014,2,77.3102572138389
"387",103,2014,3,175.023877861344
"388",103,2014,4,162.310382984233
"389",103,2014,5,344.453606338967
"390",103,2014,6,391.262967724837
"391",103,2014,7,381.721390178411
"392",103,2014,8,253.528580632608
"393",103,2014,9,296.443288634829
"394",103,2014,10,180.103093882392
"395",103,2014,11,90.5098667336597
"396",103,2014,12,74.8026433073875
"397",104,2004,1,56.680654193575
"398",104,2004,2,65.8285841051917
"399",104,2004,3,151.445130847867
"400",104,2004,4,451.212024739167
"401",104,2004,5,50.094146164775
"402",104,2004,6,559.873935973083
"403",104,2004,7,260.47138184825
"404",104,2004,8,220.064726445833
"405",104,2004,9,194.781345780532
"406",104,2004,10,262.42738512375
"407",104,2004,11,129.762571146675
"408",104,2004,12,178.001576093047
"409",104,2005,1,131.466446427156
"410",104,2005,2,20.3592328843333
"411",104,2005,3,233.391385681758
"412",104,2005,4,174.17728852469
"413",104,2005,5,628.749500773167
"414",104,2005,6,403.746509229322
"415",104,2005,7,270.774259628733
"416",104,2005,8,306.543790020413
"417",104,2005,9,117.273738055718
"418",104,2005,10,104.995921198342
"419",104,2005,11,285.779854840725
"420",104,2005,12,69.9862893942308
"421",104,2006,1,231.9416985795
"422",104,2006,2,76.8143734573583
"423",104,2006,3,177.658484833233
"424",104,2006,4,253.197215985875
"425",104,2006,5,225.783967716483
"426",104,2006,6,457.538811620183
"427",104,2006,7,439.476252012063
"428",104,2006,8,252.747609834675
"429",104,2006,9,193.556688240167
"430",104,2006,10,242.518450660033
"431",104,2006,11,113.455014530433
"432",104,2006,12,284.636355209033
"433",104,2007,1,48.7415316806417
"434",104,2007,2,85.2821443983667
"435",104,2007,3,98.6616261433042
"436",104,2007,4,222.93699997976
"437",104,2007,5,136.211970729009
"438",104,2007,6,220.527397633067
"439",104,2007,7,286.447461989858
"440",104,2007,8,196.872532870842
"441",104,2007,9,242.295969778457
"442",104,2007,10,250.943718815892
"443",104,2007,11,82.9847484122525
"444",104,2007,12,103.946995446217
"445",104,2008,1,86.3843796854167
"446",104,2008,2,69.27765999368
"447",104,2008,3,103.2628097215
"448",104,2008,4,203.559404465733
"449",104,2008,5,417.695915345833
"450",104,2008,6,270.915245084865
"451",104,2008,7,508.833322423183
"452",104,2008,8,436.0927294197
"453",104,2008,9,79.910367225975
"454",104,2008,10,120.842866086733
"455",104,2008,11,145.849257805522
"456",104,2008,12,52.3145825324167
"457",104,2009,1,67.6357763689
"458",104,2009,2,118.976169336609
"459",104,2009,3,103.641001123648
"460",104,2009,4,187.777916263417
"461",104,2009,5,394.380884025
"462",104,2009,6,281.973658831769
"463",104,2009,7,185.008989418342
"464",104,2009,8,534.149631062083
"465",104,2009,9,118.963451744734
"466",104,2009,10,287.351221058738
"467",104,2009,11,270.350079913338
"468",104,2009,12,181.912239836583
"469",104,2010,1,127.15888482495
"470",104,2010,2,200.354784098417
"471",104,2010,3,132.443986500892
"472",104,2010,4,123.236591455333
"473",104,2010,5,195.138993444942
"474",104,2010,6,402.687669105
"475",104,2010,7,297.590483720617
"476",104,2010,8,310.2890807014
"477",104,2010,9,127.418799492858
"478",104,2010,10,167.2618795375
"479",104,2010,11,157.430823216394
"480",104,2010,12,138.791304086297
"481",104,2011,1,143.0592290731
"482",104,2011,2,74.5763048889858
"483",104,2011,3,199.150731948532
"484",104,2011,4,203.522085113225
"485",104,2011,5,173.418785347472
"486",104,2011,6,301.510195205857
"487",104,2011,7,362.570583356025
"488",104,2011,8,337.006908291667
"489",104,2011,9,276.4371930362
"490",104,2011,10,89.1540991035792
"491",104,2011,11,159.367795178417
"492",104,2011,12,73.5477632236
"493",104,2012,1,158.46538796105
"494",104,2012,2,251.331276277375
"495",104,2012,3,79.8100385978333
"496",104,2012,4,139.221828221253
"497",104,2012,5,385.719300824167
"498",104,2012,6,340.555567182792
"499",104,2012,7,225.050231713133
"500",104,2012,8,289.668898806667
"501",104,2012,9,172.802887390851
"502",104,2012,10,102.976569030441
"503",104,2012,11,67.1087503696917
"504",104,2012,12,408.378646318917
"505",104,2013,1,60.2155700871833
"506",104,2013,2,193.025980234583
"507",104,2013,3,126.38977130175
"508",104,2013,4,182.891967657787
"509",104,2013,5,408.61662689
"510",104,2013,6,357.570040334644
"511",104,2013,7,226.0880572419
"512",104,2013,8,374.715556280283
"513",104,2013,9,255.990419757569
"514",104,2013,10,118.186066514667
"515",104,2013,11,134.62244408275
"516",104,2013,12,70.561925676815
"517",104,2014,1,118.862238744025
"518",104,2014,2,97.1903565493333
"519",104,2014,3,173.468504638164
"520",104,2014,4,164.686612013008
"521",104,2014,5,344.664967182542
"522",104,2014,6,403.598528305683
"523",104,2014,7,380.433790794
"524",104,2014,8,264.674598661917
"525",104,2014,9,281.541705345658
"526",104,2014,10,204.548499830694
"527",104,2014,11,105.076521686183
"528",104,2014,12,89.1111045165133
"529",105,2004,1,27.858720274725
"530",105,2004,2,48.328108775825
"531",105,2004,3,111.357556993475
"532",105,2004,4,493.58831273398
"533",105,2004,5,39.6208167535625
"534",105,2004,6,619.50606666415
"535",105,2004,7,231.76531389515
"536",105,2004,8,155.51065881275
"537",105,2004,9,206.65940577375
"538",105,2004,10,225.215730636025
"539",105,2004,11,110.734695258202
"540",105,2004,12,138.997897354844
"541",105,2005,1,90.5259573638572
"542",105,2005,2,41.1944639154021
"543",105,2005,3,193.17197729329
"544",105,2005,4,146.174540765618
"545",105,2005,5,662.372779025
"546",105,2005,6,447.071715752425
"547",105,2005,7,199.694801484157
"548",105,2005,8,289.89075279498
"549",105,2005,9,67.697615411775
"550",105,2005,10,110.471348477783
"551",105,2005,11,317.854397527291
"552",105,2005,12,62.768664834367
"553",105,2006,1,240.846366977075
"554",105,2006,2,67.24447124965
"555",105,2006,3,151.78873817966
"556",105,2006,4,217.96671165414
"557",105,2006,5,202.471564915726
"558",105,2006,6,445.2008669162
"559",105,2006,7,530.888699294025
"560",105,2006,8,242.978914616803
"561",105,2006,9,152.9465775285
"562",105,2006,10,214.632609986232
"563",105,2006,11,101.27073869557
"564",105,2006,12,289.025408084803
"565",105,2007,1,26.03269392925
"566",105,2007,2,71.7430282534619
"567",105,2007,3,58.306177816125
"568",105,2007,4,195.164125833492
"569",105,2007,5,103.6037503439
"570",105,2007,6,263.860434373575
"571",105,2007,7,286.69560275973
"572",105,2007,8,158.006362414875
"573",105,2007,9,212.543215025193
"574",105,2007,10,264.51246245519
"575",105,2007,11,52.1864347435
"576",105,2007,12,77.0187231279071
"577",105,2008,1,73.2320069645
"578",105,2008,2,38.5152387179434
"579",105,2008,3,65.0562042764275
"580",105,2008,4,187.20272286375
"581",105,2008,5,361.93108499115
"582",105,2008,6,261.8852774904
"583",105,2008,7,406.199829791
"584",105,2008,8,464.819411641475
"585",105,2008,9,53.96737807673
"586",105,2008,10,93.8554712495812
"587",105,2008,11,179.750765585553
"588",105,2008,12,45.36172381515
"589",105,2009,1,40.37542934055
"590",105,2009,2,79.91633183315
"591",105,2009,3,100.012969949252
"592",105,2009,4,213.036636588674
"593",105,2009,5,455.445853240287
"594",105,2009,6,248.045272745075
"595",105,2009,7,168.076274322325
"596",105,2009,8,541.968147390775
"597",105,2009,9,108.222904018675
"598",105,2009,10,334.132490631468
"599",105,2009,11,301.57386382871
"600",105,2009,12,167.8478993285
"601",105,2010,1,87.7484951806475
"602",105,2010,2,140.30806345015
"603",105,2010,3,103.94699537166
"604",105,2010,4,130.711305856127
"605",105,2010,5,162.238275551423
"606",105,2010,6,418.201201541678
"607",105,2010,7,246.620719740042
"608",105,2010,8,322.817292397225
"609",105,2010,9,78.2568085135495
"610",105,2010,10,101.795049843898
"611",105,2010,11,158.626269326825
"612",105,2010,12,181.219162937301
"613",105,2011,1,132.616690809775
"614",105,2011,2,56.0125048969972
"615",105,2011,3,152.776464987177
"616",105,2011,4,190.621670897682
"617",105,2011,5,138.20113139195
"618",105,2011,6,266.2365390832
"619",105,2011,7,339.23291195694
"620",105,2011,8,294.89230978315
"621",105,2011,9,263.19886788675
"622",105,2011,10,41.3520889438358
"623",105,2011,11,142.710342900227
"624",105,2011,12,55.09200980877
"625",105,2012,1,182.9484816315
"626",105,2012,2,195.671792967707
"627",105,2012,3,55.0237609685554
"628",105,2012,4,99.8756574433923
"629",105,2012,5,408.4960888954
"630",105,2012,6,429.277242518249
"631",105,2012,7,207.126291847607
"632",105,2012,8,243.469142565459
"633",105,2012,9,151.0460599625
"634",105,2012,10,75.691782393022
"635",105,2012,11,48.56246263675
"636",105,2012,12,400.125885472625
"637",105,2013,1,63.58410268
"638",105,2013,2,144.0526571114
"639",105,2013,3,105.923843024
"640",105,2013,4,135.73180322175
"641",105,2013,5,368.14551077215
"642",105,2013,6,346.287887392615
"643",105,2013,7,281.79524631829
"644",105,2013,8,447.51352071
"645",105,2013,9,277.548025943975
"646",105,2013,10,65.068245680345
"647",105,2013,11,105.0859221696
"648",105,2013,12,65.101283339
"649",105,2014,1,132.006915732775
"650",105,2014,2,82.9698348879
"651",105,2014,3,136.2380207075
"652",105,2014,4,171.365899369942
"653",105,2014,5,279.987821480015
"654",105,2014,6,315.353533954075
"655",105,2014,7,302.44144040215
"656",105,2014,8,267.462434920915
"657",105,2014,9,247.71860023325
"658",105,2014,10,219.017343682815
"659",105,2014,11,116.035347069317
"660",105,2014,12,65.9971399798292
"661",106,2004,1,147.485226496
"662",106,2004,2,84.478041629
"663",106,2004,3,260.84444437
"664",106,2004,4,467.7637994
"665",106,2004,5,90.04586673
"666",106,2004,6,588.82394457
"667",106,2004,7,308.6222528
"668",106,2004,8,285.9369432
"669",106,2004,9,321.4968647
"670",106,2004,10,401.7610648
"671",106,2004,11,176.07608087
"672",106,2004,12,342.04502931
"673",106,2005,1,235.67605258
"674",106,2005,2,37.35376435
"675",106,2005,3,350.4782388
"676",106,2005,4,284.523367265
"677",106,2005,5,586.0443031
"678",106,2005,6,478.170935547
"679",106,2005,7,274.6626747
"680",106,2005,8,319.80206212
"681",106,2005,9,183.5969483
"682",106,2005,10,201.8914569
"683",106,2005,11,417.5383297
"684",106,2005,12,87.07956594
"685",106,2006,1,313.337476735
"686",106,2006,2,154.89617369
"687",106,2006,3,293.3765356
"688",106,2006,4,329.24105226
"689",106,2006,5,252.7733794
"690",106,2006,6,445.9983668
"691",106,2006,7,501.7975141
"692",106,2006,8,285.8984937
"693",106,2006,9,281.1040498
"694",106,2006,10,364.3930136
"695",106,2006,11,205.93363995
"696",106,2006,12,455.0760417
"697",106,2007,1,80.45014292
"698",106,2007,2,153.31105442
"699",106,2007,3,199.22123628
"700",106,2007,4,306.2447207
"701",106,2007,5,188.12195994
"702",106,2007,6,335.9014937
"703",106,2007,7,322.40104226
"704",106,2007,8,258.91708743
"705",106,2007,9,304.3310093
"706",106,2007,10,386.132859774
"707",106,2007,11,156.42337235
"708",106,2007,12,179.11379163
"709",106,2008,1,177.3300993
"710",106,2008,2,138.3169441893
"711",106,2008,3,140.6511182
"712",106,2008,4,326.58417506
"713",106,2008,5,423.64092172
"714",106,2008,6,439.897927848
"715",106,2008,7,514.31310445
"716",106,2008,8,454.0827525
"717",106,2008,9,116.286646287
"718",106,2008,10,217.5639794
"719",106,2008,11,263.9623379
"720",106,2008,12,109.022962719
"721",106,2009,1,134.02079099
"722",106,2009,2,202.37135772
"723",106,2009,3,191.1865325
"724",106,2009,4,261.37648568
"725",106,2009,5,371.3407997
"726",106,2009,6,317.9336338
"727",106,2009,7,222.758599593
"728",106,2009,8,597.4019225
"729",106,2009,9,210.94572574
"730",106,2009,10,386.22053987
"731",106,2009,11,452.8728624
"732",106,2009,12,278.42242321
"733",106,2010,1,272.28080494
"734",106,2010,2,284.48685215
"735",106,2010,3,188.850905713
"736",106,2010,4,237.52068626
"737",106,2010,5,253.39316489
"738",106,2010,6,468.172373587
"739",106,2010,7,338.60380866
"740",106,2010,8,360.46431786
"741",106,2010,9,216.16625518
"742",106,2010,10,254.6495367
"743",106,2010,11,243.539924474
"744",106,2010,12,254.602147661
"745",106,2011,1,262.53446822
"746",106,2011,2,144.0461597
"747",106,2011,3,337.818257879
"748",106,2011,4,269.11360726
"749",106,2011,5,269.01787383
"750",106,2011,6,356.56116657
"751",106,2011,7,400.07585082
"752",106,2011,8,347.86676519
"753",106,2011,9,349.3321438
"754",106,2011,10,147.288154578
"755",106,2011,11,290.1281669
"756",106,2011,12,121.4912607
"757",106,2012,1,218.158621
"758",106,2012,2,288.919736973
"759",106,2012,3,146.0229077
"760",106,2012,4,229.5224091
"761",106,2012,5,442.458293489
"762",106,2012,6,382.0799657
"763",106,2012,7,320.135879388
"764",106,2012,8,344.3307655
"765",106,2012,9,273.96338553
"766",106,2012,10,203.9986528
"767",106,2012,11,172.9023783
"768",106,2012,12,511.191903533
"769",106,2013,1,113.3928345
"770",106,2013,2,161.147921627
"771",106,2013,3,183.343675311
"772",106,2013,4,230.984701763
"773",106,2013,5,476.678591002
"774",106,2013,6,494.15219643
"775",106,2013,7,315.29860817
"776",106,2013,8,489.0806201
"777",106,2013,9,339.414489
"778",106,2013,10,183.9508738
"779",106,2013,11,189.55773671
"780",106,2013,12,151.7075194
"781",106,2014,1,206.2878508
"782",106,2014,2,144.81875303
"783",106,2014,3,218.244277573
"784",106,2014,4,233.30112913
"785",106,2014,5,395.7853807
"786",106,2014,6,401.6103563161
"787",106,2014,7,391.6825819
"788",106,2014,8,382.854386327
"789",106,2014,9,344.2182887
"790",106,2014,10,328.96441843
"791",106,2014,11,226.27851699
"792",106,2014,12,203.81219995
"793",107,2004,1,44.37850933
"794",107,2004,2,41.0890131273333
"795",107,2004,3,119.771548748033
"796",107,2004,4,418.035504792667
"797",107,2004,5,37.5920579366633
"798",107,2004,6,517.920660543433
"799",107,2004,7,200.914552813067
"800",107,2004,8,156.8085006321
"801",107,2004,9,197.962021340533
"802",107,2004,10,235.854530169667
"803",107,2004,11,91.518366552878
"804",107,2004,12,158.497592621667
"805",107,2005,1,92.959780192
"806",107,2005,2,18.3946212283433
"807",107,2005,3,196.265492553887
"808",107,2005,4,162.275110867667
"809",107,2005,5,552.490492186667
"810",107,2005,6,399.864054786667
"811",107,2005,7,159.476638812697
"812",107,2005,8,238.017702789267
"813",107,2005,9,66.905513472
"814",107,2005,10,108.034779617984
"815",107,2005,11,278.826486947572
"816",107,2005,12,37.0966259815667
"817",107,2006,1,217.81481036
"818",107,2006,2,74.8621578866667
"819",107,2006,3,172.919266855233
"820",107,2006,4,201.699976615333
"821",107,2006,5,178.3688163905
"822",107,2006,6,327.16691018141
"823",107,2006,7,505.909715065147
"824",107,2006,8,196.55115279566
"825",107,2006,9,126.252589248567
"826",107,2006,10,238.102795261347
"827",107,2006,11,107.260004462493
"828",107,2006,12,277.630956914033
"829",107,2007,1,26.20452766146
"830",107,2007,2,65.595011367215
"831",107,2007,3,92.439546056
"832",107,2007,4,204.0779345888
"833",107,2007,5,93.1667433559667
"834",107,2007,6,251.207035704467
"835",107,2007,7,235.285487988303
"836",107,2007,8,148.93027035075
"837",107,2007,9,216.130672613603
"838",107,2007,10,264.686698727307
"839",107,2007,11,42.1220433641567
"840",107,2007,12,73.0046654873333
"841",107,2008,1,80.9520298643333
"842",107,2008,2,51.03478635909
"843",107,2008,3,59.82140030768
"844",107,2008,4,237.008494634667
"845",107,2008,5,349.141452200433
"846",107,2008,6,329.71113652971
"847",107,2008,7,395.404619681667
"848",107,2008,8,362.399391707153
"849",107,2008,9,51.4658332384667
"850",107,2008,10,91.794477903
"851",107,2008,11,205.343755073807
"852",107,2008,12,50.0267858016597
"853",107,2009,1,46.42929723706
"854",107,2009,2,87.2768809987767
"855",107,2009,3,108.960662910857
"856",107,2009,4,212.836560911507
"857",107,2009,5,328.25417154484
"858",107,2009,6,244.051255796667
"859",107,2009,7,143.32099347648
"860",107,2009,8,489.761679687247
"861",107,2009,9,106.224537492333
"862",107,2009,10,293.1191426051
"863",107,2009,11,296.328551610897
"864",107,2009,12,161.052946127333
"865",107,2010,1,108.15448369793
"866",107,2010,2,145.45373276
"867",107,2010,3,99.3675595862967
"868",107,2010,4,156.617370656055
"869",107,2010,5,147.75234302873
"870",107,2010,6,371.940876622697
"871",107,2010,7,226.124837907317
"872",107,2010,8,283.788624501933
"873",107,2010,9,85.7819337239433
"874",107,2010,10,114.307839558333
"875",107,2010,11,147.410351868333
"876",107,2010,12,149.082308024667
"877",107,2011,1,137.672803858079
"878",107,2011,2,63.0731504472133
"879",107,2011,3,179.630451783207
"880",107,2011,4,171.546506909589
"881",107,2011,5,128.681773086827
"882",107,2011,6,245.137210392333
"883",107,2011,7,284.348472019533
"884",107,2011,8,253.055288337333
"885",107,2011,9,218.770609026467
"886",107,2011,10,56.7083057128667
"887",107,2011,11,166.666122331723
"888",107,2011,12,46.429471831454
"889",107,2012,1,165.738729833333
"890",107,2012,2,157.556460222
"891",107,2012,3,75.1283693390333
"892",107,2012,4,110.766695956667
"893",107,2012,5,354.495682131667
"894",107,2012,6,370.730083566267
"895",107,2012,7,193.38425813547
"896",107,2012,8,273.954387131367
"897",107,2012,9,138.369769171867
"898",107,2012,10,109.987909516233
"899",107,2012,11,58.426280982
"900",107,2012,12,325.457523247933
"901",107,2013,1,75.8803537316667
"902",107,2013,2,88.4479465664667
"903",107,2013,3,99.9418153356667
"904",107,2013,4,104.110686113603
"905",107,2013,5,324.834569891
"906",107,2013,6,333.553972332133
"907",107,2013,7,306.176497986667
"908",107,2013,8,448.892346110709
"909",107,2013,9,264.838716293333
"910",107,2013,10,59.4444243371367
"911",107,2013,11,94.2403860126667
"912",107,2013,12,77.6708995273333
"913",107,2014,1,128.681297560633
"914",107,2014,2,84.6802147756667
"915",107,2014,3,102.600022276792
"916",107,2014,4,154.198496521333
"917",107,2014,5,280.500523321667
"918",107,2014,6,276.323911613333
"919",107,2014,7,238.743495513847
"920",107,2014,8,293.454729293967
"921",107,2014,9,203.5137066758
"922",107,2014,10,209.76244467258
"923",107,2014,11,127.92148895481
"924",107,2014,12,75.74977071537
"925",110,2004,1,54.4875814639
"926",110,2004,2,24.2300917405
"927",110,2004,3,119.48036743673
"928",110,2004,4,346.469166355
"929",110,2004,5,28.717805474795
"930",110,2004,6,437.465226758
"931",110,2004,7,178.34242132477
"932",110,2004,8,122.26923123075
"933",110,2004,9,191.37070142
"934",110,2004,10,194.23543035212
"935",110,2004,11,76.700888042514
"936",110,2004,12,150.799849317161
"937",110,2005,1,76.426107233545
"938",110,2005,2,11.2171674216
"939",110,2005,3,175.967860744205
"940",110,2005,4,179.876552976
"941",110,2005,5,439.53191525
"942",110,2005,6,352.2462489175
"943",110,2005,7,122.90669761635
"944",110,2005,8,168.970712873864
"945",110,2005,9,47.36199528315
"946",110,2005,10,87.72148848425
"947",110,2005,11,221.314089245
"948",110,2005,12,22.62260641554
"949",110,2006,1,174.4508972725
"950",110,2006,2,68.0353273052
"951",110,2006,3,174.2526140053
"952",110,2006,4,178.285293015
"953",110,2006,5,149.800578229015
"954",110,2006,6,243.8118764155
"955",110,2006,7,428.049673607
"956",110,2006,8,130.9736176366
"957",110,2006,9,83.950239521365
"958",110,2006,10,209.4583770885
"959",110,2006,11,99.0182549177
"960",110,2006,12,222.56991819315
"961",110,2007,1,25.89945303475
"962",110,2007,2,54.2343691277
"963",110,2007,3,70.69667282595
"964",110,2007,4,202.6312956315
"965",110,2007,5,85.452145196693
"966",110,2007,6,242.5297101089
"967",110,2007,7,168.429947129174
"968",110,2007,8,119.4153387616
"969",110,2007,9,166.0730727995
"970",110,2007,10,240.82281075283
"971",110,2007,11,39.1093083335
"972",110,2007,12,62.95394150652
"973",110,2008,1,77.1877267255
"974",110,2008,2,47.043277308
"975",110,2008,3,50.6076927071085
"976",110,2008,4,225.335247628811
"977",110,2008,5,288.5027172384
"978",110,2008,6,316.070196578882
"979",110,2008,7,328.0079955127
"980",110,2008,8,237.2642918117
"981",110,2008,9,35.740823645605
"982",110,2008,10,72.9811965819
"983",110,2008,11,190.6496618115
"984",110,2008,12,52.6709387743
"985",110,2009,1,56.16222929825
"986",110,2009,2,97.06466422745
"987",110,2009,3,112.7961712306
"988",110,2009,4,205.513110383858
"989",110,2009,5,261.1735676845
"990",110,2009,6,221.26397257595
"991",110,2009,7,129.514474846705
"992",110,2009,8,396.654027752
"993",110,2009,9,81.598558564585
"994",110,2009,10,217.031273437632
"995",110,2009,11,235.185732378423
"996",110,2009,12,135.41378425765
"997",110,2010,1,126.016506798
"998",110,2010,2,134.3263222973
"999",110,2010,3,90.83983987769
"1000",110,2010,4,144.75921527485
"1001",110,2010,5,149.93713595039
"1002",110,2010,6,355.6957863782
"1003",110,2010,7,204.116549541415
"1004",110,2010,8,240.43523726
"1005",110,2010,9,86.60610296855
"1006",110,2010,10,94.344991808272
"1007",110,2010,11,110.6849253354
"1008",110,2010,12,118.4638805921
"1009",110,2011,1,125.54448983
"1010",110,2011,2,69.03284544565
"1011",110,2011,3,196.34791390349
"1012",110,2011,4,141.9241774618
"1013",110,2011,5,140.083168308
"1014",110,2011,6,235.021373360637
"1015",110,2011,7,252.703130272
"1016",110,2011,8,192.397832429985
"1017",110,2011,9,163.36291441755
"1018",110,2011,10,57.784027319
"1019",110,2011,11,130.66935102935
"1020",110,2011,12,43.7002125919
"1021",110,2012,1,134.8782896837
"1022",110,2012,2,120.15358486958
"1023",110,2012,3,73.862651100985
"1024",110,2012,4,117.9050187905
"1025",110,2012,5,305.870569887
"1026",110,2012,6,322.0229668397
"1027",110,2012,7,159.66870689
"1028",110,2012,8,234.3149267965
"1029",110,2012,9,108.803292928
"1030",110,2012,10,125.4451029774
"1031",110,2012,11,84.75591129961
"1032",110,2012,12,227.6030978782
"1033",110,2013,1,72.0459772151
"1034",110,2013,2,66.5013192646099
"1035",110,2013,3,82.818540465665
"1036",110,2013,4,90.45845523555
"1037",110,2013,5,289.602281720053
"1038",110,2013,6,281.4470223905
"1039",110,2013,7,262.125921129399
"1040",110,2013,8,410.536170975
"1041",110,2013,9,204.79656982634
"1042",110,2013,10,49.7658533685
"1043",110,2013,11,77.39316832135
"1044",110,2013,12,66.06572475655
"1045",110,2014,1,107.48779123178
"1046",110,2014,2,63.9000171512
"1047",110,2014,3,66.66784512125
"1048",110,2014,4,146.0453406916
"1049",110,2014,5,287.2692228935
"1050",110,2014,6,227.6665908605
"1051",110,2014,7,200.995466885
"1052",110,2014,8,292.810326854585
"1053",110,2014,9,149.315759902695
"1054",110,2014,10,154.5826533391
"1055",110,2014,11,133.391431065198
"1056",110,2014,12,88.7131663913325
"1057",111,2004,1,82.5817159707886
"1058",111,2004,2,31.2185645514857
"1059",111,2004,3,170.244130259557
"1060",111,2004,4,323.219627797886
"1061",111,2004,5,39.5642536376944
"1062",111,2004,6,407.40944610371
"1063",111,2004,7,187.185816569671
"1064",111,2004,8,121.722783669757
"1065",111,2004,9,236.075830348841
"1066",111,2004,10,243.12950024725
"1067",111,2004,11,94.7115703227716
"1068",111,2004,12,241.357094691049
"1069",111,2005,1,111.017736889499
"1070",111,2005,2,17.1731706306474
"1071",111,2005,3,214.649067872647
"1072",111,2005,4,205.5834586345
"1073",111,2005,5,344.872516185314
"1074",111,2005,6,314.295404905413
"1075",111,2005,7,123.283139173596
"1076",111,2005,8,131.785535236117
"1077",111,2005,9,79.4444089540571
"1078",111,2005,10,140.120518610113
"1079",111,2005,11,226.357707148481
"1080",111,2005,12,29.6849261483218
"1081",111,2006,1,182.747365084886
"1082",111,2006,2,86.8992398688086
"1083",111,2006,3,222.717690115114
"1084",111,2006,4,226.090750750086
"1085",111,2006,5,169.896261323969
"1086",111,2006,6,232.3538360362
"1087",111,2006,7,345.748497498873
"1088",111,2006,8,132.062208588166
"1089",111,2006,9,118.121542863219
"1090",111,2006,10,219.878422741243
"1091",111,2006,11,127.668502264043
"1092",111,2006,12,307.499787533801
"1093",111,2007,1,57.5310733102414
"1094",111,2007,2,69.1272174387964
"1095",111,2007,3,76.45919193619
"1096",111,2007,4,217.340475102422
"1097",111,2007,5,106.089688416599
"1098",111,2007,6,253.560892093143
"1099",111,2007,7,143.106123694314
"1100",111,2007,8,141.650190793501
"1101",111,2007,9,164.363743862686
"1102",111,2007,10,289.454658724586
"1103",111,2007,11,74.8472499301571
"1104",111,2007,12,114.161572894025
"1105",111,2008,1,92.3310496717571
"1106",111,2008,2,77.27403119768
"1107",111,2008,3,63.21217934346
"1108",111,2008,4,221.200993226354
"1109",111,2008,5,272.944531726971
"1110",111,2008,6,282.30213722223
"1111",111,2008,7,327.116890183369
"1112",111,2008,8,217.034826554671
"1113",111,2008,9,48.8943601133029
"1114",111,2008,10,115.749495968478
"1115",111,2008,11,235.588235797829
"1116",111,2008,12,80.9276813704771
"1117",111,2009,1,95.9042473094151
"1118",111,2009,2,159.360088864771
"1119",111,2009,3,129.100786010511
"1120",111,2009,4,210.097509114947
"1121",111,2009,5,265.917831768539
"1122",111,2009,6,210.668056778369
"1123",111,2009,7,130.191468131957
"1124",111,2009,8,364.480556973671
"1125",111,2009,9,119.51836248579
"1126",111,2009,10,206.118942213059
"1127",111,2009,11,275.995221337019
"1128",111,2009,12,204.808903461559
"1129",111,2010,1,193.461844111742
"1130",111,2010,2,156.757039982803
"1131",111,2010,3,101.5750781861
"1132",111,2010,4,131.768458199405
"1133",111,2010,5,181.110789499814
"1134",111,2010,6,360.316758329714
"1135",111,2010,7,230.946614901514
"1136",111,2010,8,267.453713284431
"1137",111,2010,9,113.689170889329
"1138",111,2010,10,160.688075831754
"1139",111,2010,11,141.215497419316
"1140",111,2010,12,158.243700008769
"1141",111,2011,1,163.210621876621
"1142",111,2011,2,107.967396524957
"1143",111,2011,3,215.441568078899
"1144",111,2011,4,156.703199199945
"1145",111,2011,5,206.545222540414
"1146",111,2011,6,256.105041580059
"1147",111,2011,7,279.228660666814
"1148",111,2011,8,166.314319668307
"1149",111,2011,9,202.108115949171
"1150",111,2011,10,87.5915995959414
"1151",111,2011,11,161.896532698357
"1152",111,2011,12,55.3881236525429
"1153",111,2012,1,132.69677149889
"1154",111,2012,2,151.540522587758
"1155",111,2012,3,107.216008863103
"1156",111,2012,4,142.231408223714
"1157",111,2012,5,332.421225705668
"1158",111,2012,6,285.604998148469
"1159",111,2012,7,163.883385953943
"1160",111,2012,8,230.237467235671
"1161",111,2012,9,124.828270639081
"1162",111,2012,10,167.039109306111
"1163",111,2012,11,139.193891763529
"1164",111,2012,12,271.230873998814
"1165",111,2013,1,75.44162990866
"1166",111,2013,2,75.7151597856109
"1167",111,2013,3,109.486679288709
"1168",111,2013,4,123.89521529605
"1169",111,2013,5,304.310033055692
"1170",111,2013,6,298.481891927309
"1171",111,2013,7,215.275435501353
"1172",111,2013,8,394.059895370959
"1173",111,2013,9,201.425381060971
"1174",111,2013,10,85.6883663542966
"1175",111,2013,11,107.210620879586
"1176",111,2013,12,95.6708495077729
"1177",111,2014,1,137.284725133246
"1178",111,2014,2,79.9623477606429
"1179",111,2014,3,86.7965038996581
"1180",111,2014,4,163.955260883489
"1181",111,2014,5,344.135494019051
"1182",111,2014,6,231.57019217989
"1183",111,2014,7,203.975544647527
"1184",111,2014,8,305.078489545787
"1185",111,2014,9,191.011756541007
"1186",111,2014,10,180.7129885978
"1187",111,2014,11,184.235758443428
"1188",111,2014,12,150.06046729148
"1189",113,2004,1,42.6559102552857
"1190",113,2004,2,13.2866738735529
"1191",113,2004,3,90.4115588947186
"1192",113,2004,4,184.17735510078
"1193",113,2004,5,19.2054187779176
"1194",113,2004,6,236.987483234802
"1195",113,2004,7,99.7907723455307
"1196",113,2004,8,38.8845551362287
"1197",113,2004,9,123.059176226842
"1198",113,2004,10,114.094935049741
"1199",113,2004,11,53.1781608607807
"1200",113,2004,12,152.891774131196
"1201",113,2005,1,54.8261414790993
"1202",113,2005,2,10.1574266427636
"1203",113,2005,3,128.752112077055
"1204",113,2005,4,130.575502543074
"1205",113,2005,5,171.316596870229
"1206",113,2005,6,182.421464220481
"1207",113,2005,7,47.0097328401055
"1208",113,2005,8,46.452201303935
"1209",113,2005,9,28.7453528478593
"1210",113,2005,10,84.1238654113263
"1211",113,2005,11,123.509362988996
"1212",113,2005,12,9.84700999889571
"1213",113,2006,1,102.132648376453
"1214",113,2006,2,52.3997976207169
"1215",113,2006,3,145.613772295937
"1216",113,2006,4,134.747064736879
"1217",113,2006,5,95.3342895290065
"1218",113,2006,6,96.8518235325829
"1219",113,2006,7,157.990621325046
"1220",113,2006,8,55.8166289595381
"1221",113,2006,9,47.2551505279701
"1222",113,2006,10,122.131732559565
"1223",113,2006,11,65.0819099066564
"1224",113,2006,12,182.02096699123
"1225",113,2007,1,24.6785591419993
"1226",113,2007,2,31.6204204343701
"1227",113,2007,3,36.253739391297
"1228",113,2007,4,133.924082574096
"1229",113,2007,5,54.5943688953575
"1230",113,2007,6,142.077855823563
"1231",113,2007,7,53.6591227766003
"1232",113,2007,8,70.6896347826894
"1233",113,2007,9,67.7599691464861
"1234",113,2007,10,158.807719656891
"1235",113,2007,11,34.1278307160559
"1236",113,2007,12,59.2063827746749
"1237",113,2008,1,55.6414703060429
"1238",113,2008,2,41.5096515411086
"1239",113,2008,3,29.5846494853
"1240",113,2008,4,129.708103006084
"1241",113,2008,5,169.44922115975
"1242",113,2008,6,152.164541038254
"1243",113,2008,7,144.793967586645
"1244",113,2008,8,83.7087591160304
"1245",113,2008,9,19.5996037664929
"1246",113,2008,10,50.7588316314636
"1247",113,2008,11,142.215830434861
"1248",113,2008,12,31.9587866978906
"1249",113,2009,1,66.3064909055429
"1250",113,2009,2,112.087793122976
"1251",113,2009,3,81.8896760427886
"1252",113,2009,4,125.008790118836
"1253",113,2009,5,160.187572509253
"1254",113,2009,6,107.479095828048
"1255",113,2009,7,59.5195598814468
"1256",113,2009,8,183.659148924453
"1257",113,2009,9,51.8205580597208
"1258",113,2009,10,94.3356833707896
"1259",113,2009,11,128.231112874778
"1260",113,2009,12,143.725126969024
"1261",113,2010,1,110.968607878796
"1262",113,2010,2,90.6944356202543
"1263",113,2010,3,47.7403159521629
"1264",113,2010,4,73.4646618311619
"1265",113,2010,5,102.80316902495
"1266",113,2010,6,251.439075052621
"1267",113,2010,7,128.665127663153
"1268",113,2010,8,137.278531495004
"1269",113,2010,9,43.3560860640121
"1270",113,2010,10,95.1517678582107
"1271",113,2010,11,71.2093974384336
"1272",113,2010,12,71.8928676484829
"1273",113,2011,1,89.4959358109771
"1274",113,2011,2,73.122519974245
"1275",113,2011,3,120.97138343449
"1276",113,2011,4,80.6493577509971
"1277",113,2011,5,141.748864526632
"1278",113,2011,6,129.565422760565
"1279",113,2011,7,159.656123926885
"1280",113,2011,8,63.6756542729814
"1281",113,2011,9,95.8655981616158
"1282",113,2011,10,56.4984120098922
"1283",113,2011,11,72.9965740023886
"1284",113,2011,12,22.0583284431139
"1285",113,2012,1,77.4379286742089
"1286",113,2012,2,87.3732108411507
"1287",113,2012,3,74.2199286034861
"1288",113,2012,4,88.6150555670923
"1289",113,2012,5,210.85802966965
"1290",113,2012,6,170.305547650713
"1291",113,2012,7,76.9022020098438
"1292",113,2012,8,125.309639240005
"1293",113,2012,9,51.6628071625293
"1294",113,2012,10,104.137798913198
"1295",113,2012,11,77.5014034402357
"1296",113,2012,12,120.950868009751
"1297",113,2013,1,40.3830315166636
"1298",113,2013,2,51.7147774758336
"1299",113,2013,3,60.0903143675039
"1300",113,2013,4,55.74477117889
"1301",113,2013,5,180.691729704564
"1302",113,2013,6,168.380476909656
"1303",113,2013,7,129.732476082646
"1304",113,2013,8,225.924737390774
"1305",113,2013,9,88.1555490489143
"1306",113,2013,10,33.16815672024
"1307",113,2013,11,52.9904433042239
"1308",113,2013,12,40.6408142772996
"1309",113,2014,1,77.0224380295529
"1310",113,2014,2,40.9982718156078
"1311",113,2014,3,38.8398605446486
"1312",113,2014,4,100.344428885253
"1313",113,2014,5,237.972788127104
"1314",113,2014,6,104.687787454804
"1315",113,2014,7,96.4162065924571
"1316",113,2014,8,170.957452363369
"1317",113,2014,9,82.9736206101113
"1318",113,2014,10,95.1086927726004
"1319",113,2014,11,104.389890990985
"1320",113,2014,12,86.0719921457664
"1321",114,2004,1,216.12053737
"1322",114,2004,2,67.0796991
"1323",114,2004,3,373.2841153
"1324",114,2004,4,510.603784
"1325",114,2004,5,76.13063172
"1326",114,2004,6,576.7639086
"1327",114,2004,7,307.845489171
"1328",114,2004,8,208.67730544
"1329",114,2004,9,404.849202184
"1330",114,2004,10,396.8961940318
"1331",114,2004,11,199.91030697
"1332",114,2004,12,543.2191036
"1333",114,2005,1,237.851553902
"1334",114,2005,2,47.9237336
"1335",114,2005,3,466.2935599
"1336",114,2005,4,413.41426653
"1337",114,2005,5,446.784330234
"1338",114,2005,6,389.19088003
"1339",114,2005,7,225.082372615
"1340",114,2005,8,194.50778668
"1341",114,2005,9,174.68350814
"1342",114,2005,10,312.008948414
"1343",114,2005,11,410.3839816
"1344",114,2005,12,60.172476394
"1345",114,2006,1,317.09447493
"1346",114,2006,2,140.6363394
"1347",114,2006,3,442.84425166
"1348",114,2006,4,452.9882587
"1349",114,2006,5,291.0581466
"1350",114,2006,6,310.04083783
"1351",114,2006,7,451.70598602
"1352",114,2006,8,210.0055383
"1353",114,2006,9,253.6525313
"1354",114,2006,10,350.55706471
"1355",114,2006,11,274.95366871
"1356",114,2006,12,689.10996281
"1357",114,2007,1,162.4703012
"1358",114,2007,2,147.4189966
"1359",114,2007,3,164.796355167
"1360",114,2007,4,403.4993605627
"1361",114,2007,5,190.050807042
"1362",114,2007,6,423.1262835
"1363",114,2007,7,220.710438701
"1364",114,2007,8,257.5009803
"1365",114,2007,9,213.2035745
"1366",114,2007,10,506.621697656
"1367",114,2007,11,175.04588198
"1368",114,2007,12,272.08003422
"1369",114,2008,1,197.9115503
"1370",114,2008,2,179.60920093
"1371",114,2008,3,134.6871373363
"1372",114,2008,4,351.34999115
"1373",114,2008,5,437.076765953
"1374",114,2008,6,349.194144896
"1375",114,2008,7,450.796186138
"1376",114,2008,8,300.86021641
"1377",114,2008,9,94.468766737
"1378",114,2008,10,256.64384374
"1379",114,2008,11,403.45223287
"1380",114,2008,12,165.6836158
"1381",114,2009,1,241.6444381
"1382",114,2009,2,333.4776674
"1383",114,2009,3,290.03743867
"1384",114,2009,4,397.9773243671
"1385",114,2009,5,453.0271212
"1386",114,2009,6,279.152536105
"1387",114,2009,7,215.163208685
"1388",114,2009,8,522.62443009
"1389",114,2009,9,248.5572421
"1390",114,2009,10,326.03934731
"1391",114,2009,11,465.8740676
"1392",114,2009,12,403.775002249
"1393",114,2010,1,438.6524986
"1394",114,2010,2,242.9290868
"1395",114,2010,3,200.500952916
"1396",114,2010,4,264.6575923
"1397",114,2010,5,364.6054138
"1398",114,2010,6,506.79088925
"1399",114,2010,7,344.81120725
"1400",114,2010,8,375.27530593
"1401",114,2010,9,219.9856384
"1402",114,2010,10,330.557477081
"1403",114,2010,11,279.408833185
"1404",114,2010,12,319.72110725
"1405",114,2011,1,337.235904095
"1406",114,2011,2,228.306767345
"1407",114,2011,3,419.76055221
"1408",114,2011,4,317.8408532
"1409",114,2011,5,404.549510242
"1410",114,2011,6,396.81644301
"1411",114,2011,7,464.2128933
"1412",114,2011,8,227.06441333
"1413",114,2011,9,379.50033804
"1414",114,2011,10,198.30299698
"1415",114,2011,11,307.881756
"1416",114,2011,12,122.77796558
"1417",114,2012,1,217.165966995
"1418",114,2012,2,260.10781883
"1419",114,2012,3,250.4900838565
"1420",114,2012,4,300.5699035
"1421",114,2012,5,504.6375697
"1422",114,2012,6,390.5819007
"1423",114,2012,7,289.55945348
"1424",114,2012,8,325.0126664
"1425",114,2012,9,214.5862595
"1426",114,2012,10,310.7006212013
"1427",114,2012,11,255.2296811
"1428",114,2012,12,497.40523773
"1429",114,2013,1,119.45384195
"1430",114,2013,2,141.51172328
"1431",114,2013,3,247.5899843
"1432",114,2013,4,304.74518355
"1433",114,2013,5,459.8462976
"1434",114,2013,6,504.380428851
"1435",114,2013,7,290.08288912
"1436",114,2013,8,520.1184008
"1437",114,2013,9,284.0508165
"1438",114,2013,10,179.56165896
"1439",114,2013,11,228.24804203
"1440",114,2013,12,206.3015810932
"1441",114,2014,1,301.54316289
"1442",114,2014,2,148.5239398
"1443",114,2014,3,190.71418585
"1444",114,2014,4,303.98448636
"1445",114,2014,5,517.813246
"1446",114,2014,6,335.9899934
"1447",114,2014,7,348.61363617
"1448",114,2014,8,446.2383268
"1449",114,2014,9,336.5764008223
"1450",114,2014,10,337.1954077
"1451",114,2014,11,385.59014027
"1452",114,2014,12,314.55509871
"1453",115,2004,1,61.1552836718225
"1454",115,2004,2,19.0062756467167
"1455",115,2004,3,129.201183154226
"1456",115,2004,4,170.900855668613
"1457",115,2004,5,20.9213754701702
"1458",115,2004,6,213.894788618688
"1459",115,2004,7,104.474879376362
"1460",115,2004,8,45.9622847780418
"1461",115,2004,9,144.646494737726
"1462",115,2004,10,105.40066060229
"1463",115,2004,11,57.4088503366184
"1464",115,2004,12,194.731452834507
"1465",115,2005,1,71.2606959464706
"1466",115,2005,2,18.9090279961644
"1467",115,2005,3,150.098604211151
"1468",115,2005,4,131.596246927888
"1469",115,2005,5,159.978671754571
"1470",115,2005,6,153.037015562691
"1471",115,2005,7,64.3914419399208
"1472",115,2005,8,49.1458441859763
"1473",115,2005,9,44.8346663968116
"1474",115,2005,10,96.881323023682
"1475",115,2005,11,131.994270833767
"1476",115,2005,12,9.35199052017442
"1477",115,2006,1,102.710904164841
"1478",115,2006,2,48.0698380693909
"1479",115,2006,3,161.818665738866
"1480",115,2006,4,141.919450720272
"1481",115,2006,5,100.07610922983
"1482",115,2006,6,81.5736923314183
"1483",115,2006,7,141.591833145245
"1484",115,2006,8,75.1712170213778
"1485",115,2006,9,75.697029523775
"1486",115,2006,10,128.507459818025
"1487",115,2006,11,83.0847189710859
"1488",115,2006,12,243.086847813442
"1489",115,2007,1,41.7156347233152
"1490",115,2007,2,44.3651229014325
"1491",115,2007,3,52.9327972987331
"1492",115,2007,4,140.571958486098
"1493",115,2007,5,66.0596881614663
"1494",115,2007,6,123.084808439804
"1495",115,2007,7,66.5817342714766
"1496",115,2007,8,94.2641161089308
"1497",115,2007,9,74.0521317584258
"1498",115,2007,10,178.013250685304
"1499",115,2007,11,48.6170045343477
"1500",115,2007,12,81.9301321675782
"1501",115,2008,1,71.083417828627
"1502",115,2008,2,59.8005804369516
"1503",115,2008,3,45.9267839071453
"1504",115,2008,4,124.07778783974
"1505",115,2008,5,125.895016611289
"1506",115,2008,6,123.663801939686
"1507",115,2008,7,142.938775321788
"1508",115,2008,8,86.2320085028425
"1509",115,2008,9,21.7501011408636
"1510",115,2008,10,71.4661170115187
"1511",115,2008,11,146.757152675734
"1512",115,2008,12,45.1315288832
"1513",115,2009,1,95.8002866376051
"1514",115,2009,2,135.009052647282
"1515",115,2009,3,104.483123145657
"1516",115,2009,4,125.533612289874
"1517",115,2009,5,173.696725328441
"1518",115,2009,6,82.8877962210293
"1519",115,2009,7,75.7051931814075
"1520",115,2009,8,185.999919898415
"1521",115,2009,9,72.7975423062602
"1522",115,2009,10,107.804227945326
"1523",115,2009,11,131.020828529639
"1524",115,2009,12,134.733196305183
"1525",115,2010,1,158.774752961058
"1526",115,2010,2,97.1172038635808
"1527",115,2010,3,58.8192893661978
"1528",115,2010,4,93.0421701458187
"1529",115,2010,5,114.491812540349
"1530",115,2010,6,207.484388692325
"1531",115,2010,7,114.714808342564
"1532",115,2010,8,130.8419617428
"1533",115,2010,9,55.5854377838792
"1534",115,2010,10,111.68487843615
"1535",115,2010,11,83.5261687808056
"1536",115,2010,12,101.642201791742
"1537",115,2011,1,112.707847481079
"1538",115,2011,2,93.8862873319833
"1539",115,2011,3,154.024969327183
"1540",115,2011,4,97.5786417406317
"1541",115,2011,5,144.251036763345
"1542",115,2011,6,137.519322656703
"1543",115,2011,7,160.187744086592
"1544",115,2011,8,53.6852672752117
"1545",115,2011,9,118.708836112967
"1546",115,2011,10,63.1091232296867
"1547",115,2011,11,97.5703945110117
"1548",115,2011,12,27.9502333857673
"1549",115,2012,1,94.0471743382083
"1550",115,2012,2,99.6571939920765
"1551",115,2012,3,86.5527891483918
"1552",115,2012,4,101.325395392257
"1553",115,2012,5,191.255922157417
"1554",115,2012,6,173.316803248809
"1555",115,2012,7,111.288984770323
"1556",115,2012,8,116.196492444137
"1557",115,2012,9,61.2493982604772
"1558",115,2012,10,117.626670810943
"1559",115,2012,11,94.1154387090548
"1560",115,2012,12,128.299801979725
"1561",115,2013,1,46.2184308106192
"1562",115,2013,2,55.4543096251307
"1563",115,2013,3,77.75341405075
"1564",115,2013,4,78.015584485705
"1565",115,2013,5,168.52210895995
"1566",115,2013,6,189.715862361714
"1567",115,2013,7,110.454698157409
"1568",115,2013,8,211.298351626398
"1569",115,2013,9,84.2819191856051
"1570",115,2013,10,48.9978907644967
"1571",115,2013,11,70.915185557043
"1572",115,2013,12,59.7430221543673
"1573",115,2014,1,106.122205411733
"1574",115,2014,2,48.4828041284013
"1575",115,2014,3,57.2863188552325
"1576",115,2014,4,105.095618297729
"1577",115,2014,5,203.124157257142
"1578",115,2014,6,103.463774575639
"1579",115,2014,7,112.701330846277
"1580",115,2014,8,157.701402362654
"1581",115,2014,9,101.204196744925
"1582",115,2014,10,91.9932704549532
"1583",115,2014,11,144.164261080627
"1584",115,2014,12,117.390723166405
"1585",117,2004,1,81.32993324707
"1586",117,2004,2,20.9204133817823
"1587",117,2004,3,135.530802215767
"1588",117,2004,4,127.064714439267
"1589",117,2004,5,26.7188786355733
"1590",117,2004,6,126.985773243067
"1591",117,2004,7,40.2371940579957
"1592",117,2004,8,18.2716216231087
"1593",117,2004,9,99.2328620244633
"1594",117,2004,10,65.0106163004415
"1595",117,2004,11,60.0890641385778
"1596",117,2004,12,167.827670813272
"1597",117,2005,1,74.8010956105667
"1598",117,2005,2,25.9584840710667
"1599",117,2005,3,109.608096476267
"1600",117,2005,4,131.605574117
"1601",117,2005,5,80.6309658383668
"1602",117,2005,6,84.4478973192337
"1603",117,2005,7,24.07391456729
"1604",117,2005,8,21.8117187647055
"1605",117,2005,9,33.2892002077036
"1606",117,2005,10,93.63936386902
"1607",117,2005,11,101.9614198547
"1608",117,2005,12,11.58586580652
"1609",117,2006,1,86.7568820699
"1610",117,2006,2,54.1931567224967
"1611",117,2006,3,153.270363630367
"1612",117,2006,4,129.180291981146
"1613",117,2006,5,56.7952344593367
"1614",117,2006,6,24.688744765091
"1615",117,2006,7,58.6508944857717
"1616",117,2006,8,48.415980253346
"1617",117,2006,9,50.0785087262133
"1618",117,2006,10,100.769228080029
"1619",117,2006,11,75.8126990336833
"1620",117,2006,12,169.002715675517
"1621",117,2007,1,63.97119564199
"1622",117,2007,2,56.7112881580667
"1623",117,2007,3,67.6979766695933
"1624",117,2007,4,142.35546239956
"1625",117,2007,5,54.0037096783784
"1626",117,2007,6,45.4537429445333
"1627",117,2007,7,24.5765124862392
"1628",117,2007,8,59.7615624126667
"1629",117,2007,9,32.0415175510003
"1630",117,2007,10,102.581990477967
"1631",117,2007,11,42.3903726670333
"1632",117,2007,12,89.7843765505
"1633",117,2008,1,84.8006861233
"1634",117,2008,2,76.68245945252
"1635",117,2008,3,45.98273889651
"1636",117,2008,4,129.500105660498
"1637",117,2008,5,100.878716406433
"1638",117,2008,6,77.5413236690597
"1639",117,2008,7,55.104438476305
"1640",117,2008,8,27.94548431831
"1641",117,2008,9,15.3441257327335
"1642",117,2008,10,81.1946965285348
"1643",117,2008,11,117.760072283282
"1644",117,2008,12,61.5659220393333
"1645",117,2009,1,112.4610065647
"1646",117,2009,2,159.963133103733
"1647",117,2009,3,108.473336839267
"1648",117,2009,4,139.185500443033
"1649",117,2009,5,136.541811572633
"1650",117,2009,6,43.5539736954396
"1651",117,2009,7,51.5974296614319
"1652",117,2009,8,92.5046878040667
"1653",117,2009,9,49.1691871375439
"1654",117,2009,10,70.8422805905
"1655",117,2009,11,81.3614423973333
"1656",117,2009,12,101.24621961829
"1657",117,2010,1,162.704699489
"1658",117,2010,2,82.6822102084267
"1659",117,2010,3,63.865152172102
"1660",117,2010,4,129.112983750582
"1661",117,2010,5,80.6367869554
"1662",117,2010,6,116.958075286703
"1663",117,2010,7,46.8397390993946
"1664",117,2010,8,60.0643654770467
"1665",117,2010,9,32.8961168788393
"1666",117,2010,10,129.542071565567
"1667",117,2010,11,79.1702184405107
"1668",117,2010,12,100.448005243333
"1669",117,2011,1,99.720356986
"1670",117,2011,2,109.9343954116
"1671",117,2011,3,140.305774966333
"1672",117,2011,4,103.86271060584
"1673",117,2011,5,120.20546150548
"1674",117,2011,6,84.7675596830392
"1675",117,2011,7,86.81960324984
"1676",117,2011,8,17.1057344211043
"1677",117,2011,9,71.5310810228593
"1678",117,2011,10,41.213168973
"1679",117,2011,11,74.1713399694667
"1680",117,2011,12,30.6078639726433
"1681",117,2012,1,73.0720543573333
"1682",117,2012,2,89.6578189426667
"1683",117,2012,3,102.557637739847
"1684",117,2012,4,116.323658687917
"1685",117,2012,5,115.1737384766
"1686",117,2012,6,148.34534129495
"1687",117,2012,7,80.8957281900333
"1688",117,2012,8,64.1818372440047
"1689",117,2012,9,41.5503639107767
"1690",117,2012,10,82.6566634661
"1691",117,2012,11,79.2489324363333
"1692",117,2012,12,80.23440926325
"1693",117,2013,1,52.2468850633
"1694",117,2013,2,67.12407650247
"1695",117,2013,3,70.9501233274067
"1696",117,2013,4,88.492761716
"1697",117,2013,5,127.998139022496
"1698",117,2013,6,149.480104887333
"1699",117,2013,7,53.71717987162
"1700",117,2013,8,119.3681705037
"1701",117,2013,9,33.1814425347283
"1702",117,2013,10,41.5711570587147
"1703",117,2013,11,60.6868511516667
"1704",117,2013,12,103.9273684695
"1705",117,2014,1,127.287345723733
"1706",117,2014,2,58.8684325213067
"1707",117,2014,3,76.6131250238667
"1708",117,2014,4,91.7572020041667
"1709",117,2014,5,111.58899235116
"1710",117,2014,6,63.31606281918
"1711",117,2014,7,58.35760565132
"1712",117,2014,8,84.3291698175377
"1713",117,2014,9,51.7946651813333
"1714",117,2014,10,54.2459236009567
"1715",117,2014,11,147.305602108167
"1716",117,2014,12,118.434455578
"1717",12,2004,1,82.75821000149
"1718",12,2004,2,58.10338238772
"1719",12,2004,3,23.80242886079
"1720",12,2004,4,2.81514917458
"1721",12,2004,5,0
"1722",12,2004,6,0
"1723",12,2004,7,21.773678006986
"1724",12,2004,8,55.97284735881
"1725",12,2004,9,2.176269175536
"1726",12,2004,10,0.36445238063
"1727",12,2004,11,0
"1728",12,2004,12,28.69160585876
"1729",12,2005,1,65.76841957054
"1730",12,2005,2,79.2037584492
"1731",12,2005,3,25.966062612868
"1732",12,2005,4,4.66602535623
"1733",12,2005,5,0.5239023847
"1734",12,2005,6,0
"1735",12,2005,7,0.5681995583404
"1736",12,2005,8,0
"1737",12,2005,9,23.2510047528
"1738",12,2005,10,1.320224305818
"1739",12,2005,11,5.766033872
"1740",12,2005,12,83.34310304938
"1741",12,2006,1,99.64340548488
"1742",12,2006,2,83.246193668
"1743",12,2006,3,82.3026643748
"1744",12,2006,4,10.2012580148
"1745",12,2006,5,7.7562642788
"1746",12,2006,6,1.67900048e-06
"1747",12,2006,7,0.689523294
"1748",12,2006,8,0
"1749",12,2006,9,7.4986950905
"1750",12,2006,10,12.22732301071
"1751",12,2006,11,3.565928269924
"1752",12,2006,12,26.8476515676
"1753",12,2007,1,46.037967238
"1754",12,2007,2,59.57864796
"1755",12,2007,3,31.339049838296
"1756",12,2007,4,2.94218989738
"1757",12,2007,5,0
"1758",12,2007,6,0.998578786
"1759",12,2007,7,0.18389242898824
"1760",12,2007,8,0
"1761",12,2007,9,7.67434977994
"1762",12,2007,10,5.784941962986
"1763",12,2007,11,11.45089384469
"1764",12,2007,12,37.27906310334
"1765",12,2008,1,82.90955941108
"1766",12,2008,2,38.86870509034
"1767",12,2008,3,25.826146383246
"1768",12,2008,4,0
"1769",12,2008,5,0.18663060012
"1770",12,2008,6,0.51456015322
"1771",12,2008,7,0.00178369734
"1772",12,2008,8,2.286120116
"1773",12,2008,9,0.00646600772
"1774",12,2008,10,0.082579943882
"1775",12,2008,11,0.002439501002
"1776",12,2008,12,48.87305533334
"1777",12,2009,1,36.647335307468
"1778",12,2009,2,78.157604756
"1779",12,2009,3,38.14292638502
"1780",12,2009,4,22.31228228732
"1781",12,2009,5,0.02378377782
"1782",12,2009,6,0.000130876382
"1783",12,2009,7,7.6767089681358
"1784",12,2009,8,0.01114554082
"1785",12,2009,9,0.007709388
"1786",12,2009,10,0.00086064574
"1787",12,2009,11,27.99634539648
"1788",12,2009,12,20.5444415522
"1789",12,2010,1,52.112899153298
"1790",12,2010,2,39.6151756784
"1791",12,2010,3,24.438172667924
"1792",12,2010,4,10.7626689148
"1793",12,2010,5,9.9503176032506
"1794",12,2010,6,0
"1795",12,2010,7,0.01761237646
"1796",12,2010,8,0.66297616176
"1797",12,2010,9,1.977992269
"1798",12,2010,10,9.098541052212
"1799",12,2010,11,0
"1800",12,2010,12,40.17349712236
"1801",12,2011,1,77.4837972928
"1802",12,2011,2,105.634573775
"1803",12,2011,3,21.29882814049
"1804",12,2011,4,18.26176780738
"1805",12,2011,5,5.826872522
"1806",12,2011,6,0.000218018453
"1807",12,2011,7,11.046032296582
"1808",12,2011,8,0.073089834
"1809",12,2011,9,3.198328780024
"1810",12,2011,10,0.279382030696
"1811",12,2011,11,5.303988696
"1812",12,2011,12,43.11410356494
"1813",12,2012,1,96.6485212692
"1814",12,2012,2,97.79514817
"1815",12,2012,3,37.55923220446
"1816",12,2012,4,18.26190552853
"1817",12,2012,5,1.1761396848
"1818",12,2012,6,2.126734e-06
"1819",12,2012,7,1.9572213933804
"1820",12,2012,8,0
"1821",12,2012,9,5.092054462
"1822",12,2012,10,8.29562405181
"1823",12,2012,11,2.634049761278
"1824",12,2012,12,90.097027817768
"1825",12,2013,1,86.1799356978
"1826",12,2013,2,57.92657317652
"1827",12,2013,3,22.84484549
"1828",12,2013,4,0.0416826712
"1829",12,2013,5,11.92768832358
"1830",12,2013,6,23.677110883095
"1831",12,2013,7,10.22092466044
"1832",12,2013,8,9.73266061848
"1833",12,2013,9,0.00032215689
"1834",12,2013,10,1.838260324076
"1835",12,2013,11,1.98677927848
"1836",12,2013,12,53.9982148011
"1837",12,2014,1,80.345230686508
"1838",12,2014,2,13.8329752692
"1839",12,2014,3,15.84109183816
"1840",12,2014,4,15.5641720951038
"1841",12,2014,5,0.12546567406
"1842",12,2014,6,0.00228963844
"1843",12,2014,7,0.00266322748
"1844",12,2014,8,5.51992377834
"1845",12,2014,9,6.1410110439
"1846",12,2014,10,13.243707768142
"1847",12,2014,11,8.906945824
"1848",12,2014,12,22.45697333082
"1849",122,2004,1,108.367545171839
"1850",122,2004,2,30.7058933663686
"1851",122,2004,3,104.538524673525
"1852",122,2004,4,91.5137232515929
"1853",122,2004,5,42.3387526497553
"1854",122,2004,6,66.3975381397121
"1855",122,2004,7,55.4678927504914
"1856",122,2004,8,46.1597344130965
"1857",122,2004,9,91.9237431667926
"1858",122,2004,10,63.6982614447306
"1859",122,2004,11,65.40824662218
"1860",122,2004,12,91.6251857853447
"1861",122,2005,1,119.014920391696
"1862",122,2005,2,45.2924669989744
"1863",122,2005,3,118.14940403591
"1864",122,2005,4,155.111292735677
"1865",122,2005,5,46.1411328837942
"1866",122,2005,6,50.8804453396618
"1867",122,2005,7,34.1953149822441
"1868",122,2005,8,55.2859787063259
"1869",122,2005,9,50.0932932382551
"1870",122,2005,10,73.1910615937007
"1871",122,2005,11,62.9886963836559
"1872",122,2005,12,51.6561368570332
"1873",122,2006,1,95.5542637094465
"1874",122,2006,2,55.6809815703091
"1875",122,2006,3,129.45023458424
"1876",122,2006,4,108.095977054438
"1877",122,2006,5,41.5307333448921
"1878",122,2006,6,32.7759034121491
"1879",122,2006,7,29.9661848421676
"1880",122,2006,8,85.5462260240538
"1881",122,2006,9,112.15318303287
"1882",122,2006,10,74.7677874966361
"1883",122,2006,11,72.6548410552486
"1884",122,2006,12,149.518393254913
"1885",122,2007,1,110.373542500071
"1886",122,2007,2,82.8075508606688
"1887",122,2007,3,115.825457539903
"1888",122,2007,4,123.754448369691
"1889",122,2007,5,76.8414254250986
"1890",122,2007,6,112.981403787275
"1891",122,2007,7,38.9069903811095
"1892",122,2007,8,85.1866260122325
"1893",122,2007,9,44.4841570993606
"1894",122,2007,10,78.9158902428854
"1895",122,2007,11,76.5098080925218
"1896",122,2007,12,88.0734391274694
"1897",122,2008,1,72.1549396871734
"1898",122,2008,2,91.4484592008896
"1899",122,2008,3,58.5547006352023
"1900",122,2008,4,127.31593495804
"1901",122,2008,5,90.798228122419
"1902",122,2008,6,85.4947447300622
"1903",122,2008,7,52.0251985357543
"1904",122,2008,8,45.4519406290223
"1905",122,2008,9,34.0010145714635
"1906",122,2008,10,91.0857425807483
"1907",122,2008,11,108.65406220401
"1908",122,2008,12,95.4996785776665
"1909",122,2009,1,167.662675128325
"1910",122,2009,2,138.948446492579
"1911",122,2009,3,92.1491755809551
"1912",122,2009,4,145.071541222983
"1913",122,2009,5,133.475889553372
"1914",122,2009,6,62.3378977793405
"1915",122,2009,7,54.7216942951335
"1916",122,2009,8,64.5905577422044
"1917",122,2009,9,59.6451551235429
"1918",122,2009,10,72.9057423003516
"1919",122,2009,11,82.9014853471088
"1920",122,2009,12,53.431506898679
"1921",122,2010,1,177.959994881154
"1922",122,2010,2,86.0780239610066
"1923",122,2010,3,94.8719239866772
"1924",122,2010,4,109.352452923247
"1925",122,2010,5,87.1837136938109
"1926",122,2010,6,80.2269618154897
"1927",122,2010,7,46.9087733915886
"1928",122,2010,8,47.7325031237722
"1929",122,2010,9,67.2231568709787
"1930",122,2010,10,87.4278383500415
"1931",122,2010,11,66.5074920734463
"1932",122,2010,12,114.408110014928
"1933",122,2011,1,75.5965572727248
"1934",122,2011,2,100.459311399681
"1935",122,2011,3,94.9483189087374
"1936",122,2011,4,139.613215036664
"1937",122,2011,5,122.932009768235
"1938",122,2011,6,57.5427119183321
"1939",122,2011,7,69.0984438633143
"1940",122,2011,8,21.8190387851676
"1941",122,2011,9,71.4500277446617
"1942",122,2011,10,39.1388308247752
"1943",122,2011,11,53.2294608773981
"1944",122,2011,12,38.1820178900175
"1945",122,2012,1,58.0832617219246
"1946",122,2012,2,102.431742437563
"1947",122,2012,3,110.668691207949
"1948",122,2012,4,129.748341568841
"1949",122,2012,5,93.4217207296519
"1950",122,2012,6,105.948803174482
"1951",122,2012,7,105.062501549332
"1952",122,2012,8,77.3494545378775
"1953",122,2012,9,107.335759176236
"1954",122,2012,10,78.2500199399908
"1955",122,2012,11,89.9987117889956
"1956",122,2012,12,86.8582755054956
"1957",122,2013,1,71.8145333184812
"1958",122,2013,2,71.3279933241724
"1959",122,2013,3,59.1979810561362
"1960",122,2013,4,103.124645289641
"1961",122,2013,5,109.624949790816
"1962",122,2013,6,156.657350752729
"1963",122,2013,7,62.8753907084406
"1964",122,2013,8,95.5216349476383
"1965",122,2013,9,20.2451984416948
"1966",122,2013,10,66.7218357192015
"1967",122,2013,11,79.1906868698555
"1968",122,2013,12,172.780824424172
"1969",122,2014,1,153.198373323789
"1970",122,2014,2,84.0598515066047
"1971",122,2014,3,93.1300020540235
"1972",122,2014,4,67.0453842893809
"1973",122,2014,5,66.5243316598482
"1974",122,2014,6,78.2007102567603
"1975",122,2014,7,44.3563016387453
"1976",122,2014,8,93.6441839310323
"1977",122,2014,9,86.5433861505995
"1978",122,2014,10,50.9165429083919
"1979",122,2014,11,135.767560041244
"1980",122,2014,12,160.690309445497
"1981",124,2004,1,77.891747741475
"1982",124,2004,2,30.6964213878675
"1983",124,2004,3,73.15856782425
"1984",124,2004,4,71.5998497052725
"1985",124,2004,5,38.80457732125
"1986",124,2004,6,60.05337276588
"1987",124,2004,7,50.564301747225
"1988",124,2004,8,34.94652888975
"1989",124,2004,9,66.825002848025
"1990",124,2004,10,55.91922789935
"1991",124,2004,11,59.056515017525
"1992",124,2004,12,62.65923805175
"1993",124,2005,1,74.0629782078275
"1994",124,2005,2,29.88798740765
"1995",124,2005,3,95.323708528035
"1996",124,2005,4,152.290938544811
"1997",124,2005,5,40.559854266375
"1998",124,2005,6,35.5441898829962
"1999",124,2005,7,37.793439366595
"2000",124,2005,8,48.7012441833325
"2001",124,2005,9,29.0219538042228
"2002",124,2005,10,56.587862609275
"2003",124,2005,11,48.99840254285
"2004",124,2005,12,38.3720479897875
"2005",124,2006,1,86.991232370805
"2006",124,2006,2,39.95154442825
"2007",124,2006,3,99.5146128590408
"2008",124,2006,4,107.76110485129
"2009",124,2006,5,38.0549637869375
"2010",124,2006,6,26.066207565375
"2011",124,2006,7,37.80567670928
"2012",124,2006,8,67.9009833736
"2013",124,2006,9,82.971433610475
"2014",124,2006,10,58.874571921265
"2015",124,2006,11,52.5972765749415
"2016",124,2006,12,102.15314785435
"2017",124,2007,1,67.5741737911
"2018",124,2007,2,54.6057433453925
"2019",124,2007,3,84.213889006
"2020",124,2007,4,119.367849944975
"2021",124,2007,5,66.2395325725
"2022",124,2007,6,114.184504454825
"2023",124,2007,7,27.1776960265
"2024",124,2007,8,75.0866925558
"2025",124,2007,9,50.95066061375
"2026",124,2007,10,68.115954188425
"2027",124,2007,11,51.716306227475
"2028",124,2007,12,67.44991850046
"2029",124,2008,1,36.609630019175
"2030",124,2008,2,71.6289269496348
"2031",124,2008,3,66.628244508
"2032",124,2008,4,94.61971345335
"2033",124,2008,5,64.7941130240812
"2034",124,2008,6,54.504933008775
"2035",124,2008,7,41.048688260625
"2036",124,2008,8,67.863916025525
"2037",124,2008,9,15.8089491294285
"2038",124,2008,10,76.62043460404
"2039",124,2008,11,80.902920501575
"2040",124,2008,12,62.589636581425
"2041",124,2009,1,89.44101750305
"2042",124,2009,2,88.4867628678125
"2043",124,2009,3,77.9824971573
"2044",124,2009,4,112.722638667075
"2045",124,2009,5,94.9140826318
"2046",124,2009,6,69.7935339257
"2047",124,2009,7,29.530365499305
"2048",124,2009,8,54.1008705436525
"2049",124,2009,9,46.8307979636
"2050",124,2009,10,64.532876717725
"2051",124,2009,11,62.49279547245
"2052",124,2009,12,30.8917356372325
"2053",124,2010,1,110.75223952425
"2054",124,2010,2,57.65902603575
"2055",124,2010,3,86.3862608688075
"2056",124,2010,4,93.433987159325
"2057",124,2010,5,70.877689390525
"2058",124,2010,6,59.4088855471173
"2059",124,2010,7,34.725906758125
"2060",124,2010,8,48.46016891315
"2061",124,2010,9,56.688385134325
"2062",124,2010,10,62.4106770738625
"2063",124,2010,11,59.48168340303
"2064",124,2010,12,66.102728556425
"2065",124,2011,1,52.57046204526
"2066",124,2011,2,74.2107544798875
"2067",124,2011,3,57.96341248975
"2068",124,2011,4,139.08965555225
"2069",124,2011,5,98.0675342641975
"2070",124,2011,6,58.867184254195
"2071",124,2011,7,68.1798544475272
"2072",124,2011,8,20.68240253779
"2073",124,2011,9,48.95296898735
"2074",124,2011,10,43.28742442778
"2075",124,2011,11,51.0284502804675
"2076",124,2011,12,27.1396754345875
"2077",124,2012,1,50.45503074
"2078",124,2012,2,90.6792678369195
"2079",124,2012,3,108.2899533818
"2080",124,2012,4,107.85376668755
"2081",124,2012,5,67.2173629055475
"2082",124,2012,6,68.3804470665
"2083",124,2012,7,82.278565804025
"2084",124,2012,8,56.6971114024925
"2085",124,2012,9,91.874331735075
"2086",124,2012,10,63.87529556214
"2087",124,2012,11,66.9677856036765
"2088",124,2012,12,77.99248593275
"2089",124,2013,1,41.9546093691
"2090",124,2013,2,45.2411913866375
"2091",124,2013,3,48.918017734
"2092",124,2013,4,84.584646581275
"2093",124,2013,5,93.654646119
"2094",124,2013,6,120.22013953
"2095",124,2013,7,56.56397806145
"2096",124,2013,8,57.0904644062225
"2097",124,2013,9,18.20635597388
"2098",124,2013,10,59.3512920815842
"2099",124,2013,11,71.298601612505
"2100",124,2013,12,114.26206934659
"2101",124,2014,1,94.98771426525
"2102",124,2014,2,72.117296799
"2103",124,2014,3,85.0899204084975
"2104",124,2014,4,48.1806675609
"2105",124,2014,5,48.122024910525
"2106",124,2014,6,92.039620034
"2107",124,2014,7,34.3349480905665
"2108",124,2014,8,74.53790438525
"2109",124,2014,9,72.4160270100425
"2110",124,2014,10,37.924550268845
"2111",124,2014,11,130.94984802988
"2112",124,2014,12,112.17015267825
"2113",125,2004,1,68.0713324185883
"2114",125,2004,2,43.9150242110487
"2115",125,2004,3,54.0981644978333
"2116",125,2004,4,56.9706186607967
"2117",125,2004,5,42.2307372045
"2118",125,2004,6,81.6983520047
"2119",125,2004,7,64.4257477775417
"2120",125,2004,8,34.5153061424333
"2121",125,2004,9,48.8136759475017
"2122",125,2004,10,48.1293044738667
"2123",125,2004,11,55.1817723526667
"2124",125,2004,12,62.4015854136833
"2125",125,2005,1,58.9818796741347
"2126",125,2005,2,19.2466545039658
"2127",125,2005,3,80.00592424425
"2128",125,2005,4,117.248975368717
"2129",125,2005,5,51.88356508
"2130",125,2005,6,26.3389080094982
"2131",125,2005,7,36.7793427431622
"2132",125,2005,8,44.6394916898333
"2133",125,2005,9,29.6093175207333
"2134",125,2005,10,46.5404321175
"2135",125,2005,11,43.9106113492167
"2136",125,2005,12,38.5019594849053
"2137",125,2006,1,93.8942321506667
"2138",125,2006,2,52.422669411432
"2139",125,2006,3,74.2416924926153
"2140",125,2006,4,105.3408175593
"2141",125,2006,5,48.0114133283667
"2142",125,2006,6,36.8931403115
"2143",125,2006,7,56.07069029035
"2144",125,2006,8,63.10694532385
"2145",125,2006,9,65.1662461351167
"2146",125,2006,10,51.7399598594
"2147",125,2006,11,38.2720358394567
"2148",125,2006,12,76.9856542791667
"2149",125,2007,1,53.94773358888
"2150",125,2007,2,54.5384546195017
"2151",125,2007,3,71.43231472005
"2152",125,2007,4,121.116824448734
"2153",125,2007,5,77.2931236391667
"2154",125,2007,6,86.828448373005
"2155",125,2007,7,24.8743843855
"2156",125,2007,8,60.584818532325
"2157",125,2007,9,59.7534524988333
"2158",125,2007,10,54.3605140174333
"2159",125,2007,11,46.0990727401333
"2160",125,2007,12,65.4888256388333
"2161",125,2008,1,34.4471980459667
"2162",125,2008,2,70.7172885941667
"2163",125,2008,3,79.4747232825
"2164",125,2008,4,67.9192028755467
"2165",125,2008,5,32.4165193347833
"2166",125,2008,6,38.6485589916667
"2167",125,2008,7,45.2673484401717
"2168",125,2008,8,80.6411741858533
"2169",125,2008,9,9.7837219519
"2170",125,2008,10,55.7024478126833
"2171",125,2008,11,51.8875474526667
"2172",125,2008,12,51.9500909261095
"2173",125,2009,1,62.2002217605175
"2174",125,2009,2,53.5601190978167
"2175",125,2009,3,82.2783692506833
"2176",125,2009,4,113.16048587322
"2177",125,2009,5,55.4552094828167
"2178",125,2009,6,75.1193681788
"2179",125,2009,7,38.1715676487833
"2180",125,2009,8,64.6889778996667
"2181",125,2009,9,42.2181697359333
"2182",125,2009,10,52.7466857782833
"2183",125,2009,11,46.3049913835667
"2184",125,2009,12,29.634151577945
"2185",125,2010,1,90.17721068705
"2186",125,2010,2,51.976301939
"2187",125,2010,3,64.4161324396067
"2188",125,2010,4,55.6290148770683
"2189",125,2010,5,58.32067696625
"2190",125,2010,6,49.9074296614167
"2191",125,2010,7,27.3998226632833
"2192",125,2010,8,41.2736076206333
"2193",125,2010,9,46.8691863094667
"2194",125,2010,10,51.44734372914
"2195",125,2010,11,49.7072459345
"2196",125,2010,12,48.6585251654307
"2197",125,2011,1,61.89372416735
"2198",125,2011,2,50.8055975926233
"2199",125,2011,3,46.8863649432333
"2200",125,2011,4,131.705625205077
"2201",125,2011,5,65.2435645510333
"2202",125,2011,6,63.4169817853983
"2203",125,2011,7,50.1765195028883
"2204",125,2011,8,34.210937531701
"2205",125,2011,9,50.4266867837583
"2206",125,2011,10,50.7077156559833
"2207",125,2011,11,56.1404821540333
"2208",125,2011,12,31.7624771097167
"2209",125,2012,1,57.07251778565
"2210",125,2012,2,55.3126411567333
"2211",125,2012,3,111.360050771442
"2212",125,2012,4,72.53158299405
"2213",125,2012,5,51.9601227211667
"2214",125,2012,6,43.8028502600567
"2215",125,2012,7,58.9316168820333
"2216",125,2012,8,38.6162771618667
"2217",125,2012,9,88.4929342446667
"2218",125,2012,10,48.9103543185167
"2219",125,2012,11,53.98989577285
"2220",125,2012,12,80.6486122667833
"2221",125,2013,1,40.2029811861667
"2222",125,2013,2,51.83645998005
"2223",125,2013,3,68.8942387833333
"2224",125,2013,4,70.4790155354333
"2225",125,2013,5,89.8161556019783
"2226",125,2013,6,81.3411226337
"2227",125,2013,7,57.4646784442505
"2228",125,2013,8,47.08012495715
"2229",125,2013,9,20.7076666477675
"2230",125,2013,10,47.6216830291667
"2231",125,2013,11,52.86292651915
"2232",125,2013,12,83.5246526095383
"2233",125,2014,1,69.2995145661667
"2234",125,2014,2,57.63124386825
"2235",125,2014,3,80.9868335638333
"2236",125,2014,4,40.4952120646183
"2237",125,2014,5,34.1714317819333
"2238",125,2014,6,66.5166988546233
"2239",125,2014,7,32.0793259272833
"2240",125,2014,8,66.7401895303
"2241",125,2014,9,60.8875785145395
"2242",125,2014,10,34.3414156222797
"2243",125,2014,11,85.9297984194
"2244",125,2014,12,80.15210939555
"2245",126,2004,1,47.3612522001333
"2246",126,2004,2,31.2159480720667
"2247",126,2004,3,50.5570849441957
"2248",126,2004,4,46.7578913082667
"2249",126,2004,5,22.017805535
"2250",126,2004,6,48.8186583222667
"2251",126,2004,7,39.7218992586967
"2252",126,2004,8,26.107342226
"2253",126,2004,9,40.4077222626237
"2254",126,2004,10,40.580648549
"2255",126,2004,11,55.6066869699343
"2256",126,2004,12,43.305898661848
"2257",126,2005,1,52.931446008587
"2258",126,2005,2,18.2297057591667
"2259",126,2005,3,74.2225811386667
"2260",126,2005,4,114.48892915853
"2261",126,2005,5,33.7236935322
"2262",126,2005,6,24.9669176705333
"2263",126,2005,7,24.0703867772667
"2264",126,2005,8,35.9479661669
"2265",126,2005,9,17.8869240890667
"2266",126,2005,10,41.2445198200547
"2267",126,2005,11,46.4599816306667
"2268",126,2005,12,31.2089882050567
"2269",126,2006,1,74.2529168025013
"2270",126,2006,2,35.77989545804
"2271",126,2006,3,64.3779162479933
"2272",126,2006,4,72.1750464373567
"2273",126,2006,5,24.7665830137333
"2274",126,2006,6,27.6638311330667
"2275",126,2006,7,36.1491593854433
"2276",126,2006,8,46.29371418
"2277",126,2006,9,60.7186085507
"2278",126,2006,10,37.3447672423603
"2279",126,2006,11,34.23972051167
"2280",126,2006,12,72.1350969323587
"2281",126,2007,1,52.4990223773667
"2282",126,2007,2,40.240912731625
"2283",126,2007,3,59.7291630464333
"2284",126,2007,4,84.9952293781537
"2285",126,2007,5,42.9012413681933
"2286",126,2007,6,76.2851358903567
"2287",126,2007,7,16.4425220126333
"2288",126,2007,8,41.013776253782
"2289",126,2007,9,35.64371917711
"2290",126,2007,10,48.2964635554
"2291",126,2007,11,36.4636722979667
"2292",126,2007,12,51.6405059123763
"2293",126,2008,1,25.24620494179
"2294",126,2008,2,55.6764540010733
"2295",126,2008,3,60.7414698514063
"2296",126,2008,4,59.81554290359
"2297",126,2008,5,38.7470764230793
"2298",126,2008,6,31.6956428365467
"2299",126,2008,7,29.6930690451567
"2300",126,2008,8,59.342042759145
"2301",126,2008,9,11.75620181507
"2302",126,2008,10,52.1599931471333
"2303",126,2008,11,53.538139267591
"2304",126,2008,12,40.6263031970333
"2305",126,2009,1,56.0429519522303
"2306",126,2009,2,61.7922355187
"2307",126,2009,3,49.7708319898033
"2308",126,2009,4,81.8077593905
"2309",126,2009,5,62.8764132420867
"2310",126,2009,6,43.8900005271327
"2311",126,2009,7,18.279827279
"2312",126,2009,8,44.6767600667467
"2313",126,2009,9,27.8820212121733
"2314",126,2009,10,41.4020008794333
"2315",126,2009,11,50.4543289356667
"2316",126,2009,12,21.0849269347333
"2317",126,2010,1,74.2873127991667
"2318",126,2010,2,43.4911141856667
"2319",126,2010,3,58.9512960985563
"2320",126,2010,4,66.2319273667333
"2321",126,2010,5,41.4748675505677
"2322",126,2010,6,38.5707684732667
"2323",126,2010,7,19.3441772104667
"2324",126,2010,8,35.2200331939233
"2325",126,2010,9,35.3939305498933
"2326",126,2010,10,39.2723156938733
"2327",126,2010,11,35.661266083171
"2328",126,2010,12,39.81316925048
"2329",126,2011,1,42.4590685205014
"2330",126,2011,2,59.5430527356333
"2331",126,2011,3,38.1114433052867
"2332",126,2011,4,84.046918755578
"2333",126,2011,5,64.2747647765167
"2334",126,2011,6,45.6270073743167
"2335",126,2011,7,58.9800660276667
"2336",126,2011,8,19.6446406316667
"2337",126,2011,9,32.6717093122533
"2338",126,2011,10,30.0164292139667
"2339",126,2011,11,38.9385702780533
"2340",126,2011,12,17.8313444116
"2341",126,2012,1,32.9692256630333
"2342",126,2012,2,64.1377424753086
"2343",126,2012,3,84.0888063277
"2344",126,2012,4,67.983410657986
"2345",126,2012,5,48.1191137079
"2346",126,2012,6,39.3969986055467
"2347",126,2012,7,50.6197103900367
"2348",126,2012,8,30.5018328392093
"2349",126,2012,9,54.6632736074667
"2350",126,2012,10,39.8161479356333
"2351",126,2012,11,45.7210101292593
"2352",126,2012,12,74.5558869436598
"2353",126,2013,1,31.0754768501833
"2354",126,2013,2,30.8355840050673
"2355",126,2013,3,42.1851068573333
"2356",126,2013,4,59.8945214076333
"2357",126,2013,5,63.2598396463967
"2358",126,2013,6,80.3666153593333
"2359",126,2013,7,32.2754558705067
"2360",126,2013,8,32.4013439676733
"2361",126,2013,9,17.1275207723333
"2362",126,2013,10,37.906308179443
"2363",126,2013,11,44.0729317381667
"2364",126,2013,12,85.556340706343
"2365",126,2014,1,65.505444668
"2366",126,2014,2,53.2785084143
"2367",126,2014,3,50.8342016183443
"2368",126,2014,4,31.6151036759167
"2369",126,2014,5,30.6887986767667
"2370",126,2014,6,56.0399809467
"2371",126,2014,7,26.8455420153333
"2372",126,2014,8,59.9383195978917
"2373",126,2014,9,47.6455607105587
"2374",126,2014,10,29.7106769349333
"2375",126,2014,11,83.632436390507
"2376",126,2014,12,76.6634299453
"2377",128,2004,1,46.4266436336917
"2378",128,2004,2,42.3891869089637
"2379",128,2004,3,32.0074072652558
"2380",128,2004,4,32.0183116871067
"2381",128,2004,5,17.3491282770433
"2382",128,2004,6,74.4735284992792
"2383",128,2004,7,27.0224385130223
"2384",128,2004,8,17.2484416812975
"2385",128,2004,9,22.419955178435
"2386",128,2004,10,25.8534914161668
"2387",128,2004,11,47.9696718817867
"2388",128,2004,12,46.5549553521783
"2389",128,2005,1,38.3113439373
"2390",128,2005,2,8.32341849066083
"2391",128,2005,3,40.5731216611058
"2392",128,2005,4,67.3407503386833
"2393",128,2005,5,65.1585820700742
"2394",128,2005,6,15.5075568503217
"2395",128,2005,7,32.4848607249252
"2396",128,2005,8,22.85998321583
"2397",128,2005,9,28.2739907755925
"2398",128,2005,10,31.3651716033827
"2399",128,2005,11,50.0764694323142
"2400",128,2005,12,30.4546510755482
"2401",128,2006,1,91.9513899753333
"2402",128,2006,2,51.2917695610605
"2403",128,2006,3,31.6559498139927
"2404",128,2006,4,60.7556733849875
"2405",128,2006,5,31.5833221212633
"2406",128,2006,6,54.4885695924271
"2407",128,2006,7,44.7738679520525
"2408",128,2006,8,43.4631002994325
"2409",128,2006,9,26.109750131405
"2410",128,2006,10,33.3848418685058
"2411",128,2006,11,16.9374687473192
"2412",128,2006,12,45.6476437491375
"2413",128,2007,1,43.3103287221981
"2414",128,2007,2,40.0691526633483
"2415",128,2007,3,47.909131338206
"2416",128,2007,4,77.9256354840417
"2417",128,2007,5,40.9870318205042
"2418",128,2007,6,39.6788001723
"2419",128,2007,7,11.151243711406
"2420",128,2007,8,23.6612090068482
"2421",128,2007,9,41.7769903456992
"2422",128,2007,10,38.7043464591917
"2423",128,2007,11,32.670290598458
"2424",128,2007,12,48.0715500369
"2425",128,2008,1,25.9293686168808
"2426",128,2008,2,41.2314095809289
"2427",128,2008,3,50.9259928522728
"2428",128,2008,4,43.1665424338575
"2429",128,2008,5,21.0712574082071
"2430",128,2008,6,26.5875932939221
"2431",128,2008,7,31.7425347738419
"2432",128,2008,8,50.5536082851458
"2433",128,2008,9,7.80638389957417
"2434",128,2008,10,28.9047227916375
"2435",128,2008,11,37.6769792952683
"2436",128,2008,12,34.0271574223933
"2437",128,2009,1,37.0011700765842
"2438",128,2009,2,36.6283677772138
"2439",128,2009,3,45.679232271651
"2440",128,2009,4,86.1835944462203
"2441",128,2009,5,28.9002800857942
"2442",128,2009,6,47.4980210181208
"2443",128,2009,7,25.4157024797767
"2444",128,2009,8,61.6041257105092
"2445",128,2009,9,25.4295137361083
"2446",128,2009,10,18.3669051887443
"2447",128,2009,11,22.9532257475067
"2448",128,2009,12,20.1446351862675
"2449",128,2010,1,77.0768975605617
"2450",128,2010,2,43.242308159766
"2451",128,2010,3,36.0659158062731
"2452",128,2010,4,31.8116168743759
"2453",128,2010,5,32.1907662478167
"2454",128,2010,6,38.075126745865
"2455",128,2010,7,17.1165427264
"2456",128,2010,8,20.8026624301083
"2457",128,2010,9,25.1010534222307
"2458",128,2010,10,26.3904892156375
"2459",128,2010,11,25.6246222318983
"2460",128,2010,12,33.2203137250438
"2461",128,2011,1,55.2013359834983
"2462",128,2011,2,28.8181143598901
"2463",128,2011,3,34.057043047277
"2464",128,2011,4,63.81752245469
"2465",128,2011,5,45.1494701731867
"2466",128,2011,6,40.6466754586042
"2467",128,2011,7,39.3739067855608
"2468",128,2011,8,27.6742035793624
"2469",128,2011,9,30.5986970692933
"2470",128,2011,10,13.9582204134083
"2471",128,2011,11,31.1965841872192
"2472",128,2011,12,19.39754816128
"2473",128,2012,1,32.0651801120367
"2474",128,2012,2,36.3256345937667
"2475",128,2012,3,57.7819818010962
"2476",128,2012,4,48.2142198984075
"2477",128,2012,5,31.0477557314842
"2478",128,2012,6,17.7362086102125
"2479",128,2012,7,27.977376523809
"2480",128,2012,8,19.9018006895167
"2481",128,2012,9,44.8582391920695
"2482",128,2012,10,26.2971245623643
"2483",128,2012,11,31.0576249110837
"2484",128,2012,12,66.4267628739125
"2485",128,2013,1,32.4288546253575
"2486",128,2013,2,34.8325839065167
"2487",128,2013,3,58.8071012766692
"2488",128,2013,4,42.8731391680958
"2489",128,2013,5,32.6626227113667
"2490",128,2013,6,48.4308609013673
"2491",128,2013,7,24.6516844803892
"2492",128,2013,8,24.934275821252
"2493",128,2013,9,14.7591301764125
"2494",128,2013,10,20.1587766544758
"2495",128,2013,11,27.1268792632058
"2496",128,2013,12,54.2403958431233
"2497",128,2014,1,52.2098672340092
"2498",128,2014,2,34.7820070421781
"2499",128,2014,3,59.8366792433828
"2500",128,2014,4,40.0961521718833
"2501",128,2014,5,29.5299265101
"2502",128,2014,6,31.2810027174387
"2503",128,2014,7,23.7576658171042
"2504",128,2014,8,42.859743814185
"2505",128,2014,9,36.1332332433588
"2506",128,2014,10,16.295157594863
"2507",128,2014,11,36.7993112549592
"2508",128,2014,12,47.009979966719
"2509",129,2004,1,53.68777735
"2510",129,2004,2,54.51833225
"2511",129,2004,3,22.9798548398
"2512",129,2004,4,48.57814923
"2513",129,2004,5,27.949404543
"2514",129,2004,6,34.1215639125
"2515",129,2004,7,14.320718681
"2516",129,2004,8,16.94591994
"2517",129,2004,9,25.7551476084
"2518",129,2004,10,35.61346967
"2519",129,2004,11,50.92119774
"2520",129,2004,12,71.2477695
"2521",129,2005,1,80.611274053
"2522",129,2005,2,16.75319022
"2523",129,2005,3,36.15193236
"2524",129,2005,4,67.432697216
"2525",129,2005,5,58.57460957
"2526",129,2005,6,15.00281022
"2527",129,2005,7,20.8586323929
"2528",129,2005,8,11.37596216
"2529",129,2005,9,18.52538448
"2530",129,2005,10,34.78225184
"2531",129,2005,11,90.79832479
"2532",129,2005,12,89.91399455
"2533",129,2006,1,100.2524535
"2534",129,2006,2,67.9398363
"2535",129,2006,3,23.050691
"2536",129,2006,4,56.73275307
"2537",129,2006,5,37.06450761
"2538",129,2006,6,44.25273563
"2539",129,2006,7,31.38798319
"2540",129,2006,8,41.73112219
"2541",129,2006,9,23.15830468
"2542",129,2006,10,26.69508201
"2543",129,2006,11,47.46674895
"2544",129,2006,12,64.53208447
"2545",129,2007,1,69.3493833
"2546",129,2007,2,94.4948586
"2547",129,2007,3,78.52840277
"2548",129,2007,4,65.7285445481
"2549",129,2007,5,59.09280827
"2550",129,2007,6,49.16900631
"2551",129,2007,7,15.479549342
"2552",129,2007,8,15.68388754
"2553",129,2007,9,42.75500582
"2554",129,2007,10,28.4917408759
"2555",129,2007,11,60.20988121
"2556",129,2007,12,50.69980572
"2557",129,2008,1,63.40801052
"2558",129,2008,2,47.3454492067
"2559",129,2008,3,50.01227059
"2560",129,2008,4,71.1821693496
"2561",129,2008,5,35.36751798
"2562",129,2008,6,36.319182178
"2563",129,2008,7,21.882054227
"2564",129,2008,8,27.804483358
"2565",129,2008,9,1.1539246253
"2566",129,2008,10,23.24473739
"2567",129,2008,11,43.6951332316
"2568",129,2008,12,61.14320235
"2569",129,2009,1,50.407567258
"2570",129,2009,2,53.82288322
"2571",129,2009,3,69.15535085
"2572",129,2009,4,66.84648024
"2573",129,2009,5,20.2593797717
"2574",129,2009,6,53.79056813
"2575",129,2009,7,36.50466352
"2576",129,2009,8,46.63297017
"2577",129,2009,9,15.908165494
"2578",129,2009,10,33.0425094916
"2579",129,2009,11,48.550255798
"2580",129,2009,12,55.0379467112
"2581",129,2010,1,101.95420667
"2582",129,2010,2,93.82296838
"2583",129,2010,3,52.931456397
"2584",129,2010,4,27.02620095
"2585",129,2010,5,31.95032239
"2586",129,2010,6,33.302749204
"2587",129,2010,7,19.86435814
"2588",129,2010,8,5.2661915504
"2589",129,2010,9,11.85094625
"2590",129,2010,10,7.72149578
"2591",129,2010,11,21.357683503
"2592",129,2010,12,61.507787741
"2593",129,2011,1,65.75264002
"2594",129,2011,2,25.80009517
"2595",129,2011,3,31.515583697
"2596",129,2011,4,35.66327016
"2597",129,2011,5,43.909089901
"2598",129,2011,6,27.71140681
"2599",129,2011,7,19.3562157077
"2600",129,2011,8,21.74382812
"2601",129,2011,9,18.47299366
"2602",129,2011,10,6.664248712
"2603",129,2011,11,38.29754652
"2604",129,2011,12,34.90169084
"2605",129,2012,1,47.4191187
"2606",129,2012,2,50.741305184
"2607",129,2012,3,57.943405858
"2608",129,2012,4,50.66472412
"2609",129,2012,5,23.27579224
"2610",129,2012,6,24.910023629
"2611",129,2012,7,18.59683971
"2612",129,2012,8,5.253921287
"2613",129,2012,9,35.8641063
"2614",129,2012,10,34.53157618
"2615",129,2012,11,47.70200775
"2616",129,2012,12,106.21347977
"2617",129,2013,1,60.38551112
"2618",129,2013,2,47.6549787
"2619",129,2013,3,56.06127337
"2620",129,2013,4,32.085744304
"2621",129,2013,5,34.31832221
"2622",129,2013,6,38.78956217
"2623",129,2013,7,30.406597829
"2624",129,2013,8,18.398133571
"2625",129,2013,9,11.9437381716
"2626",129,2013,10,24.7946720612
"2627",129,2013,11,45.612938059
"2628",129,2013,12,65.802299071
"2629",129,2014,1,79.94975994
"2630",129,2014,2,50.5380623972
"2631",129,2014,3,107.668161076
"2632",129,2014,4,49.51444162
"2633",129,2014,5,36.9528523908
"2634",129,2014,6,23.236143128
"2635",129,2014,7,23.58005667
"2636",129,2014,8,22.711894589
"2637",129,2014,9,44.032099242
"2638",129,2014,10,36.46637757
"2639",129,2014,11,42.2967278722
"2640",129,2014,12,83.54850168
"2641",13,2004,1,70.062490149
"2642",13,2004,2,56.44606048
"2643",13,2004,3,4.59694866167
"2644",13,2004,4,0
"2645",13,2004,5,0
"2646",13,2004,6,0
"2647",13,2004,7,17.74390995
"2648",13,2004,8,42.95350237265
"2649",13,2004,9,0.851398239
"2650",13,2004,10,0.01354914
"2651",13,2004,11,0
"2652",13,2004,12,18.91220340315
"2653",13,2005,1,59.95234909495
"2654",13,2005,2,73.3831393245
"2655",13,2005,3,11.759306751435
"2656",13,2005,4,0.42767058235
"2657",13,2005,5,0.22043220565
"2658",13,2005,6,0
"2659",13,2005,7,3.7770894
"2660",13,2005,8,0
"2661",13,2005,9,18.12294195
"2662",13,2005,10,0
"2663",13,2005,11,1.915481305
"2664",13,2005,12,61.9668961028
"2665",13,2006,1,75.99778615055
"2666",13,2006,2,77.82705361
"2667",13,2006,3,51.66443209495
"2668",13,2006,4,4.38626722
"2669",13,2006,5,1.44704643
"2670",13,2006,6,0
"2671",13,2006,7,0.740506655
"2672",13,2006,8,0
"2673",13,2006,9,0.172824760015
"2674",13,2006,10,2.09697394655
"2675",13,2006,11,0.560643295
"2676",13,2006,12,20.1082037515
"2677",13,2007,1,36.443151305
"2678",13,2007,2,37.9200988185
"2679",13,2007,3,7.363076717005
"2680",13,2007,4,0.00476594035
"2681",13,2007,5,0
"2682",13,2007,6,0.6370869155
"2683",13,2007,7,0
"2684",13,2007,8,0
"2685",13,2007,9,1.383080893
"2686",13,2007,10,2.5707231e-16
"2687",13,2007,11,3.05732186
"2688",13,2007,12,6.91200535825
"2689",13,2008,1,81.2478960015
"2690",13,2008,2,24.7634954365
"2691",13,2008,3,18.69036025
"2692",13,2008,4,0
"2693",13,2008,5,0.0802029385
"2694",13,2008,6,0.4416841
"2695",13,2008,7,0
"2696",13,2008,8,1.725628784
"2697",13,2008,9,0.1355768905
"2698",13,2008,10,0
"2699",13,2008,11,0
"2700",13,2008,12,42.4718491575
"2701",13,2009,1,22.321418193
"2702",13,2009,2,49.796465169
"2703",13,2009,3,20.5328997063
"2704",13,2009,4,19.88285646
"2705",13,2009,5,0.058746565
"2706",13,2009,6,0
"2707",13,2009,7,3.9925502587
"2708",13,2009,8,0
"2709",13,2009,9,0
"2710",13,2009,10,0
"2711",13,2009,11,0.43553084945
"2712",13,2009,12,9.97049262405
"2713",13,2010,1,30.53570792822
"2714",13,2010,2,23.5833624024
"2715",13,2010,3,8.21132739
"2716",13,2010,4,1.4173364541
"2717",13,2010,5,5.4214929135
"2718",13,2010,6,0
"2719",13,2010,7,0.0198050785
"2720",13,2010,8,0.72242909
"2721",13,2010,9,0.333234525
"2722",13,2010,10,0.591761173000001
"2723",13,2010,11,0
"2724",13,2010,12,21.73361885
"2725",13,2011,1,57.348352009
"2726",13,2011,2,110.3555204255
"2727",13,2011,3,13.622816967855
"2728",13,2011,4,15.3426596915
"2729",13,2011,5,1.28030479597
"2730",13,2011,6,0.0467106725
"2731",13,2011,7,14.97412752
"2732",13,2011,8,4.1590758000117e-05
"2733",13,2011,9,0.0051902631
"2734",13,2011,10,0
"2735",13,2011,11,0.77306577
"2736",13,2011,12,48.13931315888
"2737",13,2012,1,85.4468190945
"2738",13,2012,2,112.0825089455
"2739",13,2012,3,39.39762421224
"2740",13,2012,4,11.66844161445
"2741",13,2012,5,0.000715091555
"2742",13,2012,6,0
"2743",13,2012,7,2.0262689
"2744",13,2012,8,0
"2745",13,2012,9,0.0834876399125005
"2746",13,2012,10,3.4496690192565
"2747",13,2012,11,0
"2748",13,2012,12,64.42423910725
"2749",13,2013,1,49.27700356535
"2750",13,2013,2,35.2627930497
"2751",13,2013,3,12.42199020395
"2752",13,2013,4,0
"2753",13,2013,5,9.34437926
"2754",13,2013,6,16.3023828386
"2755",13,2013,7,4.601440837
"2756",13,2013,8,3.1673892379
"2757",13,2013,9,0
"2758",13,2013,10,0.195712241602001
"2759",13,2013,11,0
"2760",13,2013,12,37.50576079915
"2761",13,2014,1,62.478535012
"2762",13,2014,2,2.287739754
"2763",13,2014,3,2.829656354115
"2764",13,2014,4,6.6807022394
"2765",13,2014,5,0.982153335
"2766",13,2014,6,0
"2767",13,2014,7,0
"2768",13,2014,8,2.0224363
"2769",13,2014,9,0.80307548
"2770",13,2014,10,1.92651913
"2771",13,2014,11,2.1226438235
"2772",13,2014,12,6.4776050793
"2773",14,2004,1,72.4047668
"2774",14,2004,2,63.25158717
"2775",14,2004,3,6.2098666479
"2776",14,2004,4,0
"2777",14,2004,5,0
"2778",14,2004,6,0
"2779",14,2004,7,19.70462014
"2780",14,2004,8,47.59467231
"2781",14,2004,9,1.071182488
"2782",14,2004,10,0.048176759
"2783",14,2004,11,0
"2784",14,2004,12,12.904520782
"2785",14,2005,1,63.30984042
"2786",14,2005,2,79.37519857
"2787",14,2005,3,10.688974717
"2788",14,2005,4,1.420542277
"2789",14,2005,5,0.055457652
"2790",14,2005,6,0
"2791",14,2005,7,4.984288
"2792",14,2005,8,0
"2793",14,2005,9,14.6260914
"2794",14,2005,10,0
"2795",14,2005,11,0.86623602
"2796",14,2005,12,56.28199511
"2797",14,2006,1,87.699106766
"2798",14,2006,2,73.53693479
"2799",14,2006,3,61.97668156237
"2800",14,2006,4,5.8661565
"2801",14,2006,5,2.58805435
"2802",14,2006,6,0
"2803",14,2006,7,0.50745716
"2804",14,2006,8,0
"2805",14,2006,9,0.30571315
"2806",14,2006,10,1.197499233
"2807",14,2006,11,0.42833756
"2808",14,2006,12,15.43860147
"2809",14,2007,1,46.20491834
"2810",14,2007,2,38.69000242
"2811",14,2007,3,12.21988969
"2812",14,2007,4,0
"2813",14,2007,5,0
"2814",14,2007,6,0.529057997
"2815",14,2007,7,0
"2816",14,2007,8,0
"2817",14,2007,9,2.62812742
"2818",14,2007,10,0
"2819",14,2007,11,4.1474954
"2820",14,2007,12,7.990924073
"2821",14,2008,1,94.49872316
"2822",14,2008,2,17.309721269
"2823",14,2008,3,14.108851584
"2824",14,2008,4,0
"2825",14,2008,5,0.00095090547
"2826",14,2008,6,0.18952683
"2827",14,2008,7,0
"2828",14,2008,8,1.5965777
"2829",14,2008,9,0
"2830",14,2008,10,0
"2831",14,2008,11,0
"2832",14,2008,12,44.05598727238
"2833",14,2009,1,22.304274104
"2834",14,2009,2,46.49728818
"2835",14,2009,3,19.882483188
"2836",14,2009,4,19.7922236
"2837",14,2009,5,0
"2838",14,2009,6,0
"2839",14,2009,7,3.59910519172
"2840",14,2009,8,0
"2841",14,2009,9,0
"2842",14,2009,10,0
"2843",14,2009,11,1.2622455206
"2844",14,2009,12,12.2222377763
"2845",14,2010,1,40.63685925
"2846",14,2010,2,26.36127649
"2847",14,2010,3,7.3480848
"2848",14,2010,4,1.955149688
"2849",14,2010,5,6.249409601
"2850",14,2010,6,0
"2851",14,2010,7,0
"2852",14,2010,8,0.4104039
"2853",14,2010,9,0.12842488
"2854",14,2010,10,0.53342679
"2855",14,2010,11,0
"2856",14,2010,12,19.9686295409
"2857",14,2011,1,63.104975419
"2858",14,2011,2,109.29898818906
"2859",14,2011,3,8.9942953428
"2860",14,2011,4,13.95625965603
"2861",14,2011,5,1.60439493165
"2862",14,2011,6,0.045468637
"2863",14,2011,7,18.04495531
"2864",14,2011,8,0
"2865",14,2011,9,0.0020512564
"2866",14,2011,10,0.00041007149
"2867",14,2011,11,0.027810075
"2868",14,2011,12,53.721738232
"2869",14,2012,1,86.02761777
"2870",14,2012,2,102.678403626
"2871",14,2012,3,44.88667282
"2872",14,2012,4,13.437345055
"2873",14,2012,5,0
"2874",14,2012,6,0
"2875",14,2012,7,1.9421428
"2876",14,2012,8,0
"2877",14,2012,9,0.0013257043
"2878",14,2012,10,4.809589588
"2879",14,2012,11,0
"2880",14,2012,12,66.2879946
"2881",14,2013,1,52.91045605
"2882",14,2013,2,33.304909911
"2883",14,2013,3,10.5017192511
"2884",14,2013,4,0
"2885",14,2013,5,11.02283462
"2886",14,2013,6,17.19299909
"2887",14,2013,7,4.59078845838
"2888",14,2013,8,3.601552179
"2889",14,2013,9,0
"2890",14,2013,10,0.29086093
"2891",14,2013,11,0
"2892",14,2013,12,34.1856896374
"2893",14,2014,1,66.406358542
"2894",14,2014,2,1.2078177
"2895",14,2014,3,2.13578471
"2896",14,2014,4,7.46860727
"2897",14,2014,5,1.14043613
"2898",14,2014,6,0
"2899",14,2014,7,0
"2900",14,2014,8,2.89156659
"2901",14,2014,9,0.78266958
"2902",14,2014,10,3.210220759
"2903",14,2014,11,3.17021715
"2904",14,2014,12,2.778585275
"2905",15,2004,1,57.0808269903
"2906",15,2004,2,61.7554788475
"2907",15,2004,3,3.96890970425
"2908",15,2004,4,0
"2909",15,2004,5,0
"2910",15,2004,6,0
"2911",15,2004,7,16.3783185645
"2912",15,2004,8,39.206029985
"2913",15,2004,9,0.63275757595
"2914",15,2004,10,0.02823656075
"2915",15,2004,11,0
"2916",15,2004,12,8.86817609805
"2917",15,2005,1,44.69628859305
"2918",15,2005,2,77.580110794
"2919",15,2005,3,6.96786935863
"2920",15,2005,4,1.7980763391
"2921",15,2005,5,0.162770613
"2922",15,2005,6,0
"2923",15,2005,7,3.2332204
"2924",15,2005,8,0
"2925",15,2005,9,13.24586766
"2926",15,2005,10,0
"2927",15,2005,11,0.5052803745
"2928",15,2005,12,35.049028133
"2929",15,2006,1,79.6497988735
"2930",15,2006,2,68.980801632
"2931",15,2006,3,49.28696176506
"2932",15,2006,4,5.728985895
"2933",15,2006,5,2.198101085
"2934",15,2006,6,0
"2935",15,2006,7,0.53865041
"2936",15,2006,8,0.000273063565
"2937",15,2006,9,0.7528698134
"2938",15,2006,10,0.866232166115
"2939",15,2006,11,0.08558841
"2940",15,2006,12,6.72847082585
"2941",15,2007,1,41.8133844199
"2942",15,2007,2,36.55069688
"2943",15,2007,3,6.7037810552
"2944",15,2007,4,0
"2945",15,2007,5,0
"2946",15,2007,6,0.6414172655
"2947",15,2007,7,0
"2948",15,2007,8,0
"2949",15,2007,9,2.64411866845
"2950",15,2007,10,0.1961328824
"2951",15,2007,11,3.19557108395
"2952",15,2007,12,6.91213368945
"2953",15,2008,1,85.392969704
"2954",15,2008,2,7.848968547
"2955",15,2008,3,10.42854156289
"2956",15,2008,4,0.023784356555
"2957",15,2008,5,0.037371881255
"2958",15,2008,6,0.1651276535
"2959",15,2008,7,0
"2960",15,2008,8,1.73819628
"2961",15,2008,9,0.0443949385
"2962",15,2008,10,0.00246196845
"2963",15,2008,11,0
"2964",15,2008,12,35.9951412733
"2965",15,2009,1,17.587400165
"2966",15,2009,2,38.9207233268
"2967",15,2009,3,14.935922468074
"2968",15,2009,4,13.07784809
"2969",15,2009,5,0.016906424
"2970",15,2009,6,0
"2971",15,2009,7,2.780139521
"2972",15,2009,8,0
"2973",15,2009,9,0.0988886671
"2974",15,2009,10,0
"2975",15,2009,11,1.517006085465
"2976",15,2009,12,7.37499031565
"2977",15,2010,1,27.6664646725
"2978",15,2010,2,23.1680553035
"2979",15,2010,3,2.0337236882
"2980",15,2010,4,1.54193573175
"2981",15,2010,5,5.9781406745
"2982",15,2010,6,0
"2983",15,2010,7,0.0144022925
"2984",15,2010,8,0.438627395
"2985",15,2010,9,0.572273343
"2986",15,2010,10,0.47387266355
"2987",15,2010,11,0
"2988",15,2010,12,12.54706800652
"2989",15,2011,1,59.565580525
"2990",15,2011,2,99.9506921208
"2991",15,2011,3,4.362136609
"2992",15,2011,4,10.1998286183
"2993",15,2011,5,1.20982412175
"2994",15,2011,6,0.1785064547
"2995",15,2011,7,18.210106935
"2996",15,2011,8,0.00311708045
"2997",15,2011,9,0.00635442565
"2998",15,2011,10,0.014191229
"2999",15,2011,11,0.064553756
"3000",15,2011,12,42.491914405
"3001",15,2012,1,68.005973526
"3002",15,2012,2,94.218452417
"3003",15,2012,3,44.7872861693
"3004",15,2012,4,11.0920472772
"3005",15,2012,5,0.0111548825
"3006",15,2012,6,0
"3007",15,2012,7,0.9044750935
"3008",15,2012,8,0
"3009",15,2012,9,0.0269243335
"3010",15,2012,10,4.1027846
"3011",15,2012,11,0
"3012",15,2012,12,49.713302306
"3013",15,2013,1,40.24045371795
"3014",15,2013,2,26.5552086815
"3015",15,2013,3,6.703960342835
"3016",15,2013,4,0.00566656555
"3017",15,2013,5,8.099252745
"3018",15,2013,6,16.3150562565
"3019",15,2013,7,4.55677960805
"3020",15,2013,8,2.4495138005
"3021",15,2013,9,0
"3022",15,2013,10,0.5734342285
"3023",15,2013,11,0
"3024",15,2013,12,24.12596739455
"3025",15,2014,1,53.759853382
"3026",15,2014,2,0.34457839
"3027",15,2014,3,2.9397688
"3028",15,2014,4,7.2870710375
"3029",15,2014,5,1.997970095
"3030",15,2014,6,0
"3031",15,2014,7,0
"3032",15,2014,8,2.93983705935
"3033",15,2014,9,0.87548594715
"3034",15,2014,10,3.41342838363
"3035",15,2014,11,2.79367230375
"3036",15,2014,12,1.69122125
"3037",16,2004,1,71.054527728
"3038",16,2004,2,87.88174591
"3039",16,2004,3,5.4802815435
"3040",16,2004,4,0
"3041",16,2004,5,0
"3042",16,2004,6,0
"3043",16,2004,7,26.06588413096
"3044",16,2004,8,62.25205764
"3045",16,2004,9,1.08309219695
"3046",16,2004,10,0.00464307975
"3047",16,2004,11,0
"3048",16,2004,12,10.90353879465
"3049",16,2005,1,47.6388786805
"3050",16,2005,2,109.53092615
"3051",16,2005,3,10.463782948
"3052",16,2005,4,2.51576591205
"3053",16,2005,5,0.9417758655
"3054",16,2005,6,0
"3055",16,2005,7,4.900494
"3056",16,2005,8,0
"3057",16,2005,9,21.00494916
"3058",16,2005,10,0.0019226268
"3059",16,2005,11,0.320994505
"3060",16,2005,12,35.5419944913
"3061",16,2006,1,105.5179314905
"3062",16,2006,2,83.370401965
"3063",16,2006,3,49.746143347
"3064",16,2006,4,7.4442031248
"3065",16,2006,5,5.0067403
"3066",16,2006,6,0
"3067",16,2006,7,0.51950148
"3068",16,2006,8,0
"3069",16,2006,9,2.209697801275
"3070",16,2006,10,0.52311708838
"3071",16,2006,11,0
"3072",16,2006,12,6.17570391
"3073",16,2007,1,58.152064382
"3074",16,2007,2,58.95000823045
"3075",16,2007,3,9.9182199147
"3076",16,2007,4,0.0042189374
"3077",16,2007,5,0
"3078",16,2007,6,2.302286785
"3079",16,2007,7,0
"3080",16,2007,8,0.023709804
"3081",16,2007,9,5.7140675745
"3082",16,2007,10,0.296347714285
"3083",16,2007,11,4.85337825
"3084",16,2007,12,7.4313631695
"3085",16,2008,1,112.8900631125
"3086",16,2008,2,10.3646647385
"3087",16,2008,3,14.6762800675
"3088",16,2008,4,0
"3089",16,2008,5,0.00281262495
"3090",16,2008,6,0.88374672
"3091",16,2008,7,0
"3092",16,2008,8,2.977495525
"3093",16,2008,9,0.1292047905
"3094",16,2008,10,0.00109649813
"3095",16,2008,11,0
"3096",16,2008,12,43.759267088
"3097",16,2009,1,20.862545275
"3098",16,2009,2,53.097326015
"3099",16,2009,3,23.00356841245
"3100",16,2009,4,16.020945095
"3101",16,2009,5,0
"3102",16,2009,6,0
"3103",16,2009,7,3.44233207695
"3104",16,2009,8,0
"3105",16,2009,9,0.26005737
"3106",16,2009,10,0
"3107",16,2009,11,1.19882055
"3108",16,2009,12,7.925765926435
"3109",16,2010,1,32.4798219625
"3110",16,2010,2,36.9875963125
"3111",16,2010,3,2.3999014705
"3112",16,2010,4,3.62236140285
"3113",16,2010,5,10.84908069505
"3114",16,2010,6,0
"3115",16,2010,7,0.0170857105
"3116",16,2010,8,0.534164095
"3117",16,2010,9,1.5729644195
"3118",16,2010,10,0.4629052244
"3119",16,2010,11,0
"3120",16,2010,12,15.77389899395
"3121",16,2011,1,82.296732105
"3122",16,2011,2,125.741960318
"3123",16,2011,3,6.453057509
"3124",16,2011,4,14.4299713936
"3125",16,2011,5,2.41691897815
"3126",16,2011,6,1.18797919895
"3127",16,2011,7,26.5867969285
"3128",16,2011,8,0
"3129",16,2011,9,0.08587619505
"3130",16,2011,10,0.003154309645
"3131",16,2011,11,0
"3132",16,2011,12,56.949953961
"3133",16,2012,1,83.65485264135
"3134",16,2012,2,116.00969788055
"3135",16,2012,3,47.5368015405
"3136",16,2012,4,13.055306869
"3137",16,2012,5,0.00046330181
"3138",16,2012,6,0
"3139",16,2012,7,1.855705115
"3140",16,2012,8,0
"3141",16,2012,9,0
"3142",16,2012,10,6.034218982605
"3143",16,2012,11,0
"3144",16,2012,12,59.188157038
"3145",16,2013,1,52.4829966859
"3146",16,2013,2,40.478808709
"3147",16,2013,3,7.271023244
"3148",16,2013,4,0.021614451
"3149",16,2013,5,12.10305666895
"3150",16,2013,6,27.051613666
"3151",16,2013,7,8.8672685845
"3152",16,2013,8,4.5756355835
"3153",16,2013,9,0
"3154",16,2013,10,1.24353137779
"3155",16,2013,11,0
"3156",16,2013,12,37.17203281095
"3157",16,2014,1,61.86482377575
"3158",16,2014,2,0.23414454
"3159",16,2014,3,4.97842534075
"3160",16,2014,4,16.2758993315
"3161",16,2014,5,3.8657867
"3162",16,2014,6,0
"3163",16,2014,7,0
"3164",16,2014,8,6.9621454
"3165",16,2014,9,1.8026221
"3166",16,2014,10,6.46074035325
"3167",16,2014,11,4.44112583
"3168",16,2014,12,4.83990865
"3169",17,2004,1,63.8810365636
"3170",17,2004,2,74.375338977956
"3171",17,2004,3,5.387716313114
"3172",17,2004,4,0
"3173",17,2004,5,0
"3174",17,2004,6,0
"3175",17,2004,7,17.544282380502
"3176",17,2004,8,39.344131633376
"3177",17,2004,9,0.0808631307
"3178",17,2004,10,0.01525880042
"3179",17,2004,11,0
"3180",17,2004,12,5.4532101576
"3181",17,2005,1,44.125800932992
"3182",17,2005,2,88.4115164162
"3183",17,2005,3,7.030339695462
"3184",17,2005,4,0.040409544882
"3185",17,2005,5,0.2587300502
"3186",17,2005,6,0
"3187",17,2005,7,1.335973678
"3188",17,2005,8,0
"3189",17,2005,9,18.890660618
"3190",17,2005,10,0
"3191",17,2005,11,0.1134122608
"3192",17,2005,12,20.90962581968
"3193",17,2006,1,82.804179732646
"3194",17,2006,2,49.8443919239
"3195",17,2006,3,47.595326625556
"3196",17,2006,4,5.302991386
"3197",17,2006,5,1.24004898726
"3198",17,2006,6,0.00313938386
"3199",17,2006,7,0.878782146
"3200",17,2006,8,0
"3201",17,2006,9,0.4136856546
"3202",17,2006,10,0.550796682484
"3203",17,2006,11,0
"3204",17,2006,12,1.76597335318
"3205",17,2007,1,40.21033886
"3206",17,2007,2,38.54831489
"3207",17,2007,3,15.81326153148
"3208",17,2007,4,0.001791904204
"3209",17,2007,5,0
"3210",17,2007,6,1.54114245947
"3211",17,2007,7,0
"3212",17,2007,8,0.0193091052
"3213",17,2007,9,1.42518945708
"3214",17,2007,10,0
"3215",17,2007,11,3.3559854282
"3216",17,2007,12,2.25391252368
"3217",17,2008,1,95.398389320189
"3218",17,2008,2,8.52475465404
"3219",17,2008,3,7.88050400176
"3220",17,2008,4,0
"3221",17,2008,5,0
"3222",17,2008,6,0.3284088
"3223",17,2008,7,0
"3224",17,2008,8,1.811714332
"3225",17,2008,9,0.02451105038
"3226",17,2008,10,0
"3227",17,2008,11,0
"3228",17,2008,12,23.89221410448
"3229",17,2009,1,8.64971869042
"3230",17,2009,2,36.219469078
"3231",17,2009,3,11.116101767008
"3232",17,2009,4,16.5061307724
"3233",17,2009,5,0
"3234",17,2009,6,0
"3235",17,2009,7,0.5658963962
"3236",17,2009,8,0
"3237",17,2009,9,0.14793638736
"3238",17,2009,10,0
"3239",17,2009,11,0.26018473142
"3240",17,2009,12,7.505677660002
"3241",17,2010,1,23.62411956632
"3242",17,2010,2,33.8563386776
"3243",17,2010,3,1.53430317064
"3244",17,2010,4,4.4614368768
"3245",17,2010,5,11.0161641376
"3246",17,2010,6,0
"3247",17,2010,7,0.0391967276
"3248",17,2010,8,1.056298328
"3249",17,2010,9,1.46887594
"3250",17,2010,10,0.0231798528
"3251",17,2010,11,0
"3252",17,2010,12,14.93782417586
"3253",17,2011,1,53.776221336062
"3254",17,2011,2,93.90978622258
"3255",17,2011,3,7.32155176996
"3256",17,2011,4,10.091792434372
"3257",17,2011,5,1.451889004
"3258",17,2011,6,1.572381153996
"3259",17,2011,7,23.191999782
"3260",17,2011,8,0
"3261",17,2011,9,1.28798072746
"3262",17,2011,10,0.1580661022
"3263",17,2011,11,0.0137382368
"3264",17,2011,12,54.934340338
"3265",17,2012,1,52.7870949458
"3266",17,2012,2,100.031884604
"3267",17,2012,3,30.934251032212
"3268",17,2012,4,9.54834725702
"3269",17,2012,5,0.00068109396
"3270",17,2012,6,0
"3271",17,2012,7,2.2141846008
"3272",17,2012,8,0
"3273",17,2012,9,0
"3274",17,2012,10,1.93630256697726
"3275",17,2012,11,0
"3276",17,2012,12,31.414633512898
"3277",17,2013,1,52.3851697904
"3278",17,2013,2,24.3211807206
"3279",17,2013,3,5.7368706622
"3280",17,2013,4,0
"3281",17,2013,5,7.93860603214
"3282",17,2013,6,20.90760297843
"3283",17,2013,7,3.7646131214
"3284",17,2013,8,4.341571378
"3285",17,2013,9,0
"3286",17,2013,10,1.45915235
"3287",17,2013,11,0
"3288",17,2013,12,23.615999262488
"3289",17,2014,1,59.459371050016
"3290",17,2014,2,0.214046423
"3291",17,2014,3,0.386093549932
"3292",17,2014,4,10.12663143206
"3293",17,2014,5,6.714296126
"3294",17,2014,6,0
"3295",17,2014,7,0
"3296",17,2014,8,5.3069085338
"3297",17,2014,9,1.40908306664
"3298",17,2014,10,5.390848424
"3299",17,2014,11,3.18554268705
"3300",17,2014,12,0.1331357784
"3301",21,2004,1,37.2401782644893
"3302",21,2004,2,51.7749508560938
"3303",21,2004,3,6.3177058478659
"3304",21,2004,4,0.0280819428352857
"3305",21,2004,5,0.0480314306750239
"3306",21,2004,6,0
"3307",21,2004,7,3.86557804355513
"3308",21,2004,8,25.7709012090068
"3309",21,2004,9,0.803930360843781
"3310",21,2004,10,0.00619548043341517
"3311",21,2004,11,0
"3312",21,2004,12,8.70339944683714
"3313",21,2005,1,71.8586225818076
"3314",21,2005,2,76.6350390352534
"3315",21,2005,3,7.53577068011914
"3316",21,2005,4,3.23347520540143
"3317",21,2005,5,2.03572135681806
"3318",21,2005,6,0
"3319",21,2005,7,0.00390786606666667
"3320",21,2005,8,0.00439589160095238
"3321",21,2005,9,15.016134308289
"3322",21,2005,10,0.0258257832426488
"3323",21,2005,11,0.0850056234095238
"3324",21,2005,12,9.39937857600686
"3325",21,2006,1,82.8948329330947
"3326",21,2006,2,35.7029890715074
"3327",21,2006,3,29.1274241500173
"3328",21,2006,4,5.70933729428571
"3329",21,2006,5,3.88943261295429
"3330",21,2006,6,0.601642983766619
"3331",21,2006,7,1.0048791147619
"3332",21,2006,8,0.952675415242857
"3333",21,2006,9,1.16747013775524
"3334",21,2006,10,0.0189130228465729
"3335",21,2006,11,0.0130715684890476
"3336",21,2006,12,0.0178974799614143
"3337",21,2007,1,37.0386294250819
"3338",21,2007,2,23.4204357553362
"3339",21,2007,3,6.18189065116452
"3340",21,2007,4,0.0222143489827619
"3341",21,2007,5,0.0780404096296667
"3342",21,2007,6,4.6480314395949
"3343",21,2007,7,0.0379885449609527
"3344",21,2007,8,0.873088334681429
"3345",21,2007,9,4.62588661758589
"3346",21,2007,10,0.00109439757793536
"3347",21,2007,11,0.0359178320571429
"3348",21,2007,12,2.00739780152565
"3349",21,2008,1,98.6833560617314
"3350",21,2008,2,13.3325720894881
"3351",21,2008,3,1.13668400583381
"3352",21,2008,4,0.0846886632593809
"3353",21,2008,5,0.197831105682795
"3354",21,2008,6,1.10740415350781
"3355",21,2008,7,0.350022391506286
"3356",21,2008,8,0.0757500275238095
"3357",21,2008,9,0.128646001298143
"3358",21,2008,10,0.158798967673058
"3359",21,2008,11,0
"3360",21,2008,12,9.66177749815006
"3361",21,2009,1,3.71038340653857
"3362",21,2009,2,14.9336558155966
"3363",21,2009,3,13.9649130286083
"3364",21,2009,4,3.51001324629919
"3365",21,2009,5,0.70228285142381
"3366",21,2009,6,2.57901885714286e-05
"3367",21,2009,7,6.50210739277762
"3368",21,2009,8,0.138560133714
"3369",21,2009,9,2.61033374320944
"3370",21,2009,10,0.516583531494762
"3371",21,2009,11,0.157277178333333
"3372",21,2009,12,1.28477620242995
"3373",21,2010,1,7.7568132787079
"3374",21,2010,2,19.5691467082245
"3375",21,2010,3,0.104405941872238
"3376",21,2010,4,1.91466680470062
"3377",21,2010,5,12.6744386699014
"3378",21,2010,6,0.000174126771714286
"3379",21,2010,7,0.0504434113783333
"3380",21,2010,8,0.877436545238095
"3381",21,2010,9,2.20803311519048
"3382",21,2010,10,0.0648260512987513
"3383",21,2010,11,0
"3384",21,2010,12,3.2134822255337
"3385",21,2011,1,43.5501277355916
"3386",21,2011,2,78.7535296926805
"3387",21,2011,3,8.67851564804848
"3388",21,2011,4,15.1923945527514
"3389",21,2011,5,1.04693342059286
"3390",21,2011,6,2.43065446357409
"3391",21,2011,7,25.2568786692005
"3392",21,2011,8,0.137895065605714
"3393",21,2011,9,0.484026052820218
"3394",21,2011,10,0.329985317850383
"3395",21,2011,11,0.000104696595238095
"3396",21,2011,12,23.1830193523499
"3397",21,2012,1,50.1069297743143
"3398",21,2012,2,114.296755218927
"3399",21,2012,3,37.5417291530386
"3400",21,2012,4,7.2219147050211
"3401",21,2012,5,0.00410388663128571
"3402",21,2012,6,0.00623345174076191
"3403",21,2012,7,1.70938190814366
"3404",21,2012,8,0.00105671033095238
"3405",21,2012,9,0.237912829356634
"3406",21,2012,10,0.880746106600908
"3407",21,2012,11,0
"3408",21,2012,12,22.9064677513243
"3409",21,2013,1,47.8685334474934
"3410",21,2013,2,47.0208313558114
"3411",21,2013,3,1.01784921975395
"3412",21,2013,4,0.00741134046952381
"3413",21,2013,5,7.27250972036309
"3414",21,2013,6,14.3130495832526
"3415",21,2013,7,6.0808270617629
"3416",21,2013,8,8.15479353837343
"3417",21,2013,9,0.854573553805524
"3418",21,2013,10,0.354036409763309
"3419",21,2013,11,0
"3420",21,2013,12,3.21620139884943
"3421",21,2014,1,45.3439657599872
"3422",21,2014,2,3.15425314456909
"3423",21,2014,3,0.608265200343191
"3424",21,2014,4,9.3423000331501
"3425",21,2014,5,7.86800381954257
"3426",21,2014,6,1.61295378830667
"3427",21,2014,7,0.757656754765238
"3428",21,2014,8,5.09850029926129
"3429",21,2014,9,2.23992652170621
"3430",21,2014,10,5.05759197865337
"3431",21,2014,11,1.23249822760795
"3432",21,2014,12,0.000693389832380952
"3433",25,2004,1,5.1254468108
"3434",25,2004,2,51.694415118
"3435",25,2004,3,1.74490789
"3436",25,2004,4,0
"3437",25,2004,5,0.2857939186
"3438",25,2004,6,0
"3439",25,2004,7,5.606726117
"3440",25,2004,8,35.051945153
"3441",25,2004,9,0.991697781
"3442",25,2004,10,0.23974109
"3443",25,2004,11,0
"3444",25,2004,12,2.84605684
"3445",25,2005,1,59.82984119
"3446",25,2005,2,45.0024047601
"3447",25,2005,3,4.37445099
"3448",25,2005,4,8.777188317
"3449",25,2005,5,3.6488857638
"3450",25,2005,6,0.0066807911
"3451",25,2005,7,0
"3452",25,2005,8,0.045542037
"3453",25,2005,9,19.3582863353
"3454",25,2005,10,0.067088735334
"3455",25,2005,11,0.051818148
"3456",25,2005,12,4.6044617
"3457",25,2006,1,91.46864291
"3458",25,2006,2,45.4860259305
"3459",25,2006,3,12.1463520229
"3460",25,2006,4,4.7199489
"3461",25,2006,5,5.33402792
"3462",25,2006,6,3.13584802
"3463",25,2006,7,1.3431317
"3464",25,2006,8,2.985230859117
"3465",25,2006,9,1.62530926828
"3466",25,2006,10,0.15347593
"3467",25,2006,11,0
"3468",25,2006,12,0
"3469",25,2007,1,24.722943223866
"3470",25,2007,2,15.60225116568
"3471",25,2007,3,0.41681802232
"3472",25,2007,4,0
"3473",25,2007,5,0.67974292
"3474",25,2007,6,8.780244287
"3475",25,2007,7,0.177881835
"3476",25,2007,8,2.511661468
"3477",25,2007,9,9.9928219438
"3478",25,2007,10,0.02776842412
"3479",25,2007,11,0
"3480",25,2007,12,0.64259378
"3481",25,2008,1,112.16233400231
"3482",25,2008,2,7.31283789675
"3483",25,2008,3,0.032271765
"3484",25,2008,4,0.6817842845
"3485",25,2008,5,0.70869113485
"3486",25,2008,6,4.955327367
"3487",25,2008,7,2.469159107
"3488",25,2008,8,0.35853402
"3489",25,2008,9,0.52960659
"3490",25,2008,10,0.67382733194
"3491",25,2008,11,0
"3492",25,2008,12,0.4297552806
"3493",25,2009,1,0.71037667
"3494",25,2009,2,13.012557853
"3495",25,2009,3,9.24954426418
"3496",25,2009,4,2.72251167612
"3497",25,2009,5,1.86670404
"3498",25,2009,6,0
"3499",25,2009,7,12.191828003
"3500",25,2009,8,0.3838037542
"3501",25,2009,9,6.6791601022
"3502",25,2009,10,0.97684293
"3503",25,2009,11,0
"3504",25,2009,12,0
"3505",25,2010,1,1.08154216
"3506",25,2010,2,14.41668158303
"3507",25,2010,3,0
"3508",25,2010,4,0.370003307
"3509",25,2010,5,22.920560239
"3510",25,2010,6,0.008438894
"3511",25,2010,7,0.014987322
"3512",25,2010,8,1.3347243
"3513",25,2010,9,2.44478231
"3514",25,2010,10,0.126491758
"3515",25,2010,11,0
"3516",25,2010,12,0.32837283
"3517",25,2011,1,29.15327081852
"3518",25,2011,2,81.8907134411
"3519",25,2011,3,2.9186874276
"3520",25,2011,4,17.25104647
"3521",25,2011,5,2.6103740879
"3522",25,2011,6,11.0519291733
"3523",25,2011,7,29.42757045
"3524",25,2011,8,0.040773226
"3525",25,2011,9,0.12431635
"3526",25,2011,10,1.0983971104
"3527",25,2011,11,0
"3528",25,2011,12,12.42455508
"3529",25,2012,1,56.85886005
"3530",25,2012,2,168.1739480035
"3531",25,2012,3,52.715798989
"3532",25,2012,4,10.727369465
"3533",25,2012,5,0
"3534",25,2012,6,0.4645216122
"3535",25,2012,7,4.28026207
"3536",25,2012,8,0
"3537",25,2012,9,0.862592845
"3538",25,2012,10,1.380011715
"3539",25,2012,11,0
"3540",25,2012,12,13.50982975
"3541",25,2013,1,45.38628151
"3542",25,2013,2,63.85091703
"3543",25,2013,3,0.074988979
"3544",25,2013,4,0
"3545",25,2013,5,9.8050766018
"3546",25,2013,6,21.3217772666
"3547",25,2013,7,12.057357953
"3548",25,2013,8,11.286760664
"3549",25,2013,9,3.472936327
"3550",25,2013,10,0.385697687613
"3551",25,2013,11,0
"3552",25,2013,12,0.094812963
"3553",25,2014,1,50.48509357572
"3554",25,2014,2,2.9451598529
"3555",25,2014,3,0.3184228
"3556",25,2014,4,3.997299369
"3557",25,2014,5,11.8922330588
"3558",25,2014,6,6.4074761
"3559",25,2014,7,1.5536786
"3560",25,2014,8,6.32613563
"3561",25,2014,9,3.348618416
"3562",25,2014,10,5.78038254142
"3563",25,2014,11,0.034969682
"3564",25,2014,12,0
"3565",30,2004,1,26.8144616758596
"3566",30,2004,2,4.08126173194707
"3567",30,2004,3,0.674160506950571
"3568",30,2004,4,0.0344365425395286
"3569",30,2004,5,0.356740020307
"3570",30,2004,6,0
"3571",30,2004,7,19.4279255756845
"3572",30,2004,8,20.8799892700473
"3573",30,2004,9,0.60873732879
"3574",30,2004,10,2.18091818407429
"3575",30,2004,11,0.0939199852818572
"3576",30,2004,12,1.656750440255
"3577",30,2005,1,19.8721213031877
"3578",30,2005,2,5.29758482214253
"3579",30,2005,3,1.22026150161329
"3580",30,2005,4,14.4618252426717
"3581",30,2005,5,2.78514066471429
"3582",30,2005,6,2.67604436465714
"3583",30,2005,7,1.57507194990714
"3584",30,2005,8,1.10678926665143
"3585",30,2005,9,12.678674678359
"3586",30,2005,10,0.294799435998571
"3587",30,2005,11,0.708665321418857
"3588",30,2005,12,2.01752199311364
"3589",30,2006,1,15.6137164909286
"3590",30,2006,2,9.42185410411714
"3591",30,2006,3,0.000234484585285714
"3592",30,2006,4,0.0688167211428571
"3593",30,2006,5,1.37048722103829
"3594",30,2006,6,2.50713838428571
"3595",30,2006,7,1.13251842235714
"3596",30,2006,8,16.6858628445301
"3597",30,2006,9,0.169293760234286
"3598",30,2006,10,2.55815141724857
"3599",30,2006,11,0.264931355104429
"3600",30,2006,12,3.46111172526427
"3601",30,2007,1,12.5002427619687
"3602",30,2007,2,0.557126438630429
"3603",30,2007,3,0.00257367354571429
"3604",30,2007,4,2.74915559619457
"3605",30,2007,5,24.8041483518129
"3606",30,2007,6,16.0859043445793
"3607",30,2007,7,5.48034412310143
"3608",30,2007,8,5.29041530285969
"3609",30,2007,9,10.8984933337973
"3610",30,2007,10,1.47114821222571
"3611",30,2007,11,0.0479402159642857
"3612",30,2007,12,1.87608652335157
"3613",30,2008,1,25.4850750928763
"3614",30,2008,2,0.518535615974471
"3615",30,2008,3,0.0504078011777143
"3616",30,2008,4,0.11360238191
"3617",30,2008,5,11.73738074158
"3618",30,2008,6,9.48571121486628
"3619",30,2008,7,0.107181762928571
"3620",30,2008,8,0
"3621",30,2008,9,1.31441732951286
"3622",30,2008,10,0.690695616592857
"3623",30,2008,11,0.181537017978343
"3624",30,2008,12,1.98274143402957
"3625",30,2009,1,14.0104662750806
"3626",30,2009,2,8.36472151617109
"3627",30,2009,3,0.0244922194066857
"3628",30,2009,4,0.1019483146
"3629",30,2009,5,1.55701496276557
"3630",30,2009,6,4.02626162528571
"3631",30,2009,7,11.3647560234714
"3632",30,2009,8,1.40138528869429
"3633",30,2009,9,3.02113024767286
"3634",30,2009,10,1.10364679762143
"3635",30,2009,11,0.0237106225641429
"3636",30,2009,12,0.604744554715714
"3637",30,2010,1,11.5675932160527
"3638",30,2010,2,0.498012332762857
"3639",30,2010,3,0.0146958165714286
"3640",30,2010,4,2.315715e-05
"3641",30,2010,5,18.2112268065159
"3642",30,2010,6,0.981911368127714
"3643",30,2010,7,0.00577020028571429
"3644",30,2010,8,0.233405567161786
"3645",30,2010,9,0.544379057367143
"3646",30,2010,10,0.310807340827143
"3647",30,2010,11,0.0672679279972857
"3648",30,2010,12,0.585412079236571
"3649",30,2011,1,3.28286688514843
"3650",30,2011,2,7.38502708937286
"3651",30,2011,3,1.46082930184114
"3652",30,2011,4,2.75719109387
"3653",30,2011,5,4.20467315368714
"3654",30,2011,6,6.81887756577057
"3655",30,2011,7,17.6105555000391
"3656",30,2011,8,0.912387481621429
"3657",30,2011,9,0.324157833127557
"3658",30,2011,10,1.12401920870857
"3659",30,2011,11,0.0852983813494286
"3660",30,2011,12,10.156805659783
"3661",30,2012,1,27.708273609015
"3662",30,2012,2,18.3983019692229
"3663",30,2012,3,0.0119555300242857
"3664",30,2012,4,12.3018344131286
"3665",30,2012,5,11.7547192086874
"3666",30,2012,6,1.50777773569
"3667",30,2012,7,0.0321521482554286
"3668",30,2012,8,3.76964430473571
"3669",30,2012,9,1.40918620301257
"3670",30,2012,10,2.39638885484271
"3671",30,2012,11,0.127944203785714
"3672",30,2012,12,1.21285872376399
"3673",30,2013,1,38.7661167242466
"3674",30,2013,2,12.8249415792871
"3675",30,2013,3,0
"3676",30,2013,4,0.0744674537514286
"3677",30,2013,5,21.6847134908871
"3678",30,2013,6,0.0782340246871429
"3679",30,2013,7,20.8555615946966
"3680",30,2013,8,3.47726255731286
"3681",30,2013,9,0.442144272603714
"3682",30,2013,10,0.462451703195714
"3683",30,2013,11,0.037919847527
"3684",30,2013,12,28.6267634139106
"3685",30,2014,1,11.1843587844641
"3686",30,2014,2,1.57818890586314
"3687",30,2014,3,0.00806070672457143
"3688",30,2014,4,0.194394520814286
"3689",30,2014,5,11.3512994867113
"3690",30,2014,6,0.171207234642857
"3691",30,2014,7,0.0614763631428571
"3692",30,2014,8,0.167859234026571
"3693",30,2014,9,4.26402923849943
"3694",30,2014,10,9.4968942405
"3695",30,2014,11,0.607303513902714
"3696",30,2014,12,0.124838146112143
"3697",34,2004,1,5.99749954769636
"3698",34,2004,2,1.43136822103312
"3699",34,2004,3,6.44844355845455
"3700",34,2004,4,1.16062013879545
"3701",34,2004,5,1.41607803436364
"3702",34,2004,6,0.01267050981
"3703",34,2004,7,43.7418973826182
"3704",34,2004,8,11.8145496526545
"3705",34,2004,9,0.057041335
"3706",34,2004,10,5.20003992520909
"3707",34,2004,11,2.74806114985455
"3708",34,2004,12,0.120312814345273
"3709",34,2005,1,1.77018659761273
"3710",34,2005,2,2.36302373366364
"3711",34,2005,3,5.99738776816364
"3712",34,2005,4,24.2434214982555
"3713",34,2005,5,0.824470300711692
"3714",34,2005,6,3.92448665400572
"3715",34,2005,7,12.5805499672727
"3716",34,2005,8,7.55494570806273
"3717",34,2005,9,24.8445635422594
"3718",34,2005,10,0.1849403116075
"3719",34,2005,11,0
"3720",34,2005,12,0.00130068428454545
"3721",34,2006,1,3.94290794728227
"3722",34,2006,2,12.3672945127091
"3723",34,2006,3,0
"3724",34,2006,4,0
"3725",34,2006,5,5.87997486
"3726",34,2006,6,3.41937749205455
"3727",34,2006,7,9.71476324965455
"3728",34,2006,8,12.8054545505727
"3729",34,2006,9,0.0013495704427
"3730",34,2006,10,1.22882611333182
"3731",34,2006,11,0.0750302155890909
"3732",34,2006,12,0.382692116109091
"3733",34,2007,1,2.32375943634364
"3734",34,2007,2,2.57862288336989
"3735",34,2007,3,0
"3736",34,2007,4,0.481532424090909
"3737",34,2007,5,28.4885096599909
"3738",34,2007,6,33.6032443972227
"3739",34,2007,7,16.1900718163609
"3740",34,2007,8,0.0367236691119091
"3741",34,2007,9,5.88567770823006
"3742",34,2007,10,1.97772168922432
"3743",34,2007,11,0.00588033486363636
"3744",34,2007,12,0.00985930706006364
"3745",34,2008,1,0.286697826767545
"3746",34,2008,2,0.56795725366
"3747",34,2008,3,2.84449393753636
"3748",34,2008,4,0.00502447351818182
"3749",34,2008,5,18.1404959961273
"3750",34,2008,6,18.9772703334853
"3751",34,2008,7,5.69830096454545
"3752",34,2008,8,0.0270951100909091
"3753",34,2008,9,9.99950990991273
"3754",34,2008,10,0.0967771319881818
"3755",34,2008,11,0.0198507672181818
"3756",34,2008,12,0.0123479917909091
"3757",34,2009,1,7.19186527771364
"3758",34,2009,2,7.58824200085364
"3759",34,2009,3,0.0305679984818182
"3760",34,2009,4,0
"3761",34,2009,5,9.34406907826274
"3762",34,2009,6,6.26613326274545
"3763",34,2009,7,19.4933356195418
"3764",34,2009,8,2.65422383707636
"3765",34,2009,9,2.44376137671245
"3766",34,2009,10,0.227853862793273
"3767",34,2009,11,0.00307593443090909
"3768",34,2009,12,0
"3769",34,2010,1,7.12459567851873
"3770",34,2010,2,0.225280481509091
"3771",34,2010,3,0.0003945871
"3772",34,2010,4,0
"3773",34,2010,5,50.5469964853473
"3774",34,2010,6,4.26582541818182
"3775",34,2010,7,9.43892957208182
"3776",34,2010,8,2.66835368530455
"3777",34,2010,9,8.21104152223091
"3778",34,2010,10,7.94847290909091e-06
"3779",34,2010,11,0.0798079162181818
"3780",34,2010,12,0.000156078742272727
"3781",34,2011,1,0.293927913895364
"3782",34,2011,2,7.07429024049545
"3783",34,2011,3,3.41846558229455
"3784",34,2011,4,2.77108797172727
"3785",34,2011,5,0.319827684580909
"3786",34,2011,6,28.8763800750273
"3787",34,2011,7,40.0314581503136
"3788",34,2011,8,0.089568424732
"3789",34,2011,9,0.00113444740909091
"3790",34,2011,10,4.26717529014911
"3791",34,2011,11,0
"3792",34,2011,12,0.304233960775364
"3793",34,2012,1,11.7996032714091
"3794",34,2012,2,7.03301890168935
"3795",34,2012,3,0.0986552121363636
"3796",34,2012,4,27.3775955635455
"3797",34,2012,5,14.2041176545455
"3798",34,2012,6,0.485325773036364
"3799",34,2012,7,0
"3800",34,2012,8,6.99207326698182
"3801",34,2012,9,0.391227449636364
"3802",34,2012,10,0.844360906529355
"3803",34,2012,11,0.00373748713636364
"3804",34,2012,12,0.215761344
"3805",34,2013,1,9.81392428011764
"3806",34,2013,2,6.65343918233107
"3807",34,2013,3,0
"3808",34,2013,4,0.000178045155090909
"3809",34,2013,5,34.15065862
"3810",34,2013,6,0.269672818459091
"3811",34,2013,7,23.1130019306909
"3812",34,2013,8,2.81370860527273
"3813",34,2013,9,0.00298427608209091
"3814",34,2013,10,0.305022406741636
"3815",34,2013,11,1.90774805650182
"3816",34,2013,12,2.45314305757364
"3817",34,2014,1,4.38723781006727
"3818",34,2014,2,0.00672728996363636
"3819",34,2014,3,0.0382857102200909
"3820",34,2014,4,0.430752716118182
"3821",34,2014,5,23.0805193632
"3822",34,2014,6,0.914608199982027
"3823",34,2014,7,1.53220893263182
"3824",34,2014,8,0.00849711969090909
"3825",34,2014,9,13.8057374861144
"3826",34,2014,10,6.20536614788694
"3827",34,2014,11,0.0757529808727273
"3828",34,2014,12,0
"3829",38,2004,1,6.02356643173917
"3830",38,2004,2,8.94264549696667
"3831",38,2004,3,3.96164583389942
"3832",38,2004,4,0.797398002004167
"3833",38,2004,5,0.975560814484167
"3834",38,2004,6,2.3981217e-05
"3835",38,2004,7,51.4893660369167
"3836",38,2004,8,5.40662033940083
"3837",38,2004,9,1.6559691160845
"3838",38,2004,10,4.24446569546667
"3839",38,2004,11,8.36656486766583
"3840",38,2004,12,0.00573115086166667
"3841",38,2005,1,4.4250603501925
"3842",38,2005,2,3.46083907658583
"3843",38,2005,3,7.66829204221583
"3844",38,2005,4,15.880422197781
"3845",38,2005,5,10.1080366135577
"3846",38,2005,6,9.89897530414317
"3847",38,2005,7,6.25455818666667
"3848",38,2005,8,12.4439594579167
"3849",38,2005,9,14.7030748892417
"3850",38,2005,10,0.0432484762043333
"3851",38,2005,11,0.000597511769166667
"3852",38,2005,12,0.000125666558691667
"3853",38,2006,1,7.62222072809075
"3854",38,2006,2,19.9682524681442
"3855",38,2006,3,0.000614856781666667
"3856",38,2006,4,0.475446807404167
"3857",38,2006,5,12.7265336264167
"3858",38,2006,6,3.59339265333333
"3859",38,2006,7,17.0755442542442
"3860",38,2006,8,4.01869036816667
"3861",38,2006,9,0.0187245128333333
"3862",38,2006,10,1.53658719691083
"3863",38,2006,11,0.0062952665125
"3864",38,2006,12,0.7370740205
"3865",38,2007,1,3.56970051394817
"3866",38,2007,2,3.24228425413209
"3867",38,2007,3,0.06217154309295
"3868",38,2007,4,2.24268220715833
"3869",38,2007,5,12.7626455121207
"3870",38,2007,6,69.7722317117025
"3871",38,2007,7,24.8839429783333
"3872",38,2007,8,0.320896150333433
"3873",38,2007,9,0.53547655735
"3874",38,2007,10,0.75224252
"3875",38,2007,11,0.0105474176083333
"3876",38,2007,12,0.0130334097666667
"3877",38,2008,1,0.624149788273417
"3878",38,2008,2,4.34952194921575
"3879",38,2008,3,3.7887953340375
"3880",38,2008,4,0.250618439275833
"3881",38,2008,5,20.6116986525833
"3882",38,2008,6,22.8067211003922
"3883",38,2008,7,10.3511823066667
"3884",38,2008,8,4.628990536575
"3885",38,2008,9,13.222942069375
"3886",38,2008,10,0.100638183344333
"3887",38,2008,11,0.0183822774508333
"3888",38,2008,12,1.31125619896417
"3889",38,2009,1,11.401030019908
"3890",38,2009,2,14.3224270685892
"3891",38,2009,3,0.478538104755083
"3892",38,2009,4,0.00730483257333333
"3893",38,2009,5,5.70419021925
"3894",38,2009,6,2.84612821832083
"3895",38,2009,7,17.08600560871
"3896",38,2009,8,3.53226430453667
"3897",38,2009,9,0.554652095954167
"3898",38,2009,10,0.0575240305625
"3899",38,2009,11,0
"3900",38,2009,12,0.0417465221998917
"3901",38,2010,1,16.6431085832889
"3902",38,2010,2,1.05754635452
"3903",38,2010,3,0.027410568695
"3904",38,2010,4,0.399595390227846
"3905",38,2010,5,64.20353844557
"3906",38,2010,6,10.4609695518012
"3907",38,2010,7,1.87640801687167
"3908",38,2010,8,2.675488674875
"3909",38,2010,9,14.1039158990003
"3910",38,2010,10,0
"3911",38,2010,11,0.364612053333333
"3912",38,2010,12,0.559467080460833
"3913",38,2011,1,1.63388620376583
"3914",38,2011,2,7.6349232100525
"3915",38,2011,3,7.1024606422845
"3916",38,2011,4,2.395987874412
"3917",38,2011,5,2.0729468
"3918",38,2011,6,36.2272024762833
"3919",38,2011,7,22.7331393870833
"3920",38,2011,8,0.14453384444
"3921",38,2011,9,0
"3922",38,2011,10,2.57406638769167
"3923",38,2011,11,0
"3924",38,2011,12,1.56538826719075
"3925",38,2012,1,10.8310957680936
"3926",38,2012,2,12.3419206299083
"3927",38,2012,3,0.370611361791667
"3928",38,2012,4,14.45677483625
"3929",38,2012,5,24.3258696583333
"3930",38,2012,6,0
"3931",38,2012,7,0
"3932",38,2012,8,13.4176721925983
"3933",38,2012,9,0.01831826485
"3934",38,2012,10,0.231651633133333
"3935",38,2012,11,0
"3936",38,2012,12,0.132688584916667
"3937",38,2013,1,18.2240462536983
"3938",38,2013,2,8.59311773567242
"3939",38,2013,3,0.10965678875
"3940",38,2013,4,0
"3941",38,2013,5,37.71638820155
"3942",38,2013,6,0.2305029229625
"3943",38,2013,7,15.0489707656107
"3944",38,2013,8,4.08971914975
"3945",38,2013,9,0
"3946",38,2013,10,0.500839387875
"3947",38,2013,11,1.54990562043333
"3948",38,2013,12,2.009624834445
"3949",38,2014,1,10.9364893265592
"3950",38,2014,2,0.080106044684875
"3951",38,2014,3,0.19318498205
"3952",38,2014,4,0.668233405
"3953",38,2014,5,12.2600860859942
"3954",38,2014,6,9.78610835
"3955",38,2014,7,1.51882398774167
"3956",38,2014,8,0.000903706416666667
"3957",38,2014,9,14.1031562856683
"3958",38,2014,10,4.673079045965
"3959",38,2014,11,0.0473660790096667
"3960",38,2014,12,0
"3961",43,2004,1,8.36177307338091
"3962",43,2004,2,9.52876581093636
"3963",43,2004,3,2.69567724930818
"3964",43,2004,4,12.1417406077618
"3965",43,2004,5,3.62828595396364
"3966",43,2004,6,2.07340648043636
"3967",43,2004,7,44.4043503974896
"3968",43,2004,8,9.56488061136636
"3969",43,2004,9,11.7556927009482
"3970",43,2004,10,4.55176780809818
"3971",43,2004,11,14.2316740589327
"3972",43,2004,12,0.0903557399201727
"3973",43,2005,1,15.1775500855836
"3974",43,2005,2,5.51331268505455
"3975",43,2005,3,12.5905667753011
"3976",43,2005,4,14.3123795209648
"3977",43,2005,5,41.2270825505635
"3978",43,2005,6,56.1673144008382
"3979",43,2005,7,2.29110256983545
"3980",43,2005,8,33.5478689010335
"3981",43,2005,9,22.9456292977205
"3982",43,2005,10,0.539688417028091
"3983",43,2005,11,0.03244106
"3984",43,2005,12,0.0623322323636364
"3985",43,2006,1,13.8607933414234
"3986",43,2006,2,23.0191567650091
"3987",43,2006,3,0.0912325154363636
"3988",43,2006,4,0.946992061790909
"3989",43,2006,5,19.1203518300602
"3990",43,2006,6,17.0302046157636
"3991",43,2006,7,86.1424655189706
"3992",43,2006,8,4.68584456393909
"3993",43,2006,9,0.642199310436364
"3994",43,2006,10,4.35635055890909
"3995",43,2006,11,0.562637696090909
"3996",43,2006,12,0.785041505472727
"3997",43,2007,1,12.3476004547646
"3998",43,2007,2,4.60842322970182
"3999",43,2007,3,1.06308181075
"4000",43,2007,4,8.79624712485273
"4001",43,2007,5,15.7661555807273
"4002",43,2007,6,97.0128050037791
"4003",43,2007,7,68.3867429633909
"4004",43,2007,8,7.27030703670909
"4005",43,2007,9,1.13729414009741
"4006",43,2007,10,0.686523181963636
"4007",43,2007,11,0.251067754909091
"4008",43,2007,12,2.01937809663622
"4009",43,2008,1,4.11263839353091
"4010",43,2008,2,6.42452498850027
"4011",43,2008,3,2.76304843057145
"4012",43,2008,4,0.873594590542145
"4013",43,2008,5,40.2214637369694
"4014",43,2008,6,29.9885132323673
"4015",43,2008,7,10.8098222930091
"4016",43,2008,8,47.6969188101286
"4017",43,2008,9,21.2229800745636
"4018",43,2008,10,0.0722291096090909
"4019",43,2008,11,0.0967048991454545
"4020",43,2008,12,2.31408169704157
"4021",43,2009,1,17.3732472607055
"4022",43,2009,2,7.03048682011455
"4023",43,2009,3,0.585863873464545
"4024",43,2009,4,0.00155283583636364
"4025",43,2009,5,0.784340418522091
"4026",43,2009,6,16.7795411453947
"4027",43,2009,7,13.6731071920909
"4028",43,2009,8,21.8779379887591
"4029",43,2009,9,0.125557527971818
"4030",43,2009,10,0.00141197273872727
"4031",43,2009,11,0.54759033245
"4032",43,2009,12,0.0973069302509091
"4033",43,2010,1,19.3434493031107
"4034",43,2010,2,2.61805874996
"4035",43,2010,3,0.00105627550272727
"4036",43,2010,4,1.39969703263636
"4037",43,2010,5,47.3372173531164
"4038",43,2010,6,29.6500243605162
"4039",43,2010,7,1.91481025468029
"4040",43,2010,8,2.71265172502727
"4041",43,2010,9,16.2825987068982
"4042",43,2010,10,0.00201712698063636
"4043",43,2010,11,3.28833397068182
"4044",43,2010,12,2.04091377548145
"4045",43,2011,1,4.47900174001427
"4046",43,2011,2,7.03868246231055
"4047",43,2011,3,6.66982386769236
"4048",43,2011,4,1.17209417811
"4049",43,2011,5,4.01935748113945
"4050",43,2011,6,54.0006271376743
"4051",43,2011,7,18.0476502541691
"4052",43,2011,8,13.1324085886642
"4053",43,2011,9,0.039475282
"4054",43,2011,10,1.77592644101818
"4055",43,2011,11,0.00236060413545455
"4056",43,2011,12,6.11071889665455
"4057",43,2012,1,17.3516864966143
"4058",43,2012,2,11.5842113770178
"4059",43,2012,3,1.05996477324455
"4060",43,2012,4,11.7615127570152
"4061",43,2012,5,38.589426993
"4062",43,2012,6,6.32307356777836
"4063",43,2012,7,0
"4064",43,2012,8,25.5087312916785
"4065",43,2012,9,0.593469186533273
"4066",43,2012,10,0.219556321034545
"4067",43,2012,11,0.0624842099818182
"4068",43,2012,12,0.156184459472727
"4069",43,2013,1,25.2048600655922
"4070",43,2013,2,4.873138557415
"4071",43,2013,3,0.0718748466572727
"4072",43,2013,4,0.00523150077636364
"4073",43,2013,5,42.8003438941455
"4074",43,2013,6,4.61562017604018
"4075",43,2013,7,5.29035172626354
"4076",43,2013,8,16.6359878710364
"4077",43,2013,9,3.02115083645455
"4078",43,2013,10,1.21557750983545
"4079",43,2013,11,2.97549180553455
"4080",43,2013,12,2.41673301832445
"4081",43,2014,1,9.768421482555
"4082",43,2014,2,2.89845893206636
"4083",43,2014,3,2.35791053704217
"4084",43,2014,4,2.67027732069091
"4085",43,2014,5,2.66079878121818
"4086",43,2014,6,23.2167652355455
"4087",43,2014,7,1.55262952459091
"4088",43,2014,8,0.861403404278
"4089",43,2014,9,16.3709124263882
"4090",43,2014,10,4.71292268807273
"4091",43,2014,11,0.461959178786127
"4092",43,2014,12,0.277035921035
"4093",44,2004,1,0
"4094",44,2004,2,0
"4095",44,2004,3,2.80087314795
"4096",44,2004,4,8.1214699
"4097",44,2004,5,0.059243097
"4098",44,2004,6,1.0463285
"4099",44,2004,7,58.809649528
"4100",44,2004,8,19.2309404751
"4101",44,2004,9,0.1466671146
"4102",44,2004,10,0
"4103",44,2004,11,2.205519306
"4104",44,2004,12,0
"4105",44,2005,1,0
"4106",44,2005,2,0
"4107",44,2005,3,1.73730083
"4108",44,2005,4,0
"4109",44,2005,5,36.4376557
"4110",44,2005,6,0.16542565
"4111",44,2005,7,2.21945263
"4112",44,2005,8,27.792085783
"4113",44,2005,9,6.746267117
"4114",44,2005,10,2.2416660943
"4115",44,2005,11,0.032852258
"4116",44,2005,12,0
"4117",44,2006,1,0
"4118",44,2006,2,0
"4119",44,2006,3,0
"4120",44,2006,4,0
"4121",44,2006,5,0
"4122",44,2006,6,25.620417962
"4123",44,2006,7,51.10302426
"4124",44,2006,8,0.045275715
"4125",44,2006,9,0.31662887
"4126",44,2006,10,11.0577554
"4127",44,2006,11,0.014320828
"4128",44,2006,12,0
"4129",44,2007,1,0
"4130",44,2007,2,0
"4131",44,2007,3,0.80404076
"4132",44,2007,4,0
"4133",44,2007,5,4.074451732
"4134",44,2007,6,26.7841827189
"4135",44,2007,7,2.68987813
"4136",44,2007,8,15.076703424
"4137",44,2007,9,0
"4138",44,2007,10,0.44244402
"4139",44,2007,11,0.08550538
"4140",44,2007,12,0
"4141",44,2008,1,0
"4142",44,2008,2,0
"4143",44,2008,3,0.718882972
"4144",44,2008,4,0.11563803
"4145",44,2008,5,20.6268636302
"4146",44,2008,6,12.71575
"4147",44,2008,7,30.371299495
"4148",44,2008,8,42.4306732
"4149",44,2008,9,5.17463263
"4150",44,2008,10,0.0078148228
"4151",44,2008,11,3.3703288
"4152",44,2008,12,0
"4153",44,2009,1,0
"4154",44,2009,2,0
"4155",44,2009,3,0
"4156",44,2009,4,0
"4157",44,2009,5,7.69659669
"4158",44,2009,6,22.569339
"4159",44,2009,7,7.4570386
"4160",44,2009,8,40.7926031
"4161",44,2009,9,0.071093747
"4162",44,2009,10,0
"4163",44,2009,11,0
"4164",44,2009,12,0
"4165",44,2010,1,0
"4166",44,2010,2,0
"4167",44,2010,3,0
"4168",44,2010,4,0
"4169",44,2010,5,85.830550956
"4170",44,2010,6,35.20243878
"4171",44,2010,7,4.9522137836
"4172",44,2010,8,17.0243559
"4173",44,2010,9,12.5144345
"4174",44,2010,10,0
"4175",44,2010,11,0.98353048
"4176",44,2010,12,0
"4177",44,2011,1,0
"4178",44,2011,2,0
"4179",44,2011,3,0
"4180",44,2011,4,0.32902537
"4181",44,2011,5,0
"4182",44,2011,6,81.7232821
"4183",44,2011,7,25.84781062
"4184",44,2011,8,6.140162065
"4185",44,2011,9,0
"4186",44,2011,10,15.849366218
"4187",44,2011,11,0
"4188",44,2011,12,0
"4189",44,2012,1,0
"4190",44,2012,2,0
"4191",44,2012,3,0
"4192",44,2012,4,6.5889346
"4193",44,2012,5,8.6824065
"4194",44,2012,6,0
"4195",44,2012,7,0
"4196",44,2012,8,14.700155415
"4197",44,2012,9,2.478018
"4198",44,2012,10,1.363667273
"4199",44,2012,11,0.030792179
"4200",44,2012,12,0.03946611
"4201",44,2013,1,0
"4202",44,2013,2,0
"4203",44,2013,3,0
"4204",44,2013,4,0
"4205",44,2013,5,39.8852979762
"4206",44,2013,6,1.4339595
"4207",44,2013,7,19.4050177
"4208",44,2013,8,0
"4209",44,2013,9,0.10041462
"4210",44,2013,10,0.006980133
"4211",44,2013,11,0.048429861
"4212",44,2013,12,0
"4213",44,2014,1,0
"4214",44,2014,2,0
"4215",44,2014,3,1.9104908
"4216",44,2014,4,0
"4217",44,2014,5,0.402082347
"4218",44,2014,6,34.629780518
"4219",44,2014,7,5.911741632
"4220",44,2014,8,2.57905129
"4221",44,2014,9,15.1244724
"4222",44,2014,10,0.017982774
"4223",44,2014,11,0
"4224",44,2014,12,0
"4225",45,2004,1,4.00779401587273
"4226",45,2004,2,7.1681021954565
"4227",45,2004,3,15.6348202492273
"4228",45,2004,4,36.7885019371555
"4229",45,2004,5,7.95526472517576
"4230",45,2004,6,9.18698604666667
"4231",45,2004,7,72.3144642188449
"4232",45,2004,8,62.7548776189735
"4233",45,2004,9,20.6058069170641
"4234",45,2004,10,9.22831522015864
"4235",45,2004,11,27.9452506852391
"4236",45,2004,12,0.0903959317406061
"4237",45,2005,1,5.4126025803103
"4238",45,2005,2,1.24279824348788
"4239",45,2005,3,35.34997552305
"4240",45,2005,4,10.8562874364303
"4241",45,2005,5,71.0019482659939
"4242",45,2005,6,84.3492981718151
"4243",45,2005,7,10.3283184851922
"4244",45,2005,8,76.1756240972636
"4245",45,2005,9,29.7875012164373
"4246",45,2005,10,13.3466336184497
"4247",45,2005,11,0.601442281312727
"4248",45,2005,12,0.00423653658818182
"4249",45,2006,1,4.10571837319424
"4250",45,2006,2,10.4729533842923
"4251",45,2006,3,0.839476249121515
"4252",45,2006,4,1.45540904257061
"4253",45,2006,5,6.84570995680064
"4254",45,2006,6,43.7478870829091
"4255",45,2006,7,164.005623664434
"4256",45,2006,8,4.15088669186788
"4257",45,2006,9,0.291981196203403
"4258",45,2006,10,19.2678794632815
"4259",45,2006,11,2.32371300898788
"4260",45,2006,12,0.752592104973939
"4261",45,2007,1,7.50555227522133
"4262",45,2007,2,10.2721287502827
"4263",45,2007,3,12.3761864662879
"4264",45,2007,4,13.411617058598
"4265",45,2007,5,24.8955192022973
"4266",45,2007,6,98.4470360876882
"4267",45,2007,7,48.7641731237733
"4268",45,2007,8,18.6910348868282
"4269",45,2007,9,0.345152118890909
"4270",45,2007,10,4.1724479859697
"4271",45,2007,11,3.20586847469667
"4272",45,2007,12,1.70740142456988
"4273",45,2008,1,3.28462566813806
"4274",45,2008,2,3.16882676825069
"4275",45,2008,3,12.2519504537224
"4276",45,2008,4,4.59010416446288
"4277",45,2008,5,79.6746419085191
"4278",45,2008,6,53.2820031436621
"4279",45,2008,7,28.2360972897241
"4280",45,2008,8,114.348187071244
"4281",45,2008,9,17.4956889545297
"4282",45,2008,10,0.7396383413
"4283",45,2008,11,1.04771909904273
"4284",45,2008,12,1.10570596279697
"4285",45,2009,1,4.70020579305242
"4286",45,2009,2,4.65237606191364
"4287",45,2009,3,1.2013931326697
"4288",45,2009,4,0.0543451805151515
"4289",45,2009,5,5.72372059059018
"4290",45,2009,6,44.9330420948041
"4291",45,2009,7,20.3234779969424
"4292",45,2009,8,53.8013973657396
"4293",45,2009,9,6.54947828646485
"4294",45,2009,10,0.202036758593939
"4295",45,2009,11,1.22432677756445
"4296",45,2009,12,0.0238419551818182
"4297",45,2010,1,5.71693386724703
"4298",45,2010,2,3.57622636415515
"4299",45,2010,3,0
"4300",45,2010,4,3.84865936839542
"4301",45,2010,5,73.0623905097973
"4302",45,2010,6,61.1901270278135
"4303",45,2010,7,19.7657042920145
"4304",45,2010,8,10.7089328566667
"4305",45,2010,9,29.209846710897
"4306",45,2010,10,2.86031298885152
"4307",45,2010,11,12.3862571228885
"4308",45,2010,12,0.673900464329091
"4309",45,2011,1,1.42597846875063
"4310",45,2011,2,6.70044635622464
"4311",45,2011,3,1.37308103131152
"4312",45,2011,4,2.73183470030303
"4313",45,2011,5,3.28030215094818
"4314",45,2011,6,133.777723638546
"4315",45,2011,7,38.5509673055182
"4316",45,2011,8,28.5479258195476
"4317",45,2011,9,0.0141291001424242
"4318",45,2011,10,5.97777560679
"4319",45,2011,11,0.333698344764848
"4320",45,2011,12,1.42269883296515
"4321",45,2012,1,9.10495875558782
"4322",45,2012,2,6.73645721839091
"4323",45,2012,3,0.000539384513939394
"4324",45,2012,4,24.3996708179045
"4325",45,2012,5,32.9682538437515
"4326",45,2012,6,25.5594795998427
"4327",45,2012,7,0.310710250966667
"4328",45,2012,8,42.1899113795333
"4329",45,2012,9,2.27580750699251
"4330",45,2012,10,7.18197573558788
"4331",45,2012,11,1.12113665234242
"4332",45,2012,12,2.36516415996303
"4333",45,2013,1,18.9287124630082
"4334",45,2013,2,4.87898947125866
"4335",45,2013,3,0.00708763418424242
"4336",45,2013,4,0.993326183419212
"4337",45,2013,5,78.5166401562788
"4338",45,2013,6,14.2342409562761
"4339",45,2013,7,11.6439446560879
"4340",45,2013,8,17.1246920853567
"4341",45,2013,9,4.95933836477485
"4342",45,2013,10,4.73138967506836
"4343",45,2013,11,11.1194115301682
"4344",45,2013,12,0.846288759134242
"4345",45,2014,1,4.74275484745121
"4346",45,2014,2,3.64033305118875
"4347",45,2014,3,3.68266605154997
"4348",45,2014,4,2.70776093978788
"4349",45,2014,5,2.98419053787727
"4350",45,2014,6,63.5493250690039
"4351",45,2014,7,8.51945807044545
"4352",45,2014,8,15.5651508057055
"4353",45,2014,9,21.2735773677894
"4354",45,2014,10,6.71296310397714
"4355",45,2014,11,1.23237503559373
"4356",45,2014,12,0.777389005866667
"4357",47,2004,1,6.04192206988831
"4358",47,2004,2,6.76663740264715
"4359",47,2004,3,12.436138269142
"4360",47,2004,4,31.6731002208308
"4361",47,2004,5,3.95667989301692
"4362",47,2004,6,19.2788230917231
"4363",47,2004,7,61.3108159342346
"4364",47,2004,8,73.3259970889154
"4365",47,2004,9,33.0539353731795
"4366",47,2004,10,9.24272456677
"4367",47,2004,11,36.0960510908878
"4368",47,2004,12,0.390980363584615
"4369",47,2005,1,10.534366853651
"4370",47,2005,2,0.0205273602552077
"4371",47,2005,3,29.1472074602785
"4372",47,2005,4,6.67250465695615
"4373",47,2005,5,53.5461687109892
"4374",47,2005,6,124.096676473
"4375",47,2005,7,11.7639259521322
"4376",47,2005,8,127.189837727097
"4377",47,2005,9,30.2561650918858
"4378",47,2005,10,11.452957078699
"4379",47,2005,11,4.3028673641
"4380",47,2005,12,0.000100820039615385
"4381",47,2006,1,9.37260594407886
"4382",47,2006,2,3.43589541116567
"4383",47,2006,3,0.0513698559107692
"4384",47,2006,4,0.436685916040077
"4385",47,2006,5,1.75612727634231
"4386",47,2006,6,48.9221797244875
"4387",47,2006,7,206.31935548596
"4388",47,2006,8,9.05258682653461
"4389",47,2006,9,0.205715962668623
"4390",47,2006,10,30.4926503386385
"4391",47,2006,11,0
"4392",47,2006,12,0
"4393",47,2007,1,3.06399994457154
"4394",47,2007,2,4.93876493902492
"4395",47,2007,3,16.4343905872308
"4396",47,2007,4,3.12865228026154
"4397",47,2007,5,17.0805613825508
"4398",47,2007,6,122.231402233462
"4399",47,2007,7,36.157538606489
"4400",47,2007,8,23.7714665200909
"4401",47,2007,9,2.55816799230769e-06
"4402",47,2007,10,1.74975319692308
"4403",47,2007,11,3.42480767166154
"4404",47,2007,12,2.86084936337731
"4405",47,2008,1,1.04466979732231
"4406",47,2008,2,1.55123812992238
"4407",47,2008,3,9.92113922760912
"4408",47,2008,4,6.29966773298462
"4409",47,2008,5,94.2789781654454
"4410",47,2008,6,69.6864567134355
"4411",47,2008,7,38.8546378038492
"4412",47,2008,8,119.924742914077
"4413",47,2008,9,12.2142674988776
"4414",47,2008,10,2.22647865153846
"4415",47,2008,11,0.0416747816615385
"4416",47,2008,12,1.41481657476077
"4417",47,2009,1,9.01674370496154
"4418",47,2009,2,5.1198411110492
"4419",47,2009,3,0.673113168023077
"4420",47,2009,4,0
"4421",47,2009,5,6.04181550230769
"4422",47,2009,6,65.3113584866654
"4423",47,2009,7,20.8963516979538
"4424",47,2009,8,81.5730924277074
"4425",47,2009,9,23.4613630467254
"4426",47,2009,10,1.97760927870769
"4427",47,2009,11,0.372028121996154
"4428",47,2009,12,0
"4429",47,2010,1,4.21800462322538
"4430",47,2010,2,0.0751156172483077
"4431",47,2010,3,0
"4432",47,2010,4,0.626101397692308
"4433",47,2010,5,51.4794097986154
"4434",47,2010,6,68.6173451077231
"4435",47,2010,7,23.9221684951004
"4436",47,2010,8,9.33040088461538
"4437",47,2010,9,27.0173364860562
"4438",47,2010,10,4.999451748735
"4439",47,2010,11,20.6783351646846
"4440",47,2010,12,1.04877452872154
"4441",47,2011,1,2.61842747172462
"4442",47,2011,2,3.83690716721783
"4443",47,2011,3,1.08260428657923
"4444",47,2011,4,0.415226881692308
"4445",47,2011,5,0.294762766461538
"4446",47,2011,6,116.660741182108
"4447",47,2011,7,42.960648459463
"4448",47,2011,8,42.4781052679257
"4449",47,2011,9,0.301037674484615
"4450",47,2011,10,5.15098500500692
"4451",47,2011,11,0.0904336556153846
"4452",47,2011,12,1.50084069388269
"4453",47,2012,1,10.8334385404495
"4454",47,2012,2,2.156184262992
"4455",47,2012,3,0.0872758776923077
"4456",47,2012,4,21.6251108707706
"4457",47,2012,5,33.8022574769231
"4458",47,2012,6,39.5093066416211
"4459",47,2012,7,3.44889397310377
"4460",47,2012,8,42.4536421468665
"4461",47,2012,9,4.87312003245977
"4462",47,2012,10,10.6102310734846
"4463",47,2012,11,0.385203294062308
"4464",47,2012,12,9.76909915384615
"4465",47,2013,1,25.88356392336
"4466",47,2013,2,9.73901576543097
"4467",47,2013,3,0.329182358357077
"4468",47,2013,4,0.0999712371423077
"4469",47,2013,5,91.3909136158462
"4470",47,2013,6,29.8285031969846
"4471",47,2013,7,11.6423683128731
"4472",47,2013,8,24.4728986597923
"4473",47,2013,9,7.38139982117482
"4474",47,2013,10,3.60043438105892
"4475",47,2013,11,11.3227664200615
"4476",47,2013,12,0.390186236207692
"4477",47,2014,1,11.4113430541154
"4478",47,2014,2,5.76958783324727
"4479",47,2014,3,7.06922861955039
"4480",47,2014,4,0.532306386153846
"4481",47,2014,5,2.47330140586308
"4482",47,2014,6,77.538017251
"4483",47,2014,7,6.25684902030152
"4484",47,2014,8,20.7440892032928
"4485",47,2014,9,16.0366738076605
"4486",47,2014,10,5.77319882153846
"4487",47,2014,11,2.80327969245615
"4488",47,2014,12,0.0700561802076923
"4489",48,2004,1,0
"4490",48,2004,2,0.142530143493333
"4491",48,2004,3,14.73913137
"4492",48,2004,4,55.5816638
"4493",48,2004,5,7.02109196
"4494",48,2004,6,33.976102
"4495",48,2004,7,104.310319066667
"4496",48,2004,8,99.6169575333333
"4497",48,2004,9,20.6861556
"4498",48,2004,10,2.11282296666667
"4499",48,2004,11,18.4787446666667
"4500",48,2004,12,0
"4501",48,2005,1,3.27145786666667
"4502",48,2005,2,0
"4503",48,2005,3,12.6296985719333
"4504",48,2005,4,1.64685204
"4505",48,2005,5,50.6127703333333
"4506",48,2005,6,82.67997094
"4507",48,2005,7,24.8986105646
"4508",48,2005,8,126.713991318333
"4509",48,2005,9,31.3232507533333
"4510",48,2005,10,15.015413055
"4511",48,2005,11,2.49047780933333
"4512",48,2005,12,0
"4513",48,2006,1,0
"4514",48,2006,2,0
"4515",48,2006,3,0
"4516",48,2006,4,0
"4517",48,2006,5,0
"4518",48,2006,6,58.4481926
"4519",48,2006,7,184.61933648028
"4520",48,2006,8,16.7793294955667
"4521",48,2006,9,0.0182478045333333
"4522",48,2006,10,40.6580778333333
"4523",48,2006,11,0
"4524",48,2006,12,0
"4525",48,2007,1,0
"4526",48,2007,2,0.202054427333333
"4527",48,2007,3,17.6362912313333
"4528",48,2007,4,0
"4529",48,2007,5,9.72654793333333
"4530",48,2007,6,128.935998966667
"4531",48,2007,7,11.96491248
"4532",48,2007,8,29.9961780766333
"4533",48,2007,9,0
"4534",48,2007,10,1.4818892
"4535",48,2007,11,2.87892526666667
"4536",48,2007,12,0
"4537",48,2008,1,0
"4538",48,2008,2,0
"4539",48,2008,3,18.6485787263333
"4540",48,2008,4,21.2353552476667
"4541",48,2008,5,98.8265566
"4542",48,2008,6,85.0004236
"4543",48,2008,7,69.0888153333333
"4544",48,2008,8,103.133695593333
"4545",48,2008,9,14.0818305886667
"4546",48,2008,10,0.000934409333333333
"4547",48,2008,11,0
"4548",48,2008,12,0
"4549",48,2009,1,2.8434488e-15
"4550",48,2009,2,0.261968320333333
"4551",48,2009,3,0
"4552",48,2009,4,0
"4553",48,2009,5,8.1437253
"4554",48,2009,6,82.2663073463
"4555",48,2009,7,24.8999760098333
"4556",48,2009,8,95.341394025
"4557",48,2009,9,16.312922971
"4558",48,2009,10,0.134604664733333
"4559",48,2009,11,0.00193178083333333
"4560",48,2009,12,0
"4561",48,2010,1,0
"4562",48,2010,2,0
"4563",48,2010,3,0
"4564",48,2010,4,4.33386463333333
"4565",48,2010,5,64.7050062966667
"4566",48,2010,6,86.7100335333333
"4567",48,2010,7,35.9857928866667
"4568",48,2010,8,15.6342138
"4569",48,2010,9,38.0534656333333
"4570",48,2010,10,3.92495148566667
"4571",48,2010,11,22.0795329666667
"4572",48,2010,12,0
"4573",48,2011,1,0
"4574",48,2011,2,2.80346032
"4575",48,2011,3,0
"4576",48,2011,4,0.731264973333333
"4577",48,2011,5,0.00488218626666667
"4578",48,2011,6,124.5305575
"4579",48,2011,7,71.4139785666667
"4580",48,2011,8,32.1264342
"4581",48,2011,9,0
"4582",48,2011,10,4.663939518
"4583",48,2011,11,0
"4584",48,2011,12,0
"4585",48,2012,1,0
"4586",48,2012,2,0
"4587",48,2012,3,0
"4588",48,2012,4,17.6888672666667
"4589",48,2012,5,33.8361203333333
"4590",48,2012,6,53.647499902
"4591",48,2012,7,4.92701626666667
"4592",48,2012,8,74.50406870464
"4593",48,2012,9,3.19067056666667
"4594",48,2012,10,17.7568295506
"4595",48,2012,11,9.11176166666667e-05
"4596",48,2012,12,4.58438296666667
"4597",48,2013,1,2.78631657033333
"4598",48,2013,2,0.669234208
"4599",48,2013,3,2.4892866
"4600",48,2013,4,0.0069027892
"4601",48,2013,5,100.7961409
"4602",48,2013,6,31.8134273333333
"4603",48,2013,7,20.0102419
"4604",48,2013,8,17.313545
"4605",48,2013,9,0
"4606",48,2013,10,0.58982671
"4607",48,2013,11,0.600986382666667
"4608",48,2013,12,0.240417596
"4609",48,2014,1,0.720488263333333
"4610",48,2014,2,1.07343135666667
"4611",48,2014,3,2.75202041863333
"4612",48,2014,4,0
"4613",48,2014,5,0.168215118666667
"4614",48,2014,6,90.8405685513333
"4615",48,2014,7,22.451388912
"4616",48,2014,8,27.5379199666667
"4617",48,2014,9,25.2516958616667
"4618",48,2014,10,0.57834362
"4619",48,2014,11,0.465463536666667
"4620",48,2014,12,0
"4621",51,2004,1,4.918288040318
"4622",51,2004,2,5.58394854738
"4623",51,2004,3,17.6716397118
"4624",51,2004,4,42.416107332154
"4625",51,2004,5,10.84875002307
"4626",51,2004,6,31.8954865218
"4627",51,2004,7,87.92937871
"4628",51,2004,8,107.220520176
"4629",51,2004,9,33.558916652
"4630",51,2004,10,14.292918575
"4631",51,2004,11,43.48296435822
"4632",51,2004,12,0.1748954848
"4633",51,2005,1,12.88960287932
"4634",51,2005,2,0.0006474973
"4635",51,2005,3,30.970182671
"4636",51,2005,4,4.74602210972
"4637",51,2005,5,58.3489221649
"4638",51,2005,6,136.774741589504
"4639",51,2005,7,25.231950237
"4640",51,2005,8,159.7493036912
"4641",51,2005,9,44.51216734456
"4642",51,2005,10,26.26230758548
"4643",51,2005,11,6.6494566126
"4644",51,2005,12,0
"4645",51,2006,1,6.064609148308
"4646",51,2006,2,2.75303164762
"4647",51,2006,3,0
"4648",51,2006,4,4.0645370912
"4649",51,2006,5,0.8637381244
"4650",51,2006,6,61.918544032
"4651",51,2006,7,252.7555974162
"4652",51,2006,8,20.602003314
"4653",51,2006,9,0.6764294552
"4654",51,2006,10,50.640384729516
"4655",51,2006,11,0.01137730848
"4656",51,2006,12,0
"4657",51,2007,1,5.358985003184
"4658",51,2007,2,5.84947790286
"4659",51,2007,3,26.11573055
"4660",51,2007,4,2.6142477044
"4661",51,2007,5,17.706813122
"4662",51,2007,6,135.380506531
"4663",51,2007,7,38.89564513184
"4664",51,2007,8,34.3230644951
"4665",51,2007,9,0.1780748384
"4666",51,2007,10,3.55698626
"4667",51,2007,11,7.13271556
"4668",51,2007,12,2.10786424922
"4669",51,2008,1,2.10334651234
"4670",51,2008,2,2.502239294578
"4671",51,2008,3,17.209768648
"4672",51,2008,4,14.985693252
"4673",51,2008,5,113.4957733836
"4674",51,2008,6,84.40837534
"4675",51,2008,7,53.6078827346
"4676",51,2008,8,129.7947887878
"4677",51,2008,9,18.91915355628
"4678",51,2008,10,2.323122878
"4679",51,2008,11,0
"4680",51,2008,12,0.46098832544
"4681",51,2009,1,8.727409248
"4682",51,2009,2,5.4052022271804
"4683",51,2009,3,4.2620286954398
"4684",51,2009,4,0
"4685",51,2009,5,9.902706183
"4686",51,2009,6,94.0000389442
"4687",51,2009,7,28.263085494
"4688",51,2009,8,104.830902175574
"4689",51,2009,9,45.04809217898
"4690",51,2009,10,2.753468118
"4691",51,2009,11,1.0052603362
"4692",51,2009,12,0
"4693",51,2010,1,2.34051419334
"4694",51,2010,2,0.04074672316
"4695",51,2010,3,0
"4696",51,2010,4,3.1807468
"4697",51,2010,5,59.4018000736
"4698",51,2010,6,84.07841648102
"4699",51,2010,7,34.396852712
"4700",51,2010,8,17.50360474
"4701",51,2010,9,43.978698086
"4702",51,2010,10,10.16852981228
"4703",51,2010,11,27.532282511692
"4704",51,2010,12,0.989104711918
"4705",51,2011,1,4.4050900201482
"4706",51,2011,2,7.51547775144
"4707",51,2011,3,3.6161951850986
"4708",51,2011,4,1.3086022664
"4709",51,2011,5,0.2906457512
"4710",51,2011,6,116.6722486502
"4711",51,2011,7,63.3705737868
"4712",51,2011,8,53.386822079504
"4713",51,2011,9,2.9887745452
"4714",51,2011,10,14.044999704
"4715",51,2011,11,0.50813147226
"4716",51,2011,12,0.8773061352
"4717",51,2012,1,8.01907239669
"4718",51,2012,2,3.26224808
"4719",51,2012,3,0.00479793422
"4720",51,2012,4,22.05806998
"4721",51,2012,5,40.4558381
"4722",51,2012,6,57.715990436
"4723",51,2012,7,5.23127152
"4724",51,2012,8,67.63609825442
"4725",51,2012,9,12.01198032998
"4726",51,2012,10,29.50228310198
"4727",51,2012,11,3.73374281708
"4728",51,2012,12,18.9406221332
"4729",51,2013,1,21.292355961146
"4730",51,2013,2,7.551992183798
"4731",51,2013,3,0.9062225968
"4732",51,2013,4,1.90306558992
"4733",51,2013,5,107.630826972
"4734",51,2013,6,36.67000504392
"4735",51,2013,7,17.65829993106
"4736",51,2013,8,27.0640094054
"4737",51,2013,9,10.306020285
"4738",51,2013,10,3.8815501866
"4739",51,2013,11,10.11234033
"4740",51,2013,12,0.5706836434
"4741",51,2014,1,6.42021323656894
"4742",51,2014,2,11.925936318588
"4743",51,2014,3,8.74393601606
"4744",51,2014,4,0.6701112066
"4745",51,2014,5,5.82870027884
"4746",51,2014,6,95.9173309
"4747",51,2014,7,14.148586868
"4748",51,2014,8,37.643506393
"4749",51,2014,9,33.32393661634
"4750",51,2014,10,9.80563048
"4751",51,2014,11,4.61750628
"4752",51,2014,12,0.784176478592
"4753",52,2004,1,5.412022546
"4754",52,2004,2,5.16116123945233
"4755",52,2004,3,20.4632742733333
"4756",52,2004,4,44.5455258000667
"4757",52,2004,5,11.38024206
"4758",52,2004,6,34.49951979692
"4759",52,2004,7,90.5051446488967
"4760",52,2004,8,102.070820966667
"4761",52,2004,9,32.2911519062333
"4762",52,2004,10,13.9892571333333
"4763",52,2004,11,40.0818528158133
"4764",52,2004,12,0.0526275203333333
"4765",52,2005,1,10.4680609832
"4766",52,2005,2,0.000131567018666667
"4767",52,2005,3,27.3312583614667
"4768",52,2005,4,5.36497330726667
"4769",52,2005,5,60.0078990704667
"4770",52,2005,6,133.219207428663
"4771",52,2005,7,34.6075717136667
"4772",52,2005,8,152.709959703967
"4773",52,2005,9,43.5221393751
"4774",52,2005,10,24.1112217474653
"4775",52,2005,11,7.11831648333333
"4776",52,2005,12,0
"4777",52,2006,1,5.69561493526
"4778",52,2006,2,2.8662063784
"4779",52,2006,3,0
"4780",52,2006,4,4.6288403784
"4781",52,2006,5,0.865542721986667
"4782",52,2006,6,60.12872035174
"4783",52,2006,7,246.677847537333
"4784",52,2006,8,24.77740363212
"4785",52,2006,9,2.0430308502066
"4786",52,2006,10,52.5278456733333
"4787",52,2006,11,0.310828543666667
"4788",52,2006,12,0
"4789",52,2007,1,6.68289590443667
"4790",52,2007,2,7.0812718132
"4791",52,2007,3,26.8622088666667
"4792",52,2007,4,3.35365288333333
"4793",52,2007,5,16.1210971363333
"4794",52,2007,6,124.660927561333
"4795",52,2007,7,44.1884793642333
"4796",52,2007,8,38.9589227720333
"4797",52,2007,9,0.71310704845
"4798",52,2007,10,2.49392643333333
"4799",52,2007,11,6.60442333333333
"4800",52,2007,12,1.75424267633333
"4801",52,2008,1,2.08793053576667
"4802",52,2008,2,2.53438784513333
"4803",52,2008,3,18.25677695
"4804",52,2008,4,16.8260296333333
"4805",52,2008,5,110.982124603333
"4806",52,2008,6,80.4366044
"4807",52,2008,7,55.2848659193333
"4808",52,2008,8,119.92259779
"4809",52,2008,9,18.5508287586333
"4810",52,2008,10,1.39770123333333
"4811",52,2008,11,0
"4812",52,2008,12,0.596112354533333
"4813",52,2009,1,6.60461076686633
"4814",52,2009,2,5.09979673017333
"4815",52,2009,3,4.35713629932667
"4816",52,2009,4,0
"4817",52,2009,5,8.20226509
"4818",52,2009,6,95.0118624501
"4819",52,2009,7,26.2284574166667
"4820",52,2009,8,100.966667580325
"4821",52,2009,9,45.7382143091
"4822",52,2009,10,3.37787198666667
"4823",52,2009,11,1.48746127533333
"4824",52,2009,12,0
"4825",52,2010,1,2.10292418266667
"4826",52,2010,2,0.0694711566666667
"4827",52,2010,3,0
"4828",52,2010,4,4.21321843333333
"4829",52,2010,5,56.530833678
"4830",52,2010,6,85.9466140536937
"4831",52,2010,7,38.0918075333333
"4832",52,2010,8,16.4875202666667
"4833",52,2010,9,40.24692172
"4834",52,2010,10,10.0901656313333
"4835",52,2010,11,26.7060778450267
"4836",52,2010,12,0.878117356766667
"4837",52,2011,1,3.875924702
"4838",52,2011,2,8.69887158493333
"4839",52,2011,3,5.34177597343333
"4840",52,2011,4,1.64514384
"4841",52,2011,5,1.82489486
"4842",52,2011,6,107.170801301667
"4843",52,2011,7,66.7094207080877
"4844",52,2011,8,50.3899082324333
"4845",52,2011,9,3.86754722666667
"4846",52,2011,10,15.02062777
"4847",52,2011,11,0.135306630666667
"4848",52,2011,12,0.950743668
"4849",52,2012,1,7.06569828952667
"4850",52,2012,2,3.4365411
"4851",52,2012,3,0.0261256796666667
"4852",52,2012,4,19.3260297666667
"4853",52,2012,5,45.0951118333333
"4854",52,2012,6,61.5033458666667
"4855",52,2012,7,5.30997006666667
"4856",52,2012,8,71.3999716866667
"4857",52,2012,9,9.18603512933333
"4858",52,2012,10,32.7851235011287
"4859",52,2012,11,5.24199945041933
"4860",52,2012,12,17.3220474166667
"4861",52,2013,1,15.72381878779
"4862",52,2013,2,5.6131108908
"4863",52,2013,3,2.20925516
"4864",52,2013,4,2.737162045
"4865",52,2013,5,104.584772566667
"4866",52,2013,6,34.7998071684667
"4867",52,2013,7,18.9150255973333
"4868",52,2013,8,26.8683159126667
"4869",52,2013,9,9.77052282
"4870",52,2013,10,3.33970537287
"4871",52,2013,11,7.79530478634333
"4872",52,2013,12,0.724100458
"4873",52,2014,1,4.12639891866667
"4874",52,2014,2,10.4526279822333
"4875",52,2014,3,6.66661985966667
"4876",52,2014,4,1.30154859023333
"4877",52,2014,5,7.94822373171333
"4878",52,2014,6,97.6709824333333
"4879",52,2014,7,22.6757785048667
"4880",52,2014,8,38.72637099
"4881",52,2014,9,36.3237458257
"4882",52,2014,10,8.00878005033333
"4883",52,2014,11,5.0878398
"4884",52,2014,12,0.332600674666667
"4885",53,2004,1,1.4790343
"4886",53,2004,2,0
"4887",53,2004,3,22.2039084
"4888",53,2004,4,56.244924215
"4889",53,2004,5,17.3658591
"4890",53,2004,6,54.1457119
"4891",53,2004,7,114.025049
"4892",53,2004,8,74.2965083
"4893",53,2004,9,28.9321809
"4894",53,2004,10,0.0091509648
"4895",53,2004,11,18.757619
"4896",53,2004,12,0
"4897",53,2005,1,0
"4898",53,2005,2,0
"4899",53,2005,3,9.7788873
"4900",53,2005,4,2.2142345
"4901",53,2005,5,96.6001558
"4902",53,2005,6,133.658056987
"4903",53,2005,7,51.94903547
"4904",53,2005,8,138.351433907
"4905",53,2005,9,24.3240037
"4906",53,2005,10,21.36610995
"4907",53,2005,11,10.8871057
"4908",53,2005,12,0
"4909",53,2006,1,0
"4910",53,2006,2,0
"4911",53,2006,3,0
"4912",53,2006,4,2.9864016
"4913",53,2006,5,16.455840662
"4914",53,2006,6,81.9072907
"4915",53,2006,7,224.6285657
"4916",53,2006,8,43.92419355
"4917",53,2006,9,5.28737941
"4918",53,2006,10,64.0958762
"4919",53,2006,11,0
"4920",53,2006,12,0
"4921",53,2007,1,0
"4922",53,2007,2,5.7965688
"4923",53,2007,3,11.2343862
"4924",53,2007,4,0
"4925",53,2007,5,12.4571612
"4926",53,2007,6,107.1266075
"4927",53,2007,7,45.5244357
"4928",53,2007,8,44.604176275
"4929",53,2007,9,0
"4930",53,2007,10,0
"4931",53,2007,11,0
"4932",53,2007,12,0
"4933",53,2008,1,0
"4934",53,2008,2,0
"4935",53,2008,3,12.821557
"4936",53,2008,4,22.662326425
"4937",53,2008,5,129.8955208
"4938",53,2008,6,75.5701459
"4939",53,2008,7,91.3997662
"4940",53,2008,8,115.2096546
"4941",53,2008,9,5.6303121826
"4942",53,2008,10,0
"4943",53,2008,11,0
"4944",53,2008,12,0
"4945",53,2009,1,0
"4946",53,2009,2,0
"4947",53,2009,3,0
"4948",53,2009,4,0
"4949",53,2009,5,8.1754718
"4950",53,2009,6,129.64440559
"4951",53,2009,7,16.835634932
"4952",53,2009,8,115.254683193
"4953",53,2009,9,21.328269916
"4954",53,2009,10,0.74621218
"4955",53,2009,11,0
"4956",53,2009,12,0
"4957",53,2010,1,0
"4958",53,2010,2,0
"4959",53,2010,3,0
"4960",53,2010,4,3.0911168
"4961",53,2010,5,47.78927278
"4962",53,2010,6,129.081725964
"4963",53,2010,7,54.67822039
"4964",53,2010,8,10.745743
"4965",53,2010,9,34.6350516
"4966",53,2010,10,17.329116
"4967",53,2010,11,10.631976
"4968",53,2010,12,0
"4969",53,2011,1,0
"4970",53,2011,2,6.468047
"4971",53,2011,3,6.156418
"4972",53,2011,4,7.14642734
"4973",53,2011,5,0
"4974",53,2011,6,118.2344730886
"4975",53,2011,7,62.51688229
"4976",53,2011,8,59.5511532
"4977",53,2011,9,0
"4978",53,2011,10,6.07506504
"4979",53,2011,11,0
"4980",53,2011,12,0
"4981",53,2012,1,0
"4982",53,2012,2,0
"4983",53,2012,3,0
"4984",53,2012,4,8.15855972
"4985",53,2012,5,97.797113
"4986",53,2012,6,112.18711732
"4987",53,2012,7,0
"4988",53,2012,8,74.8246452
"4989",53,2012,9,8.7688297
"4990",53,2012,10,58.9169144
"4991",53,2012,11,4.04520349
"4992",53,2012,12,17.920032
"4993",53,2013,1,0
"4994",53,2013,2,0
"4995",53,2013,3,1.7693771
"4996",53,2013,4,0
"4997",53,2013,5,126.0255657
"4998",53,2013,6,36.846738
"4999",53,2013,7,25.503361584
"5000",53,2013,8,28.6240989
"5001",53,2013,9,0.0035141103
"5002",53,2013,10,0
"5003",53,2013,11,0
"5004",53,2013,12,0
"5005",53,2014,1,0
"5006",53,2014,2,4.3495843
"5007",53,2014,3,0.029779997
"5008",53,2014,4,0
"5009",53,2014,5,22.4715015638
"5010",53,2014,6,128.7719711
"5011",53,2014,7,46.2820352
"5012",53,2014,8,59.5153983
"5013",53,2014,9,56.12662389
"5014",53,2014,10,0
"5015",53,2014,11,7.0447588
"5016",53,2014,12,0
"5017",54,2004,1,7.46792575464269
"5018",54,2004,2,6.84648343972762
"5019",54,2004,3,14.6732617883619
"5020",54,2004,4,35.5897665271244
"5021",54,2004,5,9.26009426730769
"5022",54,2004,6,38.6820315432385
"5023",54,2004,7,62.4257522437556
"5024",54,2004,8,58.1447077731569
"5025",54,2004,9,36.8222324333313
"5026",54,2004,10,14.1747054535285
"5027",54,2004,11,43.3744019076035
"5028",54,2004,12,0.169577441218462
"5029",54,2005,1,16.1808780144105
"5030",54,2005,2,0.622400453295
"5031",54,2005,3,31.7442176608835
"5032",54,2005,4,11.8685454178542
"5033",54,2005,5,72.4275103095727
"5034",54,2005,6,219.02861457502
"5035",54,2005,7,23.4505296533056
"5036",54,2005,8,203.991702264709
"5037",54,2005,9,26.5249734360112
"5038",54,2005,10,10.5875470355852
"5039",54,2005,11,7.51035713743781
"5040",54,2005,12,0.0746195023738462
"5041",54,2006,1,8.07064006414062
"5042",54,2006,2,10.9869681855142
"5043",54,2006,3,0.109206718545923
"5044",54,2006,4,4.24417953684615
"5045",54,2006,5,7.13261769078077
"5046",54,2006,6,71.460651560165
"5047",54,2006,7,308.3162787205
"5048",54,2006,8,36.8168030750762
"5049",54,2006,9,3.18882713403127
"5050",54,2006,10,64.4466056759464
"5051",54,2006,11,0.314990555453077
"5052",54,2006,12,0.216730217341154
"5053",54,2007,1,3.01360898161247
"5054",54,2007,2,10.9582605535558
"5055",54,2007,3,20.6183876815769
"5056",54,2007,4,4.75062142512154
"5057",54,2007,5,13.8430686040231
"5058",54,2007,6,134.271601554692
"5059",54,2007,7,79.0870999480765
"5060",54,2007,8,26.7100973198638
"5061",54,2007,9,0.0340728980423077
"5062",54,2007,10,0.57986280327
"5063",54,2007,11,5.02381131893577
"5064",54,2007,12,11.7714937292819
"5065",54,2008,1,3.93218481477177
"5066",54,2008,2,6.84102423940028
"5067",54,2008,3,13.3309514723353
"5068",54,2008,4,12.8701311185796
"5069",54,2008,5,185.437517846389
"5070",54,2008,6,99.5010952115769
"5071",54,2008,7,49.0175003705043
"5072",54,2008,8,144.580753534853
"5073",54,2008,9,3.76718105683812
"5074",54,2008,10,0.00938822692307692
"5075",54,2008,11,0
"5076",54,2008,12,1.0334838169879
"5077",54,2009,1,16.1712886222777
"5078",54,2009,2,7.43579606585659
"5079",54,2009,3,2.42357452557115
"5080",54,2009,4,5.6939409e-05
"5081",54,2009,5,15.0237601588148
"5082",54,2009,6,103.07503327148
"5083",54,2009,7,22.3043923076077
"5084",54,2009,8,114.390198133409
"5085",54,2009,9,78.6730134218781
"5086",54,2009,10,4.04075035113808
"5087",54,2009,11,5.42097067715769
"5088",54,2009,12,0.0262961957080769
"5089",54,2010,1,3.14405052207308
"5090",54,2010,2,1.59234202542518
"5091",54,2010,3,0.0183457531016923
"5092",54,2010,4,1.92312473819231
"5093",54,2010,5,36.9373198923538
"5094",54,2010,6,90.2845434541733
"5095",54,2010,7,31.0267182462305
"5096",54,2010,8,7.51137213236923
"5097",54,2010,9,15.7852224063433
"5098",54,2010,10,11.2843414082538
"5099",54,2010,11,28.5890546853078
"5100",54,2010,12,3.22520654098335
"5101",54,2011,1,8.06988183640748
"5102",54,2011,2,14.3028258361093
"5103",54,2011,3,2.14993306601827
"5104",54,2011,4,1.43946314204038
"5105",54,2011,5,0.531093442961538
"5106",54,2011,6,83.3312340903758
"5107",54,2011,7,53.5410663931462
"5108",54,2011,8,60.8301283437519
"5109",54,2011,9,3.96858871917604
"5110",54,2011,10,5.830211669595
"5111",54,2011,11,2.53822293595038
"5112",54,2011,12,0.918987592248962
"5113",54,2012,1,16.2464639675327
"5114",54,2012,2,1.95899112757962
"5115",54,2012,3,5.44118419923077
"5116",54,2012,4,21.5424842723515
"5117",54,2012,5,75.64308691647
"5118",54,2012,6,86.3509539503115
"5119",54,2012,7,8.47277126233031
"5120",54,2012,8,41.7273894945901
"5121",54,2012,9,2.45583848371362
"5122",54,2012,10,25.410879435182
"5123",54,2012,11,1.68128313174615
"5124",54,2012,12,19.8217694853589
"5125",54,2013,1,19.4937632605764
"5126",54,2013,2,6.65701474970277
"5127",54,2013,3,1.64287308788462
"5128",54,2013,4,2.08276597216454
"5129",54,2013,5,122.032463323692
"5130",54,2013,6,42.0746815719404
"5131",54,2013,7,14.4944528590692
"5132",54,2013,8,39.8696451489385
"5133",54,2013,9,19.8666779186543
"5134",54,2013,10,1.89906930344615
"5135",54,2013,11,5.40410315944808
"5136",54,2013,12,1.89458707940031
"5137",54,2014,1,5.18079371189462
"5138",54,2014,2,15.2258681023462
"5139",54,2014,3,4.84164473671577
"5140",54,2014,4,5.72473600509923
"5141",54,2014,5,25.5167217877654
"5142",54,2014,6,89.2288806038425
"5143",54,2014,7,29.8044387449701
"5144",54,2014,8,30.1947697921654
"5145",54,2014,9,28.1163458665425
"5146",54,2014,10,3.42714732564846
"5147",54,2014,11,6.28469449929769
"5148",54,2014,12,2.42924173284462
"5149",57,2004,1,4.29727524903134
"5150",57,2004,2,9.20876942338539
"5151",57,2004,3,27.6357672222296
"5152",57,2004,4,61.448285692182
"5153",57,2004,5,18.2710314106852
"5154",57,2004,6,63.3354667097674
"5155",57,2004,7,82.8792237400439
"5156",57,2004,8,61.2396001834557
"5157",57,2004,9,77.962261469391
"5158",57,2004,10,36.3588935925794
"5159",57,2004,11,67.6582349550175
"5160",57,2004,12,6.50748129056444
"5161",57,2005,1,26.6477822932787
"5162",57,2005,2,0.73204966831587
"5163",57,2005,3,38.8926178977809
"5164",57,2005,4,18.9766427170364
"5165",57,2005,5,152.978009662338
"5166",57,2005,6,320.719002870645
"5167",57,2005,7,56.256868775497
"5168",57,2005,8,301.897057226124
"5169",57,2005,9,45.7108952942375
"5170",57,2005,10,21.6390379720002
"5171",57,2005,11,19.0131798684547
"5172",57,2005,12,2.92907932874696
"5173",57,2006,1,9.02213329018461
"5174",57,2006,2,10.5716316640013
"5175",57,2006,3,0.284222499608696
"5176",57,2006,4,16.5543013482357
"5177",57,2006,5,30.7556653552911
"5178",57,2006,6,121.000363181556
"5179",57,2006,7,372.256434355757
"5180",57,2006,8,89.8092333415221
"5181",57,2006,9,35.973865980637
"5182",57,2006,10,97.2949341069848
"5183",57,2006,11,3.60753922480472
"5184",57,2006,12,3.43026680747061
"5185",57,2007,1,0.67584897592613
"5186",57,2007,2,21.9649138479583
"5187",57,2007,3,22.6461423063391
"5188",57,2007,4,24.5951964175233
"5189",57,2007,5,28.5774783851102
"5190",57,2007,6,157.288050758876
"5191",57,2007,7,145.279311660856
"5192",57,2007,8,41.7054235642896
"5193",57,2007,9,0.685729349332696
"5194",57,2007,10,3.80554500625804
"5195",57,2007,11,10.065891182207
"5196",57,2007,12,9.21444004090811
"5197",57,2008,1,3.01058282533555
"5198",57,2008,2,11.205811713621
"5199",57,2008,3,16.8308207937857
"5200",57,2008,4,33.4277530187161
"5201",57,2008,5,298.346745580556
"5202",57,2008,6,123.266450981653
"5203",57,2008,7,67.2682409581826
"5204",57,2008,8,195.393241335082
"5205",57,2008,9,13.0150440161157
"5206",57,2008,10,6.27118897706087
"5207",57,2008,11,0.02391685739967
"5208",57,2008,12,1.42897713713604
"5209",57,2009,1,7.68153930925182
"5210",57,2009,2,10.505875631195
"5211",57,2009,3,3.82751102296539
"5212",57,2009,4,0.027980957663913
"5213",57,2009,5,40.8475569532617
"5214",57,2009,6,143.464257778918
"5215",57,2009,7,30.879584436216
"5216",57,2009,8,148.863833959124
"5217",57,2009,9,158.125023629339
"5218",57,2009,10,21.5851539109913
"5219",57,2009,11,14.4762004047198
"5220",57,2009,12,0.40426887148413
"5221",57,2010,1,1.55771346679
"5222",57,2010,2,0.712971278910217
"5223",57,2010,3,0.000518692273913043
"5224",57,2010,4,5.98653728898391
"5225",57,2010,5,52.0130300386067
"5226",57,2010,6,129.330682704661
"5227",57,2010,7,48.380669731257
"5228",57,2010,8,16.4657734691052
"5229",57,2010,9,17.0979418690391
"5230",57,2010,10,20.5355578217291
"5231",57,2010,11,44.7089633794022
"5232",57,2010,12,14.0271392251752
"5233",57,2011,1,12.0378871431036
"5234",57,2011,2,14.0292834964457
"5235",57,2011,3,7.89814750756522
"5236",57,2011,4,21.426145879835
"5237",57,2011,5,5.56302823751339
"5238",57,2011,6,92.6966021253799
"5239",57,2011,7,67.5053791397384
"5240",57,2011,8,108.405968796366
"5241",57,2011,9,13.4072281013291
"5242",57,2011,10,13.9936296824252
"5243",57,2011,11,9.7965473097793
"5244",57,2011,12,0.577404111255565
"5245",57,2012,1,18.4120671103223
"5246",57,2012,2,2.37293203287463
"5247",57,2012,3,1.10530374969609
"5248",57,2012,4,30.6691775256796
"5249",57,2012,5,105.615587362974
"5250",57,2012,6,161.558182085339
"5251",57,2012,7,19.0009186117603
"5252",57,2012,8,52.77367378245
"5253",57,2012,9,4.60116791862665
"5254",57,2012,10,56.3203860980549
"5255",57,2012,11,10.5515848892304
"5256",57,2012,12,55.3733033205755
"5257",57,2013,1,11.8283626073954
"5258",57,2013,2,13.4725327017559
"5259",57,2013,3,1.60924848097578
"5260",57,2013,4,8.61354897280044
"5261",57,2013,5,138.288695623229
"5262",57,2013,6,58.1675518981613
"5263",57,2013,7,22.6515037725718
"5264",57,2013,8,70.0820423751448
"5265",57,2013,9,51.964305302209
"5266",57,2013,10,7.63870372011739
"5267",57,2013,11,4.67823002781596
"5268",57,2013,12,2.87695534093241
"5269",57,2014,1,11.2577886063714
"5270",57,2014,2,25.990783996953
"5271",57,2014,3,5.0383921739613
"5272",57,2014,4,17.1060636759054
"5273",57,2014,5,64.1307526376904
"5274",57,2014,6,111.345402078621
"5275",57,2014,7,68.5045168237952
"5276",57,2014,8,50.119098416569
"5277",57,2014,9,79.802616271558
"5278",57,2014,10,13.9633286853248
"5279",57,2014,11,16.6812207607574
"5280",57,2014,12,8.84428452866001
"5281",60,2004,1,2.58186915738878
"5282",60,2004,2,3.50930780560864
"5283",60,2004,3,63.3999306853641
"5284",60,2004,4,135.576994534981
"5285",60,2004,5,39.9415439507475
"5286",60,2004,6,146.517598541266
"5287",60,2004,7,192.63963575324
"5288",60,2004,8,105.365806964208
"5289",60,2004,9,127.124263713635
"5290",60,2004,10,50.3642731317716
"5291",60,2004,11,82.3507309421756
"5292",60,2004,12,13.610476855965
"5293",60,2005,1,24.7142799210445
"5294",60,2005,2,0.005622160134
"5295",60,2005,3,29.0894685142854
"5296",60,2005,4,23.2864628270972
"5297",60,2005,5,391.23446641332
"5298",60,2005,6,547.861208788472
"5299",60,2005,7,160.567140767304
"5300",60,2005,8,458.692092404376
"5301",60,2005,9,58.342803093103
"5302",60,2005,10,40.24518934834
"5303",60,2005,11,41.8976184870186
"5304",60,2005,12,3.14687895647
"5305",60,2006,1,1.14124280824235
"5306",60,2006,2,10.3264147076687
"5307",60,2006,3,1.385245769845
"5308",60,2006,4,62.3027013110608
"5309",60,2006,5,130.212025662848
"5310",60,2006,6,298.147719707854
"5311",60,2006,7,493.357619407434
"5312",60,2006,8,204.750606995207
"5313",60,2006,9,80.4731032813528
"5314",60,2006,10,118.07616046256
"5315",60,2006,11,6.7309944076508
"5316",60,2006,12,5.90826095183755
"5317",60,2007,1,0.502255082662
"5318",60,2007,2,33.1601341123062
"5319",60,2007,3,25.9496828592325
"5320",60,2007,4,26.3543089796195
"5321",60,2007,5,56.72154483993
"5322",60,2007,6,204.60361551512
"5323",60,2007,7,227.655122904028
"5324",60,2007,8,103.669830466133
"5325",60,2007,9,5.942034206015
"5326",60,2007,10,8.1753449230675
"5327",60,2007,11,14.6872266992846
"5328",60,2007,12,3.55540049448904
"5329",60,2008,1,0.118425795967842
"5330",60,2008,2,5.70327956751062
"5331",60,2008,3,23.269573145703
"5332",60,2008,4,74.8966600274215
"5333",60,2008,5,459.681099647137
"5334",60,2008,6,177.900082322083
"5335",60,2008,7,137.132117873229
"5336",60,2008,8,310.482584109285
"5337",60,2008,9,25.31933937077
"5338",60,2008,10,15.0186561002
"5339",60,2008,11,0
"5340",60,2008,12,0.5378327416915
"5341",60,2009,1,2.82852915868086
"5342",60,2009,2,6.972776701155
"5343",60,2009,3,0.2525687117475
"5344",60,2009,4,0
"5345",60,2009,5,141.016676121854
"5346",60,2009,6,231.341059985171
"5347",60,2009,7,95.4215772062575
"5348",60,2009,8,225.234491878194
"5349",60,2009,9,177.995892062547
"5350",60,2009,10,59.761176827358
"5351",60,2009,11,15.8098496846615
"5352",60,2009,12,0.0645261137725
"5353",60,2010,1,0.264178536116025
"5354",60,2010,2,0.2212434606897
"5355",60,2010,3,0.06551410545
"5356",60,2010,4,10.54552243912
"5357",60,2010,5,88.0082280259425
"5358",60,2010,6,251.411011343047
"5359",60,2010,7,128.053256375454
"5360",60,2010,8,49.276804551418
"5361",60,2010,9,19.1639204181397
"5362",60,2010,10,38.6586022677627
"5363",60,2010,11,49.1059047876375
"5364",60,2010,12,11.9620500760479
"5365",60,2011,1,6.65091878197065
"5366",60,2011,2,14.5665591403695
"5367",60,2011,3,27.24330074031
"5368",60,2011,4,111.301921496254
"5369",60,2011,5,27.468745725687
"5370",60,2011,6,161.370818018058
"5371",60,2011,7,118.818975574872
"5372",60,2011,8,216.625607247986
"5373",60,2011,9,30.59493867948
"5374",60,2011,10,22.233251031572
"5375",60,2011,11,25.8965541144521
"5376",60,2011,12,0.0538642157571
"5377",60,2012,1,9.0894248861554
"5378",60,2012,2,10.4305453917104
"5379",60,2012,3,0.0226159641
"5380",60,2012,4,44.8625940507254
"5381",60,2012,5,187.457920204463
"5382",60,2012,6,342.5228067418
"5383",60,2012,7,30.4223628705452
"5384",60,2012,8,116.568313039877
"5385",60,2012,9,7.4362278148555
"5386",60,2012,10,109.258058930019
"5387",60,2012,11,19.2404873318255
"5388",60,2012,12,123.403599326397
"5389",60,2013,1,9.73667994694885
"5390",60,2013,2,20.8603076142642
"5391",60,2013,3,2.14634305095
"5392",60,2013,4,5.9820938942895
"5393",60,2013,5,210.95775033726
"5394",60,2013,6,107.085458239329
"5395",60,2013,7,69.6171768986228
"5396",60,2013,8,102.998251103064
"5397",60,2013,9,71.6465684281289
"5398",60,2013,10,18.058523583131
"5399",60,2013,11,4.4400792584595
"5400",60,2013,12,3.3698624153248
"5401",60,2014,1,9.53161064789971
"5402",60,2014,2,12.7048128122885
"5403",60,2014,3,14.861867119478
"5404",60,2014,4,28.2000440919826
"5405",60,2014,5,163.297052580707
"5406",60,2014,6,196.929619362844
"5407",60,2014,7,145.492529749588
"5408",60,2014,8,135.537360946325
"5409",60,2014,9,167.796001082509
"5410",60,2014,10,18.1044001080278
"5411",60,2014,11,37.584287833105
"5412",60,2014,12,15.2716908870237
"5413",61,2004,1,2.5151262
"5414",61,2004,2,0
"5415",61,2004,3,41.078918
"5416",61,2004,4,91.35218035
"5417",61,2004,5,32.226037
"5418",61,2004,6,99.0094021919
"5419",61,2004,7,186.4529721
"5420",61,2004,8,84.2643413
"5421",61,2004,9,71.36169852
"5422",61,2004,10,41.8510324
"5423",61,2004,11,31.108575852316
"5424",61,2004,12,28.13996427
"5425",61,2005,1,0.386702308
"5426",61,2005,2,0
"5427",61,2005,3,13.46260316
"5428",61,2005,4,3.08808
"5429",61,2005,5,246.22183212
"5430",61,2005,6,309.25368522025
"5431",61,2005,7,118.57301134
"5432",61,2005,8,199.422595937
"5433",61,2005,9,35.225318
"5434",61,2005,10,15.77279439
"5435",61,2005,11,25.80134391
"5436",61,2005,12,5.2675661
"5437",61,2006,1,0
"5438",61,2006,2,6.4886507
"5439",61,2006,3,0
"5440",61,2006,4,31.39261829
"5441",61,2006,5,85.7038331633
"5442",61,2006,6,249.501707559
"5443",61,2006,7,225.87021656
"5444",61,2006,8,118.3325634392
"5445",61,2006,9,33.19955661
"5446",61,2006,10,67.42728987
"5447",61,2006,11,0
"5448",61,2006,12,10.0929693
"5449",61,2007,1,0.36210089
"5450",61,2007,2,30.470402072
"5451",61,2007,3,22.0265143
"5452",61,2007,4,13.26977014
"5453",61,2007,5,20.582733102
"5454",61,2007,6,101.6093959
"5455",61,2007,7,138.4197688
"5456",61,2007,8,95.83010765
"5457",61,2007,9,11.1826499
"5458",61,2007,10,1.3725891022
"5459",61,2007,11,2.6047092
"5460",61,2007,12,1.8458546
"5461",61,2008,1,0
"5462",61,2008,2,0
"5463",61,2008,3,5.4554862
"5464",61,2008,4,46.7976345808
"5465",61,2008,5,265.926248237
"5466",61,2008,6,124.34048736
"5467",61,2008,7,150.8397934
"5468",61,2008,8,179.7470636
"5469",61,2008,9,27.9094076
"5470",61,2008,10,0.10769103
"5471",61,2008,11,0
"5472",61,2008,12,2.8704131
"5473",61,2009,1,0
"5474",61,2009,2,0
"5475",61,2009,3,0
"5476",61,2009,4,0
"5477",61,2009,5,72.43925289
"5478",61,2009,6,189.85340987
"5479",61,2009,7,76.440597677
"5480",61,2009,8,147.11465208
"5481",61,2009,9,56.8980397503
"5482",61,2009,10,24.09473519
"5483",61,2009,11,18.3242028
"5484",61,2009,12,0
"5485",61,2010,1,0.97400837
"5486",61,2010,2,0.87708542
"5487",61,2010,3,0
"5488",61,2010,4,0.14656432
"5489",61,2010,5,52.693610502
"5490",61,2010,6,179.4187854
"5491",61,2010,7,136.6556967053
"5492",61,2010,8,37.48640334
"5493",61,2010,9,18.7654715
"5494",61,2010,10,27.5171727
"5495",61,2010,11,10.620653594
"5496",61,2010,12,7.3767916
"5497",61,2011,1,13.090134169
"5498",61,2011,2,3.02047888
"5499",61,2011,3,19.5100473
"5500",61,2011,4,72.44009706
"5501",61,2011,5,9.4220577
"5502",61,2011,6,140.74769753
"5503",61,2011,7,102.78227279759
"5504",61,2011,8,159.00426953
"5505",61,2011,9,15.84790406
"5506",61,2011,10,2.1054747
"5507",61,2011,11,6.44084715
"5508",61,2011,12,0
"5509",61,2012,1,0
"5510",61,2012,2,9.467691297
"5511",61,2012,3,0
"5512",61,2012,4,13.81044368892
"5513",61,2012,5,162.2928746
"5514",61,2012,6,224.3635516
"5515",61,2012,7,18.0510208
"5516",61,2012,8,112.67033668
"5517",61,2012,9,3.8438167
"5518",61,2012,10,90.1421227
"5519",61,2012,11,17.7731012073
"5520",61,2012,12,72.83412451234
"5521",61,2013,1,0.503428292
"5522",61,2013,2,6.9793365136
"5523",61,2013,3,0.00076352621
"5524",61,2013,4,0
"5525",61,2013,5,176.92855154
"5526",61,2013,6,86.997952857
"5527",61,2013,7,142.20019458
"5528",61,2013,8,69.8363191
"5529",61,2013,9,21.39235903
"5530",61,2013,10,15.0881967
"5531",61,2013,11,0
"5532",61,2013,12,0
"5533",61,2014,1,0
"5534",61,2014,2,5.0335337e-06
"5535",61,2014,3,20.017007
"5536",61,2014,4,11.5599823
"5537",61,2014,5,141.9153817
"5538",61,2014,6,203.6488471
"5539",61,2014,7,97.4273385
"5540",61,2014,8,106.434190138
"5541",61,2014,9,80.3571075
"5542",61,2014,10,0.0873507049
"5543",61,2014,11,15.1617293
"5544",61,2014,12,9.844386784
"5545",71,2004,1,1.76917353236444
"5546",71,2004,2,2.924714683283
"5547",71,2004,3,93.6870700894637
"5548",71,2004,4,200.954093400356
"5549",71,2004,5,46.0538328901511
"5550",71,2004,6,230.247120626178
"5551",71,2004,7,296.028713026956
"5552",71,2004,8,122.542115594233
"5553",71,2004,9,176.002521311111
"5554",71,2004,10,87.2009115378668
"5555",71,2004,11,111.066044975778
"5556",71,2004,12,53.5553238505289
"5557",71,2005,1,24.1643424823003
"5558",71,2005,2,0.000172959804588889
"5559",71,2005,3,28.3398001176556
"5560",71,2005,4,25.2597265624783
"5561",71,2005,5,581.126523347156
"5562",71,2005,6,665.857230757689
"5563",71,2005,7,261.930969702622
"5564",71,2005,8,579.749127356343
"5565",71,2005,9,79.7784598848711
"5566",71,2005,10,53.7683012725556
"5567",71,2005,11,84.3503440378889
"5568",71,2005,12,19.4609044113356
"5569",71,2006,1,2.60844316744444
"5570",71,2006,2,25.7984218941556
"5571",71,2006,3,2.81231152426667
"5572",71,2006,4,94.6984282467778
"5573",71,2006,5,198.352237801936
"5574",71,2006,6,462.922023621824
"5575",71,2006,7,578.9154702359
"5576",71,2006,8,313.284655463911
"5577",71,2006,9,126.446353083964
"5578",71,2006,10,163.938769749156
"5579",71,2006,11,13.8215564093889
"5580",71,2006,12,16.3905619504444
"5581",71,2007,1,0.83412731425
"5582",71,2007,2,48.6937001233222
"5583",71,2007,3,45.4500880138111
"5584",71,2007,4,23.9975419815556
"5585",71,2007,5,69.6779184229811
"5586",71,2007,6,248.562370140189
"5587",71,2007,7,307.426905103874
"5588",71,2007,8,157.764633834333
"5589",71,2007,9,28.8101559466689
"5590",71,2007,10,22.8288849484889
"5591",71,2007,11,31.9223178604839
"5592",71,2007,12,5.47404343543189
"5593",71,2008,1,3.72978261793527
"5594",71,2008,2,3.59257417849433
"5595",71,2008,3,19.54565790383
"5596",71,2008,4,106.385881331222
"5597",71,2008,5,578.479369409212
"5598",71,2008,6,233.845712132556
"5599",71,2008,7,206.247787083064
"5600",71,2008,8,360.917925937111
"5601",71,2008,9,46.795231873
"5602",71,2008,10,25.3728709821111
"5603",71,2008,11,0.218327968
"5604",71,2008,12,2.26588675645111
"5605",71,2009,1,2.02188114514078
"5606",71,2009,2,19.47191464192
"5607",71,2009,3,0.0296284615
"5608",71,2009,4,3.33705695888889
"5609",71,2009,5,226.197352940662
"5610",71,2009,6,321.792131748837
"5611",71,2009,7,196.765966889317
"5612",71,2009,8,288.416726606778
"5613",71,2009,9,211.388087388889
"5614",71,2009,10,106.109165270067
"5615",71,2009,11,38.4654537223244
"5616",71,2009,12,2.39728329255556
"5617",71,2010,1,5.80945688985422
"5618",71,2010,2,0.404610306534444
"5619",71,2010,3,0.0883487678888889
"5620",71,2010,4,20.0743620488889
"5621",71,2010,5,105.957512164889
"5622",71,2010,6,352.844691833467
"5623",71,2010,7,199.743933707354
"5624",71,2010,8,100.755461398061
"5625",71,2010,9,25.7885698641989
"5626",71,2010,10,55.8460981408889
"5627",71,2010,11,58.8329212234333
"5628",71,2010,12,32.2118951605556
"5629",71,2011,1,25.377556398748
"5630",71,2011,2,29.6806256256444
"5631",71,2011,3,45.2181505522047
"5632",71,2011,4,162.351376308833
"5633",71,2011,5,45.9922309366667
"5634",71,2011,6,225.997869945222
"5635",71,2011,7,182.060607147778
"5636",71,2011,8,328.300352392447
"5637",71,2011,9,51.4847875287222
"5638",71,2011,10,28.6055609331658
"5639",71,2011,11,50.0406745822222
"5640",71,2011,12,3.61854388816111
"5641",71,2012,1,14.6333501309767
"5642",71,2012,2,38.5167055080431
"5643",71,2012,3,2.04105344444444
"5644",71,2012,4,56.6285439773333
"5645",71,2012,5,278.285608024366
"5646",71,2012,6,448.560220134317
"5647",71,2012,7,41.5533018528833
"5648",71,2012,8,153.239569420567
"5649",71,2012,9,20.9115910518522
"5650",71,2012,10,147.092070258556
"5651",71,2012,11,28.6947107369767
"5652",71,2012,12,203.760984442022
"5653",71,2013,1,17.7846654123843
"5654",71,2013,2,64.2142161418
"5655",71,2013,3,2.63585819465333
"5656",71,2013,4,11.1053678605333
"5657",71,2013,5,265.575707354444
"5658",71,2013,6,151.520158863333
"5659",71,2013,7,148.418920388543
"5660",71,2013,8,131.263773565782
"5661",71,2013,9,118.790990691019
"5662",71,2013,10,41.1429393822222
"5663",71,2013,11,13.4684613909267
"5664",71,2013,12,3.20860788004
"5665",71,2014,1,13.4829475833693
"5666",71,2014,2,1.98591656316589
"5667",71,2014,3,30.6900797776222
"5668",71,2014,4,44.4995038692667
"5669",71,2014,5,239.695971535481
"5670",71,2014,6,279.755359152439
"5671",71,2014,7,226.963284688944
"5672",71,2014,8,203.040750546667
"5673",71,2014,9,241.263738006536
"5674",71,2014,10,23.4827679814439
"5675",71,2014,11,60.6024856922222
"5676",71,2014,12,44.1481084277289
"5677",72,2004,1,0
"5678",72,2004,2,1.7767872
"5679",72,2004,3,50.1689065
"5680",72,2004,4,86.73455833
"5681",72,2004,5,49.94016
"5682",72,2004,6,129.0140109
"5683",72,2004,7,249.2616387
"5684",72,2004,8,84.755764679
"5685",72,2004,9,86.71124467
"5686",72,2004,10,53.40395031
"5687",72,2004,11,26.78363881
"5688",72,2004,12,25.94105763
"5689",72,2005,1,0.414355739
"5690",72,2005,2,0
"5691",72,2005,3,10.9901641
"5692",72,2005,4,11.261555
"5693",72,2005,5,295.89366907
"5694",72,2005,6,314.6076602
"5695",72,2005,7,170.28508063
"5696",72,2005,8,231.8015097192
"5697",72,2005,9,34.99551
"5698",72,2005,10,20.2130461
"5699",72,2005,11,27.46081148
"5700",72,2005,12,10.224009124
"5701",72,2006,1,2.2131857
"5702",72,2006,2,6.62721532
"5703",72,2006,3,0
"5704",72,2006,4,28.5530222
"5705",72,2006,5,94.8499728
"5706",72,2006,6,276.908180589
"5707",72,2006,7,271.8754367
"5708",72,2006,8,148.852162802
"5709",72,2006,9,29.0353473082
"5710",72,2006,10,61.688743618
"5711",72,2006,11,0
"5712",72,2006,12,21.355876
"5713",72,2007,1,2.7017504
"5714",72,2007,2,31.403987235
"5715",72,2007,3,16.25241336
"5716",72,2007,4,35.23624082
"5717",72,2007,5,19.0115339
"5718",72,2007,6,92.3608638
"5719",72,2007,7,175.8002944
"5720",72,2007,8,96.0588445
"5721",72,2007,9,27.0174545
"5722",72,2007,10,10.65888354
"5723",72,2007,11,5.1467693
"5724",72,2007,12,4.8732778
"5725",72,2008,1,0
"5726",72,2008,2,0
"5727",72,2008,3,0.32136381
"5728",72,2008,4,68.3030065
"5729",72,2008,5,354.03889673
"5730",72,2008,6,114.3416334
"5731",72,2008,7,181.58091224
"5732",72,2008,8,154.07195925
"5733",72,2008,9,39.6927312
"5734",72,2008,10,2.85015684
"5735",72,2008,11,0.399352995
"5736",72,2008,12,4.5721189
"5737",72,2009,1,0
"5738",72,2009,2,0
"5739",72,2009,3,0
"5740",72,2009,4,0
"5741",72,2009,5,94.85169912
"5742",72,2009,6,214.6511553
"5743",72,2009,7,131.01972339
"5744",72,2009,8,168.21697061
"5745",72,2009,9,51.34088143
"5746",72,2009,10,38.19297880761
"5747",72,2009,11,35.18457236
"5748",72,2009,12,0.0024738096
"5749",72,2010,1,2.4182415
"5750",72,2010,2,7.9894836
"5751",72,2010,3,0
"5752",72,2010,4,3.3818582
"5753",72,2010,5,65.0954556
"5754",72,2010,6,189.20856448
"5755",72,2010,7,161.7360314
"5756",72,2010,8,70.3346058
"5757",72,2010,9,22.978152087
"5758",72,2010,10,46.4539106
"5759",72,2010,11,14.0969299004
"5760",72,2010,12,9.510266089
"5761",72,2011,1,17.3548751
"5762",72,2011,2,3.5413499
"5763",72,2011,3,24.836576
"5764",72,2011,4,63.094886484
"5765",72,2011,5,40.622996
"5766",72,2011,6,205.198147
"5767",72,2011,7,133.581334453
"5768",72,2011,8,203.5576771296
"5769",72,2011,9,34.7952295
"5770",72,2011,10,7.55279588
"5771",72,2011,11,10.375888
"5772",72,2011,12,0
"5773",72,2012,1,3.844578995
"5774",72,2012,2,34.51748652
"5775",72,2012,3,0
"5776",72,2012,4,3.6901514
"5777",72,2012,5,180.827572
"5778",72,2012,6,255.11346875
"5779",72,2012,7,18.3533489
"5780",72,2012,8,143.021445
"5781",72,2012,9,5.73330013
"5782",72,2012,10,59.131504197
"5783",72,2012,11,31.3517869079
"5784",72,2012,12,74.99305893
"5785",72,2013,1,8.7705712
"5786",72,2013,2,9.248248072
"5787",72,2013,3,0.52086932
"5788",72,2013,4,5.5688497
"5789",72,2013,5,202.2699525
"5790",72,2013,6,128.18099433
"5791",72,2013,7,141.43330089
"5792",72,2013,8,71.720101951
"5793",72,2013,9,32.856421337
"5794",72,2013,10,22.9968883
"5795",72,2013,11,0
"5796",72,2013,12,0
"5797",72,2014,1,3.7806945
"5798",72,2014,2,0.62770675
"5799",72,2014,3,25.932137
"5800",72,2014,4,34.0222202
"5801",72,2014,5,138.2500337
"5802",72,2014,6,262.50424348
"5803",72,2014,7,147.34698483
"5804",72,2014,8,146.2176778
"5805",72,2014,9,98.8521989007
"5806",72,2014,10,3.76525555
"5807",72,2014,11,8.0750661
"5808",72,2014,12,12.41276433
"5809",73,2004,1,3.83001870139895
"5810",73,2004,2,7.19611056783285
"5811",73,2004,3,71.1753400637363
"5812",73,2004,4,223.870103259136
"5813",73,2004,5,39.9314810142368
"5814",73,2004,6,259.000785299589
"5815",73,2004,7,306.555112268794
"5816",73,2004,8,103.095209229565
"5817",73,2004,9,161.097141959428
"5818",73,2004,10,101.928526610657
"5819",73,2004,11,77.5337492166933
"5820",73,2004,12,56.2334197806805
"5821",73,2005,1,12.1812695447693
"5822",73,2005,2,0
"5823",73,2005,3,21.4028117379671
"5824",73,2005,4,8.99917667416316
"5825",73,2005,5,523.189192012985
"5826",73,2005,6,500.933290732982
"5827",73,2005,7,275.157623674792
"5828",73,2005,8,448.902956399835
"5829",73,2005,9,56.36015798499
"5830",73,2005,10,32.2060713592163
"5831",73,2005,11,68.8907246051121
"5832",73,2005,12,47.054023212272
"5833",73,2006,1,21.9320778100439
"5834",73,2006,2,13.519582029562
"5835",73,2006,3,1.28662068619109
"5836",73,2006,4,94.2166480730471
"5837",73,2006,5,187.624268124174
"5838",73,2006,6,474.957377358939
"5839",73,2006,7,450.80690687864
"5840",73,2006,8,283.672627080834
"5841",73,2006,9,105.153850681132
"5842",73,2006,10,144.578395136806
"5843",73,2006,11,6.277981795901
"5844",73,2006,12,38.9459305287266
"5845",73,2007,1,6.61631541816963
"5846",73,2007,2,61.0550907454375
"5847",73,2007,3,36.5257095791064
"5848",73,2007,4,52.0317450796521
"5849",73,2007,5,39.2383550406737
"5850",73,2007,6,173.090009065567
"5851",73,2007,7,285.485098274878
"5852",73,2007,8,152.310680368642
"5853",73,2007,9,51.2711806424189
"5854",73,2007,10,24.7429347302428
"5855",73,2007,11,10.8751898076323
"5856",73,2007,12,9.41215974639316
"5857",73,2008,1,8.89260265303099
"5858",73,2008,2,12.1442939449756
"5859",73,2008,3,10.3921308018335
"5860",73,2008,4,101.206760674233
"5861",73,2008,5,589.268960306717
"5862",73,2008,6,194.492550702873
"5863",73,2008,7,250.606943434767
"5864",73,2008,8,290.20727795381
"5865",73,2008,9,66.0235345065953
"5866",73,2008,10,16.841236032377
"5867",73,2008,11,3.76836143240626
"5868",73,2008,12,11.5951519155126
"5869",73,2009,1,0.406008752375
"5870",73,2009,2,14.0763053525923
"5871",73,2009,3,0.305889011779087
"5872",73,2009,4,26.0034350440842
"5873",73,2009,5,236.397596657761
"5874",73,2009,6,311.346427618467
"5875",73,2009,7,209.480551516258
"5876",73,2009,8,265.647117288687
"5877",73,2009,9,137.83450187738
"5878",73,2009,10,119.208460307705
"5879",73,2009,11,66.9528850733843
"5880",73,2009,12,3.27607764368421
"5881",73,2010,1,8.74897898675421
"5882",73,2010,2,24.2943106573038
"5883",73,2010,3,0.0666683995605263
"5884",73,2010,4,10.1036412559474
"5885",73,2010,5,93.1678774639711
"5886",73,2010,6,304.253542515539
"5887",73,2010,7,217.627847777032
"5888",73,2010,8,146.6540622799
"5889",73,2010,9,17.4629977085078
"5890",73,2010,10,58.9416727244108
"5891",73,2010,11,38.3721373411276
"5892",73,2010,12,39.1098624715935
"5893",73,2011,1,33.8608438946617
"5894",73,2011,2,24.843713408583
"5895",73,2011,3,47.7212205673947
"5896",73,2011,4,125.665435592059
"5897",73,2011,5,56.4328403809839
"5898",73,2011,6,249.278692119924
"5899",73,2011,7,205.807866456803
"5900",73,2011,8,382.576239556582
"5901",73,2011,9,79.071631017921
"5902",73,2011,10,18.5020910272
"5903",73,2011,11,38.1126578573501
"5904",73,2011,12,3.5053738244275
"5905",73,2012,1,6.88394388964263
"5906",73,2012,2,73.3001224735283
"5907",73,2012,3,2.61409949258613
"5908",73,2012,4,34.1963626806053
"5909",73,2012,5,282.249479713411
"5910",73,2012,6,376.127574993099
"5911",73,2012,7,53.0665693365
"5912",73,2012,8,155.038097872877
"5913",73,2012,9,15.0579780160001
"5914",73,2012,10,106.396380859921
"5915",73,2012,11,41.4891986750316
"5916",73,2012,12,179.278593930776
"5917",73,2013,1,7.23490000640357
"5918",73,2013,2,53.5144003214562
"5919",73,2013,3,7.29569303605018
"5920",73,2013,4,17.2554393896921
"5921",73,2013,5,281.325615803125
"5922",73,2013,6,154.084151689076
"5923",73,2013,7,216.420418297663
"5924",73,2013,8,156.083660558769
"5925",73,2013,9,124.012728222895
"5926",73,2013,10,46.6560092310908
"5927",73,2013,11,10.1562254753738
"5928",73,2013,12,0.464325257886842
"5929",73,2014,1,10.6151701376416
"5930",73,2014,2,5.21684810821974
"5931",73,2014,3,36.4531985773875
"5932",73,2014,4,63.4859577091079
"5933",73,2014,5,197.92958699642
"5934",73,2014,6,317.837705142247
"5935",73,2014,7,264.002191439671
"5936",73,2014,8,218.734729769289
"5937",73,2014,9,189.915798140748
"5938",73,2014,10,22.9625172553073
"5939",73,2014,11,22.8532671987305
"5940",73,2014,12,44.7562481790029
"5941",74,2004,1,0
"5942",74,2004,2,3.4885996
"5943",74,2004,3,57.607931
"5944",74,2004,4,105.6438196
"5945",74,2004,5,56.081604
"5946",74,2004,6,176.55153027
"5947",74,2004,7,292.04616448
"5948",74,2004,8,130.5713486
"5949",74,2004,9,92.7270639
"5950",74,2004,10,61.7471614
"5951",74,2004,11,35.02305503
"5952",74,2004,12,26.1714707
"5953",74,2005,1,0
"5954",74,2005,2,0
"5955",74,2005,3,11.1269611517
"5956",74,2005,4,14.5824213
"5957",74,2005,5,315.2929507
"5958",74,2005,6,344.3898704
"5959",74,2005,7,212.9768552
"5960",74,2005,8,249.2533619
"5961",74,2005,9,43.85386
"5962",74,2005,10,25.66014676
"5963",74,2005,11,32.706765
"5964",74,2005,12,14.3291509
"5965",74,2006,1,6.64930511
"5966",74,2006,2,4.4466951
"5967",74,2006,3,0
"5968",74,2006,4,53.8786746
"5969",74,2006,5,98.9910151888
"5970",74,2006,6,327.5527435
"5971",74,2006,7,328.8278095
"5972",74,2006,8,201.93632809
"5973",74,2006,9,38.4434218
"5974",74,2006,10,74.1388312
"5975",74,2006,11,0.026058701
"5976",74,2006,12,25.979639
"5977",74,2007,1,6.21169741
"5978",74,2007,2,26.96680914091
"5979",74,2007,3,22.437610854
"5980",74,2007,4,64.3158173
"5981",74,2007,5,28.4615786
"5982",74,2007,6,98.154732
"5983",74,2007,7,189.85249801
"5984",74,2007,8,102.8946553
"5985",74,2007,9,40.47290477
"5986",74,2007,10,12.2642254
"5987",74,2007,11,2.3306195
"5988",74,2007,12,6.5164681
"5989",74,2008,1,0
"5990",74,2008,2,0
"5991",74,2008,3,1.0075704
"5992",74,2008,4,85.0761916
"5993",74,2008,5,378.845423
"5994",74,2008,6,122.0504404
"5995",74,2008,7,202.17619138
"5996",74,2008,8,185.93589581
"5997",74,2008,9,52.8635127
"5998",74,2008,10,10.5866272
"5999",74,2008,11,2.8140146
"6000",74,2008,12,8.330214
"6001",74,2009,1,0
"6002",74,2009,2,0
"6003",74,2009,3,0
"6004",74,2009,4,7.2404289
"6005",74,2009,5,119.73449581
"6006",74,2009,6,247.9343707
"6007",74,2009,7,139.8140577
"6008",74,2009,8,194.5083589501
"6009",74,2009,9,56.3854225
"6010",74,2009,10,49.66160162
"6011",74,2009,11,38.6312154
"6012",74,2009,12,0.68212547
"6013",74,2010,1,4.5212824
"6014",74,2010,2,29.7347168
"6015",74,2010,3,0
"6016",74,2010,4,4.0935295
"6017",74,2010,5,54.1930216
"6018",74,2010,6,216.1723028
"6019",74,2010,7,186.7323934326
"6020",74,2010,8,114.988925
"6021",74,2010,9,23.18125856
"6022",74,2010,10,54.0545756
"6023",74,2010,11,14.0063012
"6024",74,2010,12,11.199664402
"6025",74,2011,1,21.757713641
"6026",74,2011,2,4.4126304
"6027",74,2011,3,20.1957212
"6028",74,2011,4,71.352756
"6029",74,2011,5,41.4090782
"6030",74,2011,6,226.1750876
"6031",74,2011,7,155.3777202
"6032",74,2011,8,242.886126382
"6033",74,2011,9,49.2976736
"6034",74,2011,10,10.4403143
"6035",74,2011,11,14.420975
"6036",74,2011,12,0
"6037",74,2012,1,4.5050525
"6038",74,2012,2,42.12973771
"6039",74,2012,3,0
"6040",74,2012,4,2.9083279
"6041",74,2012,5,170.20796412
"6042",74,2012,6,277.4497218
"6043",74,2012,7,18.49941932061
"6044",74,2012,8,178.3137507
"6045",74,2012,9,8.1471703
"6046",74,2012,10,52.189424653
"6047",74,2012,11,75.2487850956
"6048",74,2012,12,77.5253072
"6049",74,2013,1,7.5516238
"6050",74,2013,2,16.26636
"6051",74,2013,3,0
"6052",74,2013,4,7.5859493
"6053",74,2013,5,221.5926864
"6054",74,2013,6,138.4713129
"6055",74,2013,7,159.154623
"6056",74,2013,8,84.9323329
"6057",74,2013,9,58.643366037
"6058",74,2013,10,28.94777441
"6059",74,2013,11,0.14371028
"6060",74,2013,12,0
"6061",74,2014,1,6.665095241
"6062",74,2014,2,4.1144772
"6063",74,2014,3,39.07035506
"6064",74,2014,4,65.5554415
"6065",74,2014,5,146.4175804
"6066",74,2014,6,280.7707438
"6067",74,2014,7,204.8507503
"6068",74,2014,8,172.3836587
"6069",74,2014,9,124.4311009
"6070",74,2014,10,18.8456201
"6071",74,2014,11,3.270313
"6072",74,2014,12,10.68721209
"6073",81,2004,1,2.90014536577692
"6074",81,2004,2,13.2777232137204
"6075",81,2004,3,87.0865564767154
"6076",81,2004,4,229.988557757622
"6077",81,2004,5,45.7084779614308
"6078",81,2004,6,349.934926291124
"6079",81,2004,7,368.101796101527
"6080",81,2004,8,111.687753869022
"6081",81,2004,9,172.645838921407
"6082",81,2004,10,153.161127114369
"6083",81,2004,11,105.27440286082
"6084",81,2004,12,45.6601313803746
"6085",81,2005,1,11.0240608115538
"6086",81,2005,2,0
"6087",81,2005,3,36.0846842951246
"6088",81,2005,4,22.1827080376054
"6089",81,2005,5,552.24240112285
"6090",81,2005,6,494.832106321614
"6091",81,2005,7,322.028428493235
"6092",81,2005,8,421.707935145538
"6093",81,2005,9,59.7003511044519
"6094",81,2005,10,33.6288799888981
"6095",81,2005,11,85.2044904316488
"6096",81,2005,12,71.9518828380496
"6097",81,2006,1,36.8533974256154
"6098",81,2006,2,17.0623135260469
"6099",81,2006,3,18.7280790552655
"6100",81,2006,4,154.113233097154
"6101",81,2006,5,200.343812221481
"6102",81,2006,6,529.543733479332
"6103",81,2006,7,483.987619870817
"6104",81,2006,8,313.271226166365
"6105",81,2006,9,120.557305802115
"6106",81,2006,10,167.144506369795
"6107",81,2006,11,16.0068880908369
"6108",81,2006,12,104.055402299265
"6109",81,2007,1,24.2029432908777
"6110",81,2007,2,87.3758398736613
"6111",81,2007,3,36.4601869547065
"6112",81,2007,4,120.639952920519
"6113",81,2007,5,50.0960503493891
"6114",81,2007,6,182.058832485884
"6115",81,2007,7,314.13614780802
"6116",81,2007,8,165.854532368304
"6117",81,2007,9,78.9071585583077
"6118",81,2007,10,40.1636569782346
"6119",81,2007,11,10.3275013479788
"6120",81,2007,12,26.3859498897315
"6121",81,2008,1,18.3045545382808
"6122",81,2008,2,10.6051595594964
"6123",81,2008,3,20.8303520394846
"6124",81,2008,4,116.114325326923
"6125",81,2008,5,585.561769185781
"6126",81,2008,6,202.414958182962
"6127",81,2008,7,296.931534997549
"6128",81,2008,8,329.440761265247
"6129",81,2008,9,75.2661637364614
"6130",81,2008,10,32.9739822327923
"6131",81,2008,11,17.1276875970457
"6132",81,2008,12,24.5338463027777
"6133",81,2009,1,5.61139872228462
"6134",81,2009,2,26.6728828334177
"6135",81,2009,3,11.0932392862308
"6136",81,2009,4,71.4653900938846
"6137",81,2009,5,377.785913937901
"6138",81,2009,6,326.949685240833
"6139",81,2009,7,198.376546258189
"6140",81,2009,8,305.086016384
"6141",81,2009,9,139.954153261846
"6142",81,2009,10,154.620352602117
"6143",81,2009,11,118.934836252662
"6144",81,2009,12,19.1422790909696
"6145",81,2010,1,13.0917121667545
"6146",81,2010,2,62.5034532496537
"6147",81,2010,3,9.75745749278654
"6148",81,2010,4,15.5471292153996
"6149",81,2010,5,97.8156287070037
"6150",81,2010,6,357.256138033212
"6151",81,2010,7,289.081566777695
"6152",81,2010,8,204.259978015395
"6153",81,2010,9,19.7092141257496
"6154",81,2010,10,69.1091410760674
"6155",81,2010,11,45.0587970345885
"6156",81,2010,12,53.5451820065085
"6157",81,2011,1,54.8175802608453
"6158",81,2011,2,31.2436289606777
"6159",81,2011,3,69.0685138233692
"6160",81,2011,4,137.767959722089
"6161",81,2011,5,66.5679535089731
"6162",81,2011,6,318.164602560694
"6163",81,2011,7,255.775689107621
"6164",81,2011,8,405.500332249908
"6165",81,2011,9,127.717793301057
"6166",81,2011,10,29.6542014485677
"6167",81,2011,11,47.4895696690828
"6168",81,2011,12,0.628804558095538
"6169",81,2012,1,26.8521350885859
"6170",81,2012,2,154.19997056645
"6171",81,2012,3,12.9056021268846
"6172",81,2012,4,27.9616379397481
"6173",81,2012,5,298.65355983445
"6174",81,2012,6,387.540713254192
"6175",81,2012,7,66.353555195
"6176",81,2012,8,168.49257746285
"6177",81,2012,9,25.8801614938654
"6178",81,2012,10,85.7951643309192
"6179",81,2012,11,73.8583462929623
"6180",81,2012,12,209.671010240108
"6181",81,2013,1,9.43047882348269
"6182",81,2013,2,58.7535098347335
"6183",81,2013,3,8.80782806747423
"6184",81,2013,4,31.1143941262462
"6185",81,2013,5,342.82860018435
"6186",81,2013,6,199.9132245352
"6187",81,2013,7,229.821494146475
"6188",81,2013,8,211.829808132455
"6189",81,2013,9,170.621352474926
"6190",81,2013,10,74.3857817380942
"6191",81,2013,11,27.6310932688654
"6192",81,2013,12,0.245196000653846
"6193",81,2014,1,22.4024779080719
"6194",81,2014,2,19.1758213552688
"6195",81,2014,3,72.7056346016333
"6196",81,2014,4,93.1902173739846
"6197",81,2014,5,211.852284473608
"6198",81,2014,6,389.692248956038
"6199",81,2014,7,379.001859206515
"6200",81,2014,8,252.800273074045
"6201",81,2014,9,236.105478663432
"6202",81,2014,10,41.1945101591481
"6203",81,2014,11,12.3531572358554
"6204",81,2014,12,47.1224036361308
"6205",82,2004,1,0
"6206",82,2004,2,12.79294262
"6207",82,2004,3,53.382408147
"6208",82,2004,4,111.86050063352
"6209",82,2004,5,36.525745897404
"6210",82,2004,6,241.92419670388
"6211",82,2004,7,244.75323140116
"6212",82,2004,8,134.6193931094
"6213",82,2004,9,88.81256716
"6214",82,2004,10,86.126387256
"6215",82,2004,11,54.2053696486
"6216",82,2004,12,12.924948048
"6217",82,2005,1,2.0039109238
"6218",82,2005,2,0
"6219",82,2005,3,20.608953412124
"6220",82,2005,4,20.21201156
"6221",82,2005,5,345.1752289146
"6222",82,2005,6,315.458185422
"6223",82,2005,7,182.649888689472
"6224",82,2005,8,197.493977951878
"6225",82,2005,9,47.68975025346
"6226",82,2005,10,39.96465064
"6227",82,2005,11,42.8768288523
"6228",82,2005,12,38.6339606054
"6229",82,2006,1,16.1979020224
"6230",82,2006,2,3.61732336478
"6231",82,2006,3,9.11382793598
"6232",82,2006,4,131.38506224
"6233",82,2006,5,151.273607978
"6234",82,2006,6,365.83881426
"6235",82,2006,7,340.5017157292
"6236",82,2006,8,235.71017094
"6237",82,2006,9,63.4869857314
"6238",82,2006,10,80.853638985668
"6239",82,2006,11,5.669540907
"6240",82,2006,12,53.740558374
"6241",82,2007,1,15.1522238
"6242",82,2007,2,30.445688386
"6243",82,2007,3,21.18285233664
"6244",82,2007,4,107.99345952
"6245",82,2007,5,56.3475188062
"6246",82,2007,6,121.899306518
"6247",82,2007,7,151.2191352407
"6248",82,2007,8,116.1273727
"6249",82,2007,9,57.717611366746
"6250",82,2007,10,29.494759625284
"6251",82,2007,11,6.86967425
"6252",82,2007,12,10.40719121606
"6253",82,2008,1,2.15701148
"6254",82,2008,2,8.12192012
"6255",82,2008,3,1.63082141775
"6256",82,2008,4,57.39743116
"6257",82,2008,5,321.02343779734
"6258",82,2008,6,133.5664946088
"6259",82,2008,7,258.21520114
"6260",82,2008,8,217.219162128964
"6261",82,2008,9,65.104575906504
"6262",82,2008,10,28.35970898
"6263",82,2008,11,16.293411026
"6264",82,2008,12,10.9852706
"6265",82,2009,1,4.627813896
"6266",82,2009,2,7.6849596438
"6267",82,2009,3,4.4606212
"6268",82,2009,4,21.07607126
"6269",82,2009,5,171.59887814868
"6270",82,2009,6,290.5376014276
"6271",82,2009,7,135.285597914
"6272",82,2009,8,237.587793268
"6273",82,2009,9,71.38193592
"6274",82,2009,10,81.65395588
"6275",82,2009,11,50.609274749
"6276",82,2009,12,3.216557669316
"6277",82,2010,1,9.34365748
"6278",82,2010,2,60.763057888
"6279",82,2010,3,5.92421986
"6280",82,2010,4,5.199484883
"6281",82,2010,5,53.116069675
"6282",82,2010,6,248.3483728138
"6283",82,2010,7,237.2203516092
"6284",82,2010,8,148.9799063214
"6285",82,2010,9,22.91092164523
"6286",82,2010,10,46.1798368774
"6287",82,2010,11,24.811981422
"6288",82,2010,12,23.7013856826
"6289",82,2011,1,18.72302241012
"6290",82,2011,2,11.37807898
"6291",82,2011,3,30.99053647634
"6292",82,2011,4,77.81656338016
"6293",82,2011,5,30.754166330424
"6294",82,2011,6,175.7758311532
"6295",82,2011,7,174.245729672
"6296",82,2011,8,253.238039500248
"6297",82,2011,9,73.503304458712
"6298",82,2011,10,26.444243784
"6299",82,2011,11,32.1272477882
"6300",82,2011,12,1.85502505768
"6301",82,2012,1,14.93816620232
"6302",82,2012,2,65.773791036
"6303",82,2012,3,10.10793788
"6304",82,2012,4,11.961311346344
"6305",82,2012,5,171.032727747658
"6306",82,2012,6,249.96633464825
"6307",82,2012,7,36.9739487
"6308",82,2012,8,170.410194430288
"6309",82,2012,9,18.815572196
"6310",82,2012,10,51.304886196
"6311",82,2012,11,41.232405876
"6312",82,2012,12,115.389782003778
"6313",82,2013,1,0.6784603
"6314",82,2013,2,22.94950998
"6315",82,2013,3,5.05392385106
"6316",82,2013,4,26.04620256
"6317",82,2013,5,222.66572208
"6318",82,2013,6,120.0797126464
"6319",82,2013,7,120.73581333248
"6320",82,2013,8,113.38129338
"6321",82,2013,9,73.196659559726
"6322",82,2013,10,44.03723984
"6323",82,2013,11,13.7584909058
"6324",82,2013,12,0
"6325",82,2014,1,15.547534822
"6326",82,2014,2,9.76847274
"6327",82,2014,3,58.030857286
"6328",82,2014,4,88.1365672
"6329",82,2014,5,125.881580957
"6330",82,2014,6,302.44734412
"6331",82,2014,7,283.510653417478
"6332",82,2014,8,150.57153087056
"6333",82,2014,9,135.23055002796
"6334",82,2014,10,18.35467411728
"6335",82,2014,11,3.28978496
"6336",82,2014,12,17.68681956
"6337",83,2004,1,4.14269722667287
"6338",83,2004,2,21.9253004029087
"6339",83,2004,3,96.0529383654773
"6340",83,2004,4,291.211337975211
"6341",83,2004,5,32.6447703368679
"6342",83,2004,6,441.379282279484
"6343",83,2004,7,347.313269447147
"6344",83,2004,8,126.003381157243
"6345",83,2004,9,170.323653816477
"6346",83,2004,10,186.719614882987
"6347",83,2004,11,142.16914445204
"6348",83,2004,12,46.9702921546186
"6349",83,2005,1,27.6998570691152
"6350",83,2005,2,3.04723164091189
"6351",83,2005,3,61.7666648555548
"6352",83,2005,4,43.6656261971515
"6353",83,2005,5,591.262512941238
"6354",83,2005,6,490.78713839289
"6355",83,2005,7,300.888601524969
"6356",83,2005,8,396.174274318645
"6357",83,2005,9,59.5979540500432
"6358",83,2005,10,42.4211906806005
"6359",83,2005,11,161.649273530463
"6360",83,2005,12,70.2609952540138
"6361",83,2006,1,62.5923319111688
"6362",83,2006,2,28.9992374472171
"6363",83,2006,3,53.5863692342647
"6364",83,2006,4,186.747001310514
"6365",83,2006,5,216.65047999473
"6366",83,2006,6,535.935866480224
"6367",83,2006,7,497.008709923595
"6368",83,2006,8,337.222525153974
"6369",83,2006,9,165.023799182285
"6370",83,2006,10,184.009604334037
"6371",83,2006,11,30.6161154658312
"6372",83,2006,12,137.462881123155
"6373",83,2007,1,32.671312458861
"6374",83,2007,2,73.8287343371743
"6375",83,2007,3,31.3439352234027
"6376",83,2007,4,156.999704014676
"6377",83,2007,5,79.3894030083438
"6378",83,2007,6,229.091763639532
"6379",83,2007,7,332.756761144708
"6380",83,2007,8,184.036653734916
"6381",83,2007,9,90.0124591201378
"6382",83,2007,10,70.8110445568022
"6383",83,2007,11,19.6402141091731
"6384",83,2007,12,48.1456161144541
"6385",83,2008,1,35.861319510303
"6386",83,2008,2,30.1334638852635
"6387",83,2008,3,18.2249482801757
"6388",83,2008,4,105.192759739469
"6389",83,2008,5,514.225324091092
"6390",83,2008,6,212.516935661014
"6391",83,2008,7,341.67391659871
"6392",83,2008,8,437.107548873897
"6393",83,2008,9,89.6867919993543
"6394",83,2008,10,52.5149026860994
"6395",83,2008,11,44.1165961948204
"6396",83,2008,12,31.5063587513511
"6397",83,2009,1,12.4796173702386
"6398",83,2009,2,50.0475592641722
"6399",83,2009,3,25.9265873819946
"6400",83,2009,4,86.6792176274057
"6401",83,2009,5,435.686253132343
"6402",83,2009,6,322.372662301743
"6403",83,2009,7,186.502855571358
"6404",83,2009,8,390.915174210721
"6405",83,2009,9,133.826422289238
"6406",83,2009,10,236.990209347982
"6407",83,2009,11,171.250948910089
"6408",83,2009,12,46.0282981061541
"6409",83,2010,1,24.972239413792
"6410",83,2010,2,78.0127725592689
"6411",83,2010,3,44.9665199262394
"6412",83,2010,4,33.0525816359941
"6413",83,2010,5,102.984920692539
"6414",83,2010,6,386.588764967966
"6415",83,2010,7,317.785987903474
"6416",83,2010,8,257.068759108735
"6417",83,2010,9,36.5410555819219
"6418",83,2010,10,92.0125478003268
"6419",83,2010,11,70.8524819605417
"6420",83,2010,12,98.0990116073189
"6421",83,2011,1,90.9962159831811
"6422",83,2011,2,40.8362915389622
"6423",83,2011,3,78.5241447868377
"6424",83,2011,4,175.98525232581
"6425",83,2011,5,70.6718241774784
"6426",83,2011,6,309.501637201567
"6427",83,2011,7,254.620343803521
"6428",83,2011,8,382.624048071865
"6429",83,2011,9,165.353005841599
"6430",83,2011,10,35.396707405233
"6431",83,2011,11,71.6055091088875
"6432",83,2011,12,3.1343821115327
"6433",83,2012,1,73.6358585908117
"6434",83,2012,2,175.656297501631
"6435",83,2012,3,37.5126204582784
"6436",83,2012,4,32.42966979899
"6437",83,2012,5,318.249944008272
"6438",83,2012,6,409.590011314954
"6439",83,2012,7,100.597441292663
"6440",83,2012,8,143.342630363138
"6441",83,2012,9,69.6961961939927
"6442",83,2012,10,79.8320001612837
"6443",83,2012,11,52.7063311967526
"6444",83,2012,12,229.02607430184
"6445",83,2013,1,20.7977417416854
"6446",83,2013,2,68.6812425353965
"6447",83,2013,3,23.9543701709324
"6448",83,2013,4,69.3293315343176
"6449",83,2013,5,331.36495241947
"6450",83,2013,6,218.48666074557
"6451",83,2013,7,218.796930317244
"6452",83,2013,8,258.577440704675
"6453",83,2013,9,183.766552397538
"6454",83,2013,10,70.4314941775582
"6455",83,2013,11,51.5696910713954
"6456",83,2013,12,6.23149677291865
"6457",83,2014,1,60.4919327986308
"6458",83,2014,2,39.9322429656773
"6459",83,2014,3,111.898998918169
"6460",83,2014,4,107.382781668714
"6461",83,2014,5,256.735286855271
"6462",83,2014,6,408.688605962016
"6463",83,2014,7,393.600289506198
"6464",83,2014,8,244.492043022129
"6465",83,2014,9,281.304834400892
"6466",83,2014,10,78.9904537219514
"6467",83,2014,11,28.7051134567303
"6468",83,2014,12,36.323569863028
"6469",84,2004,1,1.77160012
"6470",84,2004,2,28.7825228
"6471",84,2004,3,92.7538497
"6472",84,2004,4,214.7148537
"6473",84,2004,5,53.0398396
"6474",84,2004,6,396.989133799
"6475",84,2004,7,357.897795031
"6476",84,2004,8,191.1547932
"6477",84,2004,9,125.3980069
"6478",84,2004,10,130.8239672
"6479",84,2004,11,95.8065259
"6480",84,2004,12,17.3423133
"6481",84,2005,1,6.7020422
"6482",84,2005,2,0
"6483",84,2005,3,45.9010791
"6484",84,2005,4,35.6667953
"6485",84,2005,5,577.1694933
"6486",84,2005,6,453.1677708
"6487",84,2005,7,288.195575
"6488",84,2005,8,291.01954326
"6489",84,2005,9,79.908521
"6490",84,2005,10,61.3173357
"6491",84,2005,11,86.40259898
"6492",84,2005,12,51.6752107
"6493",84,2006,1,36.1635302
"6494",84,2006,2,4.8654591
"6495",84,2006,3,31.8442469
"6496",84,2006,4,187.655790713
"6497",84,2006,5,239.0562807
"6498",84,2006,6,565.85958107
"6499",84,2006,7,441.3174622
"6500",84,2006,8,336.6610256
"6501",84,2006,9,104.647117859
"6502",84,2006,10,120.01472857
"6503",84,2006,11,12.6501872
"6504",84,2006,12,93.29983309
"6505",84,2007,1,23.288545
"6506",84,2007,2,42.0948834
"6507",84,2007,3,27.66997578
"6508",84,2007,4,166.1997141
"6509",84,2007,5,103.4227878862
"6510",84,2007,6,185.86816748
"6511",84,2007,7,226.4279034
"6512",84,2007,8,166.7763456
"6513",84,2007,9,112.1102261
"6514",84,2007,10,50.4195789622
"6515",84,2007,11,13.319136
"6516",84,2007,12,23.9585119
"6517",84,2008,1,8.9711564
"6518",84,2008,2,19.595906
"6519",84,2008,3,10.716684855
"6520",84,2008,4,76.7198291
"6521",84,2008,5,471.04194
"6522",84,2008,6,190.6766815
"6523",84,2008,7,452.5002265
"6524",84,2008,8,392.18951652
"6525",84,2008,9,70.7163593
"6526",84,2008,10,31.735978286
"6527",84,2008,11,28.9577279
"6528",84,2008,12,18.956952
"6529",84,2009,1,9.2007565
"6530",84,2009,2,22.4810923
"6531",84,2009,3,10.657105
"6532",84,2009,4,45.9198248
"6533",84,2009,5,298.6898501
"6534",84,2009,6,404.19878772
"6535",84,2009,7,193.5993717
"6536",84,2009,8,399.0140833
"6537",84,2009,9,112.1799589
"6538",84,2009,10,140.0946838
"6539",84,2009,11,79.7916626
"6540",84,2009,12,13.19368879
"6541",84,2010,1,14.78023
"6542",84,2010,2,102.8969462
"6543",84,2010,3,16.0933753
"6544",84,2010,4,11.3577794
"6545",84,2010,5,72.84600672
"6546",84,2010,6,403.5382172
"6547",84,2010,7,360.0829077
"6548",84,2010,8,270.7354554
"6549",84,2010,9,35.0942328
"6550",84,2010,10,70.2591716
"6551",84,2010,11,52.36256791
"6552",84,2010,12,42.7451707
"6553",84,2011,1,26.50101397
"6554",84,2011,2,22.2498783
"6555",84,2011,3,57.2375187
"6556",84,2011,4,118.3878926
"6557",84,2011,5,61.8999271
"6558",84,2011,6,268.9214914
"6559",84,2011,7,244.26499466
"6560",84,2011,8,380.1174398
"6561",84,2011,9,129.5575944
"6562",84,2011,10,39.20346122
"6563",84,2011,11,50.27707342
"6564",84,2011,12,5.1745451
"6565",84,2012,1,37.4761897
"6566",84,2012,2,92.204115847
"6567",84,2012,3,28.00787293
"6568",84,2012,4,14.6727442
"6569",84,2012,5,289.8078173889
"6570",84,2012,6,338.978467
"6571",84,2012,7,58.39261558
"6572",84,2012,8,254.87109104
"6573",84,2012,9,37.270950588
"6574",84,2012,10,57.6939888
"6575",84,2012,11,32.10779367
"6576",84,2012,12,202.9222762022
"6577",84,2013,1,4.5421381
"6578",84,2013,2,45.45698973
"6579",84,2013,3,7.0837866
"6580",84,2013,4,43.7137869
"6581",84,2013,5,306.7079808
"6582",84,2013,6,168.526964566
"6583",84,2013,7,190.2145149
"6584",84,2013,8,181.63311509
"6585",84,2013,9,126.44724646
"6586",84,2013,10,46.455553504
"6587",84,2013,11,36.3528654
"6588",84,2013,12,4.56600833
"6589",84,2014,1,36.0769112
"6590",84,2014,2,17.3452407
"6591",84,2014,3,71.0196037
"6592",84,2014,4,108.0700885
"6593",84,2014,5,197.5571572
"6594",84,2014,6,412.30401989
"6595",84,2014,7,421.426351828
"6596",84,2014,8,228.3777535
"6597",84,2014,9,234.1004256
"6598",84,2014,10,41.0990737
"6599",84,2014,11,6.0161221
"6600",84,2014,12,18.3819708912
"6601",85,2004,1,2.69073558
"6602",85,2004,2,37.6614757
"6603",85,2004,3,105.27730233
"6604",85,2004,4,251.348228309
"6605",85,2004,5,53.798725
"6606",85,2004,6,484.5627115
"6607",85,2004,7,407.55952854
"6608",85,2004,8,198.202883875
"6609",85,2004,9,141.8585566
"6610",85,2004,10,157.402300134
"6611",85,2004,11,115.57329135687
"6612",85,2004,12,19.983998578
"6613",85,2005,1,11.89932618
"6614",85,2005,2,0
"6615",85,2005,3,61.149672578134
"6616",85,2005,4,41.3882207
"6617",85,2005,5,681.29195643
"6618",85,2005,6,509.9953011
"6619",85,2005,7,351.410106
"6620",85,2005,8,341.668275918
"6621",85,2005,9,93.9352136
"6622",85,2005,10,68.3747678
"6623",85,2005,11,121.822623796
"6624",85,2005,12,55.785848313
"6625",85,2006,1,49.7607914741
"6626",85,2006,2,9.96013745
"6627",85,2006,3,43.18720786
"6628",85,2006,4,226.1301153
"6629",85,2006,5,283.15234005
"6630",85,2006,6,635.93203929
"6631",85,2006,7,497.29572973
"6632",85,2006,8,368.17726067
"6633",85,2006,9,134.423275674
"6634",85,2006,10,130.4309044933
"6635",85,2006,11,21.24618833
"6636",85,2006,12,101.15911350969
"6637",85,2007,1,29.722708
"6638",85,2007,2,42.2856136
"6639",85,2007,3,32.872613521
"6640",85,2007,4,186.7127307688
"6641",85,2007,5,121.82709977
"6642",85,2007,6,216.21100544
"6643",85,2007,7,275.257408935
"6644",85,2007,8,206.62345110014
"6645",85,2007,9,143.7546707279
"6646",85,2007,10,65.9066172895
"6647",85,2007,11,18.318212994
"6648",85,2007,12,27.4416919
"6649",85,2008,1,12.4686367012
"6650",85,2008,2,26.1293895685833
"6651",85,2008,3,16.14581085
"6652",85,2008,4,88.0926478
"6653",85,2008,5,547.4751932
"6654",85,2008,6,215.115156097
"6655",85,2008,7,551.9091881
"6656",85,2008,8,512.695335252
"6657",85,2008,9,65.98203045732
"6658",85,2008,10,41.5114967385
"6659",85,2008,11,35.9596228
"6660",85,2008,12,16.72791513
"6661",85,2009,1,13.0080183
"6662",85,2009,2,30.92090708
"6663",85,2009,3,17.509096839
"6664",85,2009,4,56.074010783
"6665",85,2009,5,351.1100555
"6666",85,2009,6,410.724413673
"6667",85,2009,7,220.1258859
"6668",85,2009,8,489.1201396
"6669",85,2009,9,129.2659236
"6670",85,2009,10,185.690048369
"6671",85,2009,11,92.07097187907
"6672",85,2009,12,24.1857716379
"6673",85,2010,1,17.037044
"6674",85,2010,2,115.87953488
"6675",85,2010,3,20.1593548322
"6676",85,2010,4,12.2489837
"6677",85,2010,5,84.53847135
"6678",85,2010,6,448.8501138
"6679",85,2010,7,391.053918298
"6680",85,2010,8,355.35502447
"6681",85,2010,9,45.161640531083
"6682",85,2010,10,85.3861806188
"6683",85,2010,11,74.883812489034
"6684",85,2010,12,50.887677325
"6685",85,2011,1,38.05889014
"6686",85,2011,2,28.11732547
"6687",85,2011,3,59.068344947
"6688",85,2011,4,139.8962466
"6689",85,2011,5,86.50269267
"6690",85,2011,6,325.51948544
"6691",85,2011,7,263.093613403
"6692",85,2011,8,420.45532287
"6693",85,2011,9,158.198033384
"6694",85,2011,10,45.95668179
"6695",85,2011,11,51.630492201
"6696",85,2011,12,6.882902627
"6697",85,2012,1,57.681916381
"6698",85,2012,2,106.87668155019
"6699",85,2012,3,41.641164546
"6700",85,2012,4,16.82979086
"6701",85,2012,5,354.7941374
"6702",85,2012,6,396.257282771504
"6703",85,2012,7,86.492293872
"6704",85,2012,8,282.22361781
"6705",85,2012,9,58.351144451
"6706",85,2012,10,60.2022921
"6707",85,2012,11,33.78688383
"6708",85,2012,12,244.26299552
"6709",85,2013,1,6.84377135442
"6710",85,2013,2,60.1633540021
"6711",85,2013,3,12.50142169
"6712",85,2013,4,61.6813876895
"6713",85,2013,5,358.55236962
"6714",85,2013,6,199.0229529
"6715",85,2013,7,222.39740984
"6716",85,2013,8,225.64361503976
"6717",85,2013,9,168.93165259301
"6718",85,2013,10,47.434981151
"6719",85,2013,11,48.445652274
"6720",85,2013,12,7.030449529
"6721",85,2014,1,49.6358392
"6722",85,2014,2,19.523069462
"6723",85,2014,3,69.3822693
"6724",85,2014,4,105.194129983
"6725",85,2014,5,250.1597839
"6726",85,2014,6,464.1288966546
"6727",85,2014,7,480.861223388
"6728",85,2014,8,273.24432078
"6729",85,2014,9,275.262628945
"6730",85,2014,10,53.8041357163
"6731",85,2014,11,7.60716265728
"6732",85,2014,12,21.1482047087
"6733",87,2004,1,3.97671436
"6734",87,2004,2,40.2539224666667
"6735",87,2004,3,97.8601277193333
"6736",87,2004,4,238.820294643667
"6737",87,2004,5,53.4398979533333
"6738",87,2004,6,449.466068366667
"6739",87,2004,7,361.9310180305
"6740",87,2004,8,179.1288234947
"6741",87,2004,9,124.505080276667
"6742",87,2004,10,168.0086649808
"6743",87,2004,11,115.056613169273
"6744",87,2004,12,20.1810316003333
"6745",87,2005,1,14.3427909996667
"6746",87,2005,2,0
"6747",87,2005,3,62.64268691943
"6748",87,2005,4,39.5742826850363
"6749",87,2005,5,620.731524103333
"6750",87,2005,6,446.591025366667
"6751",87,2005,7,317.158260333333
"6752",87,2005,8,301.00480638
"6753",87,2005,9,94.2894268966667
"6754",87,2005,10,66.3722292666667
"6755",87,2005,11,127.864052773333
"6756",87,2005,12,52.161833529
"6757",87,2006,1,52.7725031389333
"6758",87,2006,2,9.731006743
"6759",87,2006,3,47.9396433548667
"6760",87,2006,4,200.435845118
"6761",87,2006,5,256.566319266667
"6762",87,2006,6,552.693939625333
"6763",87,2006,7,445.959370481
"6764",87,2006,8,321.2364168
"6765",87,2006,9,132.884452861333
"6766",87,2006,10,127.060439521667
"6767",87,2006,11,23.9599985033
"6768",87,2006,12,98.3641915113883
"6769",87,2007,1,30.0458933333333
"6770",87,2007,2,37.06480913
"6771",87,2007,3,38.31446319
"6772",87,2007,4,165.37771046
"6773",87,2007,5,114.101252333333
"6774",87,2007,6,207.630540866667
"6775",87,2007,7,272.279607050333
"6776",87,2007,8,197.304102262667
"6777",87,2007,9,134.282882582807
"6778",87,2007,10,65.6227968157333
"6779",87,2007,11,19.649491188
"6780",87,2007,12,32.3219852
"6781",87,2008,1,13.0269789966667
"6782",87,2008,2,25.0208671506667
"6783",87,2008,3,15.4978783196667
"6784",87,2008,4,81.2235840666667
"6785",87,2008,5,466.089908539333
"6786",87,2008,6,205.355653063333
"6787",87,2008,7,503.2099386
"6788",87,2008,8,475.054157482333
"6789",87,2008,9,59.7041390054333
"6790",87,2008,10,41.1104484670333
"6791",87,2008,11,38.0104927333333
"6792",87,2008,12,15.2305197403923
"6793",87,2009,1,15.7296977
"6794",87,2009,2,32.8771436433333
"6795",87,2009,3,19.342116886
"6796",87,2009,4,59.8986827347
"6797",87,2009,5,319.102385013333
"6798",87,2009,6,338.1368906883
"6799",87,2009,7,203.514147733333
"6800",87,2009,8,443.532985113333
"6801",87,2009,9,117.406520566667
"6802",87,2009,10,178.047616300333
"6803",87,2009,11,94.709995961
"6804",87,2009,12,28.606216263
"6805",87,2010,1,18.5295535
"6806",87,2010,2,107.804143304063
"6807",87,2010,3,23.9315945251
"6808",87,2010,4,15.2487522
"6809",87,2010,5,81.3132518106667
"6810",87,2010,6,405.3148243
"6811",87,2010,7,352.777759216267
"6812",87,2010,8,324.666647854
"6813",87,2010,9,44.4304485605233
"6814",87,2010,10,84.7509574883333
"6815",87,2010,11,76.0132331526333
"6816",87,2010,12,51.5639821667333
"6817",87,2011,1,40.0898896651
"6818",87,2011,2,27.1009581003567
"6819",87,2011,3,55.344081315
"6820",87,2011,4,126.4187586
"6821",87,2011,5,88.33592763
"6822",87,2011,6,306.817840969
"6823",87,2011,7,240.847494933333
"6824",87,2011,8,375.140066683333
"6825",87,2011,9,151.705207613333
"6826",87,2011,10,47.0928506908
"6827",87,2011,11,48.37481949344
"6828",87,2011,12,8.12656207
"6829",87,2012,1,55.0522358758
"6830",87,2012,2,95.7841210936267
"6831",87,2012,3,46.163865561
"6832",87,2012,4,17.56326523776
"6833",87,2012,5,317.4420043
"6834",87,2012,6,359.830668236047
"6835",87,2012,7,93.6267960308333
"6836",87,2012,8,256.866104738567
"6837",87,2012,9,56.2761534794333
"6838",87,2012,10,57.278297166
"6839",87,2012,11,34.1687698406667
"6840",87,2012,12,250.203137383333
"6841",87,2013,1,9.4867614
"6842",87,2013,2,59.1912314699
"6843",87,2013,3,13.867516213
"6844",87,2013,4,65.462671078
"6845",87,2013,5,323.25590524
"6846",87,2013,6,183.152363056033
"6847",87,2013,7,200.756306966667
"6848",87,2013,8,220.67440423282
"6849",87,2013,9,156.798092131
"6850",87,2013,10,44.0988963343333
"6851",87,2013,11,55.5703513436933
"6852",87,2013,12,7.90466486666667
"6853",87,2014,1,53.0761826
"6854",87,2014,2,19.5657765777067
"6855",87,2014,3,64.84053632
"6856",87,2014,4,91.9926988764833
"6857",87,2014,5,251.23449692
"6858",87,2014,6,424.467545853727
"6859",87,2014,7,439.6815496726
"6860",87,2014,8,250.024291201667
"6861",87,2014,9,254.858326578493
"6862",87,2014,10,50.9340519399133
"6863",87,2014,11,10.7255738231
"6864",87,2014,12,21.9551616513333
"6865",88,2004,1,7.22659128371429
"6866",88,2004,2,38.4619227571429
"6867",88,2004,3,71.0417713035714
"6868",88,2004,4,197.23622938
"6869",88,2004,5,40.0670351715714
"6870",88,2004,6,387.093224585714
"6871",88,2004,7,314.785527719057
"6872",88,2004,8,145.598459736429
"6873",88,2004,9,114.327081033514
"6874",88,2004,10,159.112490622857
"6875",88,2004,11,119.247085088857
"6876",88,2004,12,28.0166089814286
"6877",88,2005,1,17.7948393974286
"6878",88,2005,2,0
"6879",88,2005,3,52.9980215624729
"6880",88,2005,4,37.9807470571429
"6881",88,2005,5,540.919892190714
"6882",88,2005,6,386.239176725714
"6883",88,2005,7,284.344512285714
"6884",88,2005,8,269.144852860043
"6885",88,2005,9,88.3146320369714
"6886",88,2005,10,67.5218873857143
"6887",88,2005,11,119.044508937286
"6888",88,2005,12,47.8603782971429
"6889",88,2006,1,54.7937302313429
"6890",88,2006,2,17.1027768028571
"6891",88,2006,3,47.9143485628571
"6892",88,2006,4,160.484122907686
"6893",88,2006,5,219.623713742857
"6894",88,2006,6,468.246059291957
"6895",88,2006,7,390.555471839571
"6896",88,2006,8,277.232001748029
"6897",88,2006,9,122.098679698857
"6898",88,2006,10,124.767276021729
"6899",88,2006,11,25.9166287097571
"6900",88,2006,12,92.5533136836571
"6901",88,2007,1,26.7824754285714
"6902",88,2007,2,36.8932029055714
"6903",88,2007,3,31.3295572985714
"6904",88,2007,4,145.205136881357
"6905",88,2007,5,113.164982441857
"6906",88,2007,6,188.103407964857
"6907",88,2007,7,247.701194873
"6908",88,2007,8,174.542170032394
"6909",88,2007,9,118.226552629571
"6910",88,2007,10,70.6910919663
"6911",88,2007,11,20.5403324461429
"6912",88,2007,12,34.5214098042857
"6913",88,2008,1,14.9925532664686
"6914",88,2008,2,19.4708801556429
"6915",88,2008,3,16.6119420334071
"6916",88,2008,4,78.0673856714286
"6917",88,2008,5,351.222131857143
"6918",88,2008,6,190.4494903
"6919",88,2008,7,418.159553378571
"6920",88,2008,8,410.675110773549
"6921",88,2008,9,56.7337989185714
"6922",88,2008,10,45.5945455012143
"6923",88,2008,11,37.2665244771429
"6924",88,2008,12,20.3096001557143
"6925",88,2009,1,19.0027048177571
"6926",88,2009,2,35.6729457714286
"6927",88,2009,3,14.0552901851714
"6928",88,2009,4,56.3564232395714
"6929",88,2009,5,276.81477314
"6930",88,2009,6,288.861750394571
"6931",88,2009,7,179.325887909833
"6932",88,2009,8,383.070231804879
"6933",88,2009,9,97.5698521142857
"6934",88,2009,10,162.2319838509
"6935",88,2009,11,106.075741601129
"6936",88,2009,12,34.8925609922857
"6937",88,2010,1,20.9543559228571
"6938",88,2010,2,88.1509308250286
"6939",88,2010,3,26.2842177988286
"6940",88,2010,4,14.5270275857143
"6941",88,2010,5,78.3455845118571
"6942",88,2010,6,325.486236016914
"6943",88,2010,7,311.690470054843
"6944",88,2010,8,284.137981918571
"6945",88,2010,9,40.602283686
"6946",88,2010,10,82.4802902694286
"6947",88,2010,11,73.7125346181
"6948",88,2010,12,55.1973475550077
"6949",88,2011,1,43.8881015797571
"6950",88,2011,2,29.8996667757143
"6951",88,2011,3,58.3663583613243
"6952",88,2011,4,118.4409031
"6953",88,2011,5,87.4065550357143
"6954",88,2011,6,266.219325793571
"6955",88,2011,7,200.831765825429
"6956",88,2011,8,329.52798968
"6957",88,2011,9,144.338803178286
"6958",88,2011,10,49.3169773384
"6959",88,2011,11,47.3673990231143
"6960",88,2011,12,10.19079644
"6961",88,2012,1,56.9568509067143
"6962",88,2012,2,85.7400060328571
"6963",88,2012,3,47.8248349628571
"6964",88,2012,4,14.9762793948114
"6965",88,2012,5,260.1569943
"6966",88,2012,6,318.817850314214
"6967",88,2012,7,92.2821810330143
"6968",88,2012,8,215.573123066857
"6969",88,2012,9,59.4789844238571
"6970",88,2012,10,61.552669898
"6971",88,2012,11,37.9865608271429
"6972",88,2012,12,222.920298243386
"6973",88,2013,1,10.9237980072929
"6974",88,2013,2,47.8072461596143
"6975",88,2013,3,17.7455756046086
"6976",88,2013,4,68.5321238142857
"6977",88,2013,5,277.957340858914
"6978",88,2013,6,156.11246907
"6979",88,2013,7,175.429488785714
"6980",88,2013,8,189.624686092671
"6981",88,2013,9,138.816703149486
"6982",88,2013,10,38.3296790898629
"6983",88,2013,11,60.1655890067143
"6984",88,2013,12,7.40060235885714
"6985",88,2014,1,52.9583155285714
"6986",88,2014,2,19.9667649442857
"6987",88,2014,3,67.5143212847714
"6988",88,2014,4,78.2591700583857
"6989",88,2014,5,230.492716521143
"6990",88,2014,6,361.336036508571
"6991",88,2014,7,364.862474386286
"6992",88,2014,8,229.859091649286
"6993",88,2014,9,217.342427031143
"6994",88,2014,10,60.3676600977429
"6995",88,2014,11,16.9089393470714
"6996",88,2014,12,24.9466912237143
"6997",89,2004,1,5.67648019
"6998",89,2004,2,39.98040738
"6999",89,2004,3,53.009527759
"7000",89,2004,4,178.1479823
"7001",89,2004,5,30.8618874255
"7002",89,2004,6,336.8563167
"7003",89,2004,7,262.67305722
"7004",89,2004,8,112.152470736
"7005",89,2004,9,93.280417329
"7006",89,2004,10,147.69982662231
"7007",89,2004,11,86.342158576
"7008",89,2004,12,26.080166054
"7009",89,2005,1,17.45958564
"7010",89,2005,2,0
"7011",89,2005,3,43.49241578
"7012",89,2005,4,34.913894654
"7013",89,2005,5,444.758447698
"7014",89,2005,6,328.9504703
"7015",89,2005,7,213.5381312
"7016",89,2005,8,221.785827524
"7017",89,2005,9,81.77738146
"7018",89,2005,10,53.0218665
"7019",89,2005,11,96.4614854
"7020",89,2005,12,38.403608071
"7021",89,2006,1,48.6953234609
"7022",89,2006,2,21.396385366
"7023",89,2006,3,49.13206597
"7024",89,2006,4,146.19033733
"7025",89,2006,5,156.4175539
"7026",89,2006,6,399.71355398
"7027",89,2006,7,306.449625983
"7028",89,2006,8,225.9027803
"7029",89,2006,9,104.910236800464
"7030",89,2006,10,111.150176939
"7031",89,2006,11,21.875876233
"7032",89,2006,12,74.85257109
"7033",89,2007,1,29.356987
"7034",89,2007,2,36.80186738
"7035",89,2007,3,16.07263937
"7036",89,2007,4,125.102943075
"7037",89,2007,5,87.516495912
"7038",89,2007,6,183.08526483
"7039",89,2007,7,246.13603786
"7040",89,2007,8,158.9437387
"7041",89,2007,9,85.91200316
"7042",89,2007,10,64.11022167
"7043",89,2007,11,13.120918632
"7044",89,2007,12,31.262244184
"7045",89,2008,1,14.7860214912
"7046",89,2008,2,15.656193775724
"7047",89,2008,3,13.87167047
"7048",89,2008,4,76.711286146
"7049",89,2008,5,268.04154342
"7050",89,2008,6,165.386021392324
"7051",89,2008,7,348.3386373738
"7052",89,2008,8,363.15257183357
"7053",89,2008,9,40.7031129
"7054",89,2008,10,40.4932956
"7055",89,2008,11,29.903396591
"7056",89,2008,12,18.1218738528
"7057",89,2009,1,14.339294819
"7058",89,2009,2,24.78183628763
"7059",89,2009,3,15.4157483402
"7060",89,2009,4,56.086072267
"7061",89,2009,5,232.4924791
"7062",89,2009,6,233.18902373
"7063",89,2009,7,151.8531173
"7064",89,2009,8,306.56287773
"7065",89,2009,9,77.379718427
"7066",89,2009,10,131.753813055
"7067",89,2009,11,93.223804292
"7068",89,2009,12,28.17338194
"7069",89,2010,1,20.597324942
"7070",89,2010,2,74.093247068
"7071",89,2010,3,30.7124132886
"7072",89,2010,4,13.211950486
"7073",89,2010,5,73.2506228
"7074",89,2010,6,283.8964727945
"7075",89,2010,7,276.89869463
"7076",89,2010,8,223.429073819
"7077",89,2010,9,32.214412
"7078",89,2010,10,79.10083024
"7079",89,2010,11,56.3227213
"7080",89,2010,12,48.85802191
"7081",89,2011,1,40.64488718
"7082",89,2011,2,22.30066376
"7083",89,2011,3,57.93690949
"7084",89,2011,4,116.0558454
"7085",89,2011,5,97.3281156
"7086",89,2011,6,235.886694
"7087",89,2011,7,172.28910543
"7088",89,2011,8,255.85441968
"7089",89,2011,9,126.11469184
"7090",89,2011,10,42.736026086
"7091",89,2011,11,44.079773164
"7092",89,2011,12,6.855030915
"7093",89,2012,1,33.206550174
"7094",89,2012,2,76.572524941
"7095",89,2012,3,46.82023
"7096",89,2012,4,17.80098292
"7097",89,2012,5,199.8233422
"7098",89,2012,6,281.1533748
"7099",89,2012,7,98.579002908618
"7100",89,2012,8,161.422800904
"7101",89,2012,9,61.721347013
"7102",89,2012,10,44.096354385
"7103",89,2012,11,32.26448239
"7104",89,2012,12,201.410809906
"7105",89,2013,1,10.621101
"7106",89,2013,2,43.51021421
"7107",89,2013,3,17.10179795
"7108",89,2013,4,65.5264705
"7109",89,2013,5,213.8169626
"7110",89,2013,6,141.564319688
"7111",89,2013,7,137.51630917
"7112",89,2013,8,158.326541116
"7113",89,2013,9,119.27362425
"7114",89,2013,10,31.28686615
"7115",89,2013,11,53.2715782
"7116",89,2013,12,4.5431216
"7117",89,2014,1,44.693646386
"7118",89,2014,2,18.62728035
"7119",89,2014,3,70.19030324
"7120",89,2014,4,65.07092950305
"7121",89,2014,5,180.66990753
"7122",89,2014,6,334.14479787
"7123",89,2014,7,300.4169345503
"7124",89,2014,8,168.3389395088
"7125",89,2014,9,166.81593989
"7126",89,2014,10,53.7628659442
"7127",89,2014,11,14.1825686
"7128",89,2014,12,22.89359991
"7129",91,2004,1,8.14954381350405
"7130",91,2004,2,35.782730858325
"7131",91,2004,3,94.765504646031
"7132",91,2004,4,282.701001626295
"7133",91,2004,5,26.918389487951
"7134",91,2004,6,418.150521182168
"7135",91,2004,7,324.035820640685
"7136",91,2004,8,138.525230952145
"7137",91,2004,9,133.488295846928
"7138",91,2004,10,202.30017986375
"7139",91,2004,11,138.16340431602
"7140",91,2004,12,58.2746008793455
"7141",91,2005,1,38.91789022565
"7142",91,2005,2,1.3328781731
"7143",91,2005,3,81.0946078764405
"7144",91,2005,4,52.0779908663809
"7145",91,2005,5,541.217104097023
"7146",91,2005,6,413.89813672485
"7147",91,2005,7,252.252058125
"7148",91,2005,8,304.448750438443
"7149",91,2005,9,81.750238735475
"7150",91,2005,10,52.03733576861
"7151",91,2005,11,204.87125476276
"7152",91,2005,12,63.152090045849
"7153",91,2006,1,94.7591730950875
"7154",91,2006,2,32.8637829725442
"7155",91,2006,3,78.3944864601944
"7156",91,2006,4,183.486265679096
"7157",91,2006,5,189.69039914845
"7158",91,2006,6,453.97665873655
"7159",91,2006,7,395.1838310789
"7160",91,2006,8,273.261784317788
"7161",91,2006,9,158.90423653477
"7162",91,2006,10,184.401868824349
"7163",91,2006,11,46.7020866185
"7164",91,2006,12,120.61993938285
"7165",91,2007,1,35.58699918545
"7166",91,2007,2,57.6194619019
"7167",91,2007,3,30.9046108279835
"7168",91,2007,4,167.8934246031
"7169",91,2007,5,116.065959782465
"7170",91,2007,6,235.504174368486
"7171",91,2007,7,321.15943651548
"7172",91,2007,8,184.05109272677
"7173",91,2007,9,99.3290394647667
"7174",91,2007,10,108.221941200111
"7175",91,2007,11,33.1389145109935
"7176",91,2007,12,52.738256205035
"7177",91,2008,1,39.610270831804
"7178",91,2008,2,50.351681916895
"7179",91,2008,3,35.5289771595279
"7180",91,2008,4,100.506315740756
"7181",91,2008,5,355.1292733041
"7182",91,2008,6,207.986615623407
"7183",91,2008,7,364.946924017705
"7184",91,2008,8,438.083001988617
"7185",91,2008,9,71.7793201451485
"7186",91,2008,10,59.7889583631815
"7187",91,2008,11,65.952636119902
"7188",91,2008,12,27.0741121607375
"7189",91,2009,1,18.542581477971
"7190",91,2009,2,57.890179202045
"7191",91,2009,3,32.8894263597705
"7192",91,2009,4,97.4473439651116
"7193",91,2009,5,352.608826997836
"7194",91,2009,6,282.20144509228
"7195",91,2009,7,178.406361944245
"7196",91,2009,8,407.3707752965
"7197",91,2009,9,114.818703076156
"7198",91,2009,10,242.560327836085
"7199",91,2009,11,167.531423684208
"7200",91,2009,12,71.9066891162003
"7201",91,2010,1,31.9646225755999
"7202",91,2010,2,94.9713184614308
"7203",91,2010,3,65.4261619786127
"7204",91,2010,4,38.53554475105
"7205",91,2010,5,99.7706649354718
"7206",91,2010,6,348.785230290168
"7207",91,2010,7,308.134672278155
"7208",91,2010,8,266.868892721579
"7209",91,2010,9,53.95916743251
"7210",91,2010,10,116.010387119825
"7211",91,2010,11,94.416974250425
"7212",91,2010,12,96.65321911315
"7213",91,2011,1,78.156177175203
"7214",91,2011,2,55.5883122555642
"7215",91,2011,3,88.081457576456
"7216",91,2011,4,166.450721934869
"7217",91,2011,5,94.78777866795
"7218",91,2011,6,283.17420640423
"7219",91,2011,7,213.1347026605
"7220",91,2011,8,327.5171917195
"7221",91,2011,9,181.612327324995
"7222",91,2011,10,48.718127084481
"7223",91,2011,11,72.5087846749528
"7224",91,2011,12,8.0576640226105
"7225",91,2012,1,79.9490158226545
"7226",91,2012,2,154.412189226049
"7227",91,2012,3,55.552391475635
"7228",91,2012,4,57.4775959607525
"7229",91,2012,5,275.49399078096
"7230",91,2012,6,375.554978698535
"7231",91,2012,7,126.228109042641
"7232",91,2012,8,159.555984255005
"7233",91,2012,9,91.957572442444
"7234",91,2012,10,86.3778001467936
"7235",91,2012,11,47.697852110895
"7236",91,2012,12,252.874817095241
"7237",91,2013,1,24.89862841196
"7238",91,2013,2,85.1349213624365
"7239",91,2013,3,38.372303693857
"7240",91,2013,4,88.3586312297066
"7241",91,2013,5,294.07308695332
"7242",91,2013,6,200.18553664062
"7243",91,2013,7,193.467964311475
"7244",91,2013,8,243.61781080711
"7245",91,2013,9,166.786940503227
"7246",91,2013,10,60.199340343345
"7247",91,2013,11,68.57230443555
"7248",91,2013,12,12.4281891362275
"7249",91,2014,1,92.7044746159705
"7250",91,2014,2,41.5622131337239
"7251",91,2014,3,125.000118438905
"7252",91,2014,4,116.922142333428
"7253",91,2014,5,253.387260673819
"7254",91,2014,6,373.35527901556
"7255",91,2014,7,349.743118102411
"7256",91,2014,8,207.6873691525
"7257",91,2014,9,264.29949800164
"7258",91,2014,10,95.096631113951
"7259",91,2014,11,38.70706010736
"7260",91,2014,12,39.23805834736
"7261",94,2004,1,11.4297442566954
"7262",94,2004,2,44.8051129466654
"7263",94,2004,3,122.817350003657
"7264",94,2004,4,396.170643843231
"7265",94,2004,5,28.3502584893485
"7266",94,2004,6,578.094341861008
"7267",94,2004,7,390.975641010177
"7268",94,2004,8,174.844873914048
"7269",94,2004,9,199.284285521439
"7270",94,2004,10,272.895221023059
"7271",94,2004,11,142.582628289109
"7272",94,2004,12,79.5536420254115
"7273",94,2005,1,57.7167756313508
"7274",94,2005,2,4.53075453083462
"7275",94,2005,3,105.641014453177
"7276",94,2005,4,74.8044095739754
"7277",94,2005,5,709.874124614154
"7278",94,2005,6,531.651757193105
"7279",94,2005,7,294.909277224608
"7280",94,2005,8,396.583639962911
"7281",94,2005,9,103.625868046587
"7282",94,2005,10,69.0687741360308
"7283",94,2005,11,318.690533513777
"7284",94,2005,12,88.0603187922308
"7285",94,2006,1,141.838786283994
"7286",94,2006,2,52.5429973457462
"7287",94,2006,3,115.504128251946
"7288",94,2006,4,240.0424360383
"7289",94,2006,5,235.078647130769
"7290",94,2006,6,588.753401818691
"7291",94,2006,7,527.978774740475
"7292",94,2006,8,335.087456300163
"7293",94,2006,9,214.348373507748
"7294",94,2006,10,224.899145876038
"7295",94,2006,11,79.8864796145769
"7296",94,2006,12,186.773132454139
"7297",94,2007,1,41.0857497871661
"7298",94,2007,2,67.9822320162838
"7299",94,2007,3,50.0350114734615
"7300",94,2007,4,216.23544833078
"7301",94,2007,5,135.155525152231
"7302",94,2007,6,318.237381752966
"7303",94,2007,7,424.588581217846
"7304",94,2007,8,224.044890703796
"7305",94,2007,9,130.951421380177
"7306",94,2007,10,177.126918895031
"7307",94,2007,11,59.1891823744123
"7308",94,2007,12,69.8959070816154
"7309",94,2008,1,61.0868236391
"7310",94,2008,2,49.4365377468046
"7311",94,2008,3,57.4006738530308
"7312",94,2008,4,142.039704559267
"7313",94,2008,5,434.9040511286
"7314",94,2008,6,248.877615398675
"7315",94,2008,7,457.888684230383
"7316",94,2008,8,625.445610814486
"7317",94,2008,9,75.9688463717006
"7318",94,2008,10,81.6557803957692
"7319",94,2008,11,107.348223769708
"7320",94,2008,12,36.3171319795885
"7321",94,2009,1,28.9976498832254
"7322",94,2009,2,66.5793279737154
"7323",94,2009,3,60.5558972496154
"7324",94,2009,4,155.113061016669
"7325",94,2009,5,513.479256920362
"7326",94,2009,6,327.553948722146
"7327",94,2009,7,217.327670505405
"7328",94,2009,8,583.56122239087
"7329",94,2009,9,139.034220333059
"7330",94,2009,10,349.349512243185
"7331",94,2009,11,249.009567247297
"7332",94,2009,12,130.309139527445
"7333",94,2010,1,49.3792630796308
"7334",94,2010,2,124.821333789495
"7335",94,2010,3,101.265670998238
"7336",94,2010,4,71.7887389255923
"7337",94,2010,5,133.076629064154
"7338",94,2010,6,454.629401325077
"7339",94,2010,7,344.729095635997
"7340",94,2010,8,348.825286232369
"7341",94,2010,9,71.8856858144731
"7342",94,2010,10,154.716493929254
"7343",94,2010,11,131.489816243831
"7344",94,2010,12,131.825350838869
"7345",94,2011,1,113.708936206266
"7346",94,2011,2,61.0821793006954
"7347",94,2011,3,126.523257019223
"7348",94,2011,4,220.710794139134
"7349",94,2011,5,145.192311518325
"7350",94,2011,6,342.091115081823
"7351",94,2011,7,290.034699741846
"7352",94,2011,8,383.667794731554
"7353",94,2011,9,266.455520030645
"7354",94,2011,10,56.4644699427254
"7355",94,2011,11,102.659308364168
"7356",94,2011,12,24.9493488509
"7357",94,2012,1,121.453799747941
"7358",94,2012,2,187.973929263614
"7359",94,2012,3,70.8548116285059
"7360",94,2012,4,86.5524715573846
"7361",94,2012,5,346.841149107677
"7362",94,2012,6,502.259771569615
"7363",94,2012,7,189.627579782026
"7364",94,2012,8,204.260631665965
"7365",94,2012,9,130.260600887434
"7366",94,2012,10,95.6777029954346
"7367",94,2012,11,46.4115298599358
"7368",94,2012,12,347.387580201004
"7369",94,2013,1,32.0881218548154
"7370",94,2013,2,132.651135938715
"7371",94,2013,3,54.5549354570769
"7372",94,2013,4,125.728668172435
"7373",94,2013,5,385.615753592688
"7374",94,2013,6,283.257537486764
"7375",94,2013,7,249.379671860865
"7376",94,2013,8,339.129264528538
"7377",94,2013,9,233.016422283222
"7378",94,2013,10,79.6144953685669
"7379",94,2013,11,113.929679414385
"7380",94,2013,12,24.4052325453077
"7381",94,2014,1,163.389743598731
"7382",94,2014,2,69.6184312216077
"7383",94,2014,3,179.346044141669
"7384",94,2014,4,149.143776008338
"7385",94,2014,5,332.950732508538
"7386",94,2014,6,432.230850662469
"7387",94,2014,7,419.48603624456
"7388",94,2014,8,261.851505379377
"7389",94,2014,9,328.674657615385
"7390",94,2014,10,141.351025017469
"7391",94,2014,11,68.9745371752308
"7392",94,2014,12,57.4507798125331
